Date,Workout Name,Duration,Exercise Name,Set Order,Weight,Reps,Distance,Seconds,Notes,Workout Notes,RPE
2023-05-22 21:28:55,"#1 SArms💪🏾",1h 32m,"Reverse Curl (Ez Bar)",W,30.0,8.0,0,0.0," Triple Drop-set AMRAP","",
2023-05-22 21:28:55,"#1 SArms💪🏾",1h 32m,"Reverse Curl (Ez Bar)",D,50.0,11.0,0,0.0,,,10
2023-05-22 21:28:55,"#1 SArms💪🏾",1h 32m,"Reverse Curl (Ez Bar)",D,40.0,9.0,0,0.0,,,10
2023-05-22 21:28:55,"#1 SArms💪🏾",1h 32m,"Reverse Curl (Ez Bar)",D,30.0,11.0,0,0.0,,,9
2023-05-22 21:28:55,"#1 SArms💪🏾",1h 32m,"Seated Overhead Press (Dumbbell)",W,45.0,5.0,0,0.0,"2x6-8, 3 mins",,
2023-05-22 21:28:55,"#1 SArms💪🏾",1h 32m,"Seated Overhead Press (Dumbbell)",W,50.0,5.0,0,0.0,,,
2023-05-22 21:28:55,"#1 SArms💪🏾",1h 32m,"Seated Overhead Press (Dumbbell)",1,60.0,8.0,0,0.0,,,8
2023-05-22 21:28:55,"#1 SArms💪🏾",1h 32m,"Seated Overhead Press (Dumbbell)",2,70.0,8.0,0,0.0,,,10
2023-05-22 21:28:55,"#1 SArms💪🏾",1h 32m,"Reverse Fly (Machine)",1,145.0,8.0,0,0.0,"2x6-8, 3 mins",,9
2023-05-22 21:28:55,"#1 SArms💪🏾",1h 32m,"Reverse Fly (Machine)",F,150.0,7.0,0,0.0,,,10
2023-05-22 21:28:55,"#1 SArms💪🏾",1h 32m,"Hammer Curl (Dumbbell)",1,35.0,8.0,0,0.0,"2x6-8, 3 mins",,9
2023-05-22 21:28:55,"#1 SArms💪🏾",1h 32m,"Hammer Curl (Dumbbell)",F,40.0,6.0,0,0.0,,,10
2023-05-22 21:28:55,"#1 SArms💪🏾",1h 32m,"Triceps Extension (Cable)",1,75.0,8.0,0,0.0,"2x6-8, 3 mins",,9
2023-05-22 21:28:55,"#1 SArms💪🏾",1h 32m,"Triceps Extension (Cable)",F,80.0,7.0,0,0.0,,,10
2023-05-22 21:28:55,"#1 SArms💪🏾",1h 32m,"Lateral Raise (Dumbbell)",1,25.0,8.0,0,0.0,"4x6-8, 2 mins",,8
2023-05-22 21:28:55,"#1 SArms💪🏾",1h 32m,"Lateral Raise (Dumbbell)",2,25.0,8.0,0,0.0,,,8
2023-05-22 21:28:55,"#1 SArms💪🏾",1h 32m,"Lateral Raise (Dumbbell)",3,30.0,8.0,0,0.0,,,9
2023-05-22 21:28:55,"#1 SArms💪🏾",1h 32m,"Lateral Raise (Dumbbell)",4,30.0,8.0,0,0.0,,,9
2023-05-22 21:28:55,"#1 SArms💪🏾",1h 32m,"Bicep Curl (Ez Bar)",1,70.0,8.0,0,0.0,"2x6-8, 3 mins",,10
2023-05-22 21:28:55,"#1 SArms💪🏾",1h 32m,"Bicep Curl (Ez Bar)",2,70.0,7.0,0,0.0,,,10
2023-05-22 21:28:55,"#1 SArms💪🏾",1h 32m,"Triceps Crossover Extension (Cable)",1,20.0,8.0,0,0.0,"2x6-8, 3 mins",,9
2023-05-22 21:28:55,"#1 SArms💪🏾",1h 32m,"Triceps Crossover Extension (Cable)",2,25.0,7.0,0,0.0,,,10
2023-05-22 21:28:55,"#1 SArms💪🏾",1h 32m,"Concentration Curl (Dumbbell)",1,25.0,8.0,0,0.0,"1x6-8",,9
2023-05-22 21:28:55,"#1 SArms💪🏾",1h 32m,"Concentration Curl (Dumbbell)",2,25.0,8.0,0,0.0,,,9
2023-05-24 21:45:01,"#2 Chest/Back (Width Biased) 💉",1h,"Lat Pulldown (Cable)",W,100.0,8.0,0,0.0,"2x6-8, 3 mins","",
2023-05-24 21:45:01,"#2 Chest/Back (Width Biased) 💉",1h,"Lat Pulldown (Cable)",1,140.0,8.0,0,0.0,,,9
2023-05-24 21:45:01,"#2 Chest/Back (Width Biased) 💉",1h,"Lat Pulldown (Cable)",2,150.0,8.0,0,0.0,,,10
2023-05-24 21:45:01,"#2 Chest/Back (Width Biased) 💉",1h,"Bench Press (Barbell)",W,45.0,10.0,0,0.0,"2x4-6, 3 mins",,
2023-05-24 21:45:01,"#2 Chest/Back (Width Biased) 💉",1h,"Bench Press (Barbell)",W,135.0,5.0,0,0.0,,,
2023-05-24 21:45:01,"#2 Chest/Back (Width Biased) 💉",1h,"Bench Press (Barbell)",W,155.0,3.0,0,0.0,,,
2023-05-24 21:45:01,"#2 Chest/Back (Width Biased) 💉",1h,"Bench Press (Barbell)",W,170.0,3.0,0,0.0,,,
2023-05-24 21:45:01,"#2 Chest/Back (Width Biased) 💉",1h,"Bench Press (Barbell)",1,190.0,6.0,0,0.0,,,9
2023-05-24 21:45:01,"#2 Chest/Back (Width Biased) 💉",1h,"Bench Press (Barbell)",F,200.0,4.0,0,0.0,,,10
2023-05-24 21:45:01,"#2 Chest/Back (Width Biased) 💉",1h,"T Bar Row",1,100.0,8.0,0,0.0,"2x6-8, 3 mins",,8
2023-05-24 21:45:01,"#2 Chest/Back (Width Biased) 💉",1h,"T Bar Row",2,110.0,8.0,0,0.0,,,9
2023-05-24 21:45:01,"#2 Chest/Back (Width Biased) 💉",1h,"Incline Bench Press (Dumbbell)",1,65.0,8.0,0,0.0,"2x6-8, 3 mins",,9
2023-05-24 21:45:01,"#2 Chest/Back (Width Biased) 💉",1h,"Incline Bench Press (Dumbbell)",F,70.0,7.0,0,0.0,,,10
2023-05-31 21:19:35,"#2 Chest/Back (Width Biased) 💉",1h 39m,"Lat Pulldown (Cable)",W,100.0,8.0,0,0.0,"2x6-8, 3 mins","",
2023-05-31 21:19:35,"#2 Chest/Back (Width Biased) 💉",1h 39m,"Lat Pulldown (Cable)",1,155.0,8.0,0,0.0,,,9
2023-05-31 21:19:35,"#2 Chest/Back (Width Biased) 💉",1h 39m,"Lat Pulldown (Cable)",F,160.0,7.0,0,0.0,,,10
2023-05-31 21:19:35,"#2 Chest/Back (Width Biased) 💉",1h 39m,"Bench Press (Barbell)",W,45.0,10.0,0,0.0,"2x6-8, 3 mins",,
2023-05-31 21:19:35,"#2 Chest/Back (Width Biased) 💉",1h 39m,"Bench Press (Barbell)",W,135.0,5.0,0,0.0,,,
2023-05-31 21:19:35,"#2 Chest/Back (Width Biased) 💉",1h 39m,"Bench Press (Barbell)",W,170.0,4.0,0,0.0,,,
2023-05-31 21:19:35,"#2 Chest/Back (Width Biased) 💉",1h 39m,"Bench Press (Barbell)",1,185.0,8.0,0,0.0,,,9
2023-05-31 21:19:35,"#2 Chest/Back (Width Biased) 💉",1h 39m,"Bench Press (Barbell)",2,190.0,8.0,0,0.0,,,9
2023-05-31 21:19:35,"#2 Chest/Back (Width Biased) 💉",1h 39m,"T Bar Row",1,115.0,8.0,0,0.0,"2x6-8, 3 mins",,10
2023-05-31 21:19:35,"#2 Chest/Back (Width Biased) 💉",1h 39m,"T Bar Row",2,120.0,7.0,0,0.0,,,10
2023-05-31 21:19:35,"#2 Chest/Back (Width Biased) 💉",1h 39m,"Incline Bench Press (Dumbbell)",1,70.0,8.0,0,0.0,"2x6-8, 3 mins",,10
2023-05-31 21:19:35,"#2 Chest/Back (Width Biased) 💉",1h 39m,"Incline Chest Fly (Cable)",1,25.0,8.0,0,0.0,"2x6-8, 3 mins",,8
2023-05-31 21:19:35,"#2 Chest/Back (Width Biased) 💉",1h 39m,"Incline Chest Fly (Cable)",2,35.0,8.0,0,0.0,,,9
2023-05-31 21:19:35,"#2 Chest/Back (Width Biased) 💉",1h 39m,"Lat Pullover (Cable)",1,65.0,8.0,0,0.0,"",,9
2023-05-31 21:19:35,"#2 Chest/Back (Width Biased) 💉",1h 39m,"Lat Pullover (Cable)",2,70.0,8.0,0,0.0,,,9
2023-05-31 21:19:35,"#2 Chest/Back (Width Biased) 💉",1h 39m,"Chest Fly",1,140.0,8.0,0,0.0,"2x6-8, 3 mins",,9
2023-05-31 21:19:35,"#2 Chest/Back (Width Biased) 💉",1h 39m,"Chest Fly",F,145.0,6.0,0,0.0,,,10
2023-05-31 21:19:35,"#2 Chest/Back (Width Biased) 💉",1h 39m,"Shrug (Smith Machine)",1,160.0,8.0,0,0.0,"2x6-8, 3 mins",,8
2023-05-31 21:19:35,"#2 Chest/Back (Width Biased) 💉",1h 39m,"Shrug (Smith Machine)",2,200.0,8.0,0,0.0,,,8
2023-06-11 21:13:03,"#1 Chest/Back (Thickness Biased)💉 ",1h 9m,"Lat Pulldown (Cable)",W,100.0,8.0,0,0.0,"2x6-8, 3 mins","",
2023-06-11 21:13:03,"#1 Chest/Back (Thickness Biased)💉 ",1h 9m,"Lat Pulldown (Cable)",1,160.0,8.0,0,0.0,,,10
2023-06-11 21:13:03,"#1 Chest/Back (Thickness Biased)💉 ",1h 9m,"Lat Pulldown (Cable)",F,165.0,6.0,0,0.0,,,10
2023-06-11 21:13:03,"#1 Chest/Back (Thickness Biased)💉 ",1h 9m,"Bench Press (Barbell)",W,45.0,10.0,0,0.0,"2x6-8, 3 mins",,
2023-06-11 21:13:03,"#1 Chest/Back (Thickness Biased)💉 ",1h 9m,"Bench Press (Barbell)",W,135.0,7.0,0,0.0,,,
2023-06-11 21:13:03,"#1 Chest/Back (Thickness Biased)💉 ",1h 9m,"Bench Press (Barbell)",W,170.0,4.0,0,0.0,,,
2023-06-11 21:13:03,"#1 Chest/Back (Thickness Biased)💉 ",1h 9m,"Bench Press (Barbell)",1,190.0,8.0,0,0.0,,,9
2023-06-11 21:13:03,"#1 Chest/Back (Thickness Biased)💉 ",1h 9m,"Bench Press (Barbell)",F,195.0,6.0,0,0.0,,,10
2023-06-11 21:13:03,"#1 Chest/Back (Thickness Biased)💉 ",1h 9m,"Incline Bench Press (Dumbbell)",1,75.0,3.0,0,0.0,"1x6-8",,10
2023-06-11 21:13:03,"#1 Chest/Back (Thickness Biased)💉 ",1h 9m,"Incline Chest Fly (Cable)",1,35.0,8.0,0,0.0,"2x6-8, 3 mins",,9
2023-06-11 21:13:03,"#1 Chest/Back (Thickness Biased)💉 ",1h 9m,"Incline Chest Fly (Cable)",2,40.0,7.0,0,0.0,,,10
2023-06-11 21:13:03,"#1 Chest/Back (Thickness Biased)💉 ",1h 9m,"Row (Smith Machine)",1,110.0,8.0,0,0.0,"2x6-8, 3 mins",,8
2023-06-11 21:13:03,"#1 Chest/Back (Thickness Biased)💉 ",1h 9m,"Row (Smith Machine)",2,140.0,8.0,0,0.0,,,8
2023-06-12 21:31:05,"#1 SArms💪🏾",144h,"Reverse Curl (Ez Bar)",D,50.0,9.0,0,0.0," Triple Drop-set AMRAP","",9
2023-06-12 21:31:05,"#1 SArms💪🏾",144h,"Reverse Curl (Ez Bar)",D,40.0,12.0,0,0.0,,,9
2023-06-12 21:31:05,"#1 SArms💪🏾",144h,"Reverse Curl (Ez Bar)",D,30.0,15.0,0,0.0,,,9
2023-06-12 21:31:05,"#1 SArms💪🏾",144h,"Seated Overhead Press (Dumbbell)",W,45.0,5.0,0,0.0,"2x6-8, 3 mins",,
2023-06-12 21:31:05,"#1 SArms💪🏾",144h,"Seated Overhead Press (Dumbbell)",W,45.0,5.0,0,0.0,,,
2023-06-12 21:31:05,"#1 SArms💪🏾",144h,"Seated Overhead Press (Dumbbell)",1,60.0,8.0,0,0.0,,,9
2023-06-12 21:31:05,"#1 SArms💪🏾",144h,"Seated Overhead Press (Dumbbell)",2,65.0,8.0,0,0.0,,,9
2023-06-12 21:31:05,"#1 SArms💪🏾",144h,"JM Press (Smith Machine)",1,110.0,8.0,0,0.0,"",,8
2023-06-12 21:31:05,"#1 SArms💪🏾",144h,"JM Press (Smith Machine)",2,130.0,8.0,0,0.0,,,8
2023-06-12 21:31:05,"#1 SArms💪🏾",144h,"Reverse Fly (Machine)",1,150.0,8.0,0,0.0,"2x6-8, 3 mins",,10
2023-06-12 21:31:05,"#1 SArms💪🏾",144h,"Reverse Fly (Machine)",F,155.0,7.0,0,0.0,,,10
2023-06-12 21:31:05,"#1 SArms💪🏾",144h,"Hammer Curl (Dumbbell)",F,40.0,6.0,0,0.0,"2x6-8, 3 mins",,10
2023-06-12 21:31:05,"#1 SArms💪🏾",144h,"Hammer Curl (Dumbbell)",F,40.0,6.0,0,0.0,,,10
2023-06-12 21:31:05,"#1 SArms💪🏾",144h,"Triceps Extension (Cable)",1,80.0,8.0,0,0.0,"2x6-8, 3 mins",,10
2023-06-12 21:31:05,"#1 SArms💪🏾",144h,"Lateral Raise (Dumbbell)",1,30.0,8.0,0,0.0,"4x6-8, 2 mins",,8
2023-06-12 21:31:05,"#1 SArms💪🏾",144h,"Lateral Raise (Dumbbell)",2,30.0,8.0,0,0.0,,,8
2023-06-12 21:31:05,"#1 SArms💪🏾",144h,"Bicep Curl (Ez Bar)",1,60.0,8.0,0,0.0,"2x6-8, 3 mins",,8
2023-06-12 21:31:05,"#1 SArms💪🏾",144h,"Bicep Curl (Ez Bar)",2,70.0,8.0,0,0.0,,,10
2023-06-18 21:32:07,"#1 Chest/Back (Thickness Biased)💉 ",47m,"Lat Pulldown (Cable)",W,100.0,8.0,0,0.0,"2x6-8, 3 mins","",
2023-06-18 21:32:07,"#1 Chest/Back (Thickness Biased)💉 ",47m,"Lat Pulldown (Cable)",F,165.0,7.0,0,0.0,,,10
2023-06-18 21:32:07,"#1 Chest/Back (Thickness Biased)💉 ",47m,"Lat Pulldown (Cable)",F,165.0,5.0,0,0.0,,,10
2023-06-18 21:32:07,"#1 Chest/Back (Thickness Biased)💉 ",47m,"Bench Press (Barbell)",W,45.0,10.0,0,0.0,"2x6-8, 3 mins",,
2023-06-18 21:32:07,"#1 Chest/Back (Thickness Biased)💉 ",47m,"Bench Press (Barbell)",W,135.0,5.0,0,0.0,,,
2023-06-18 21:32:07,"#1 Chest/Back (Thickness Biased)💉 ",47m,"Bench Press (Barbell)",W,170.0,4.0,0,0.0,,,
2023-06-18 21:32:07,"#1 Chest/Back (Thickness Biased)💉 ",47m,"Bench Press (Barbell)",F,195.0,6.0,0,0.0,,,10
2023-06-18 21:32:07,"#1 Chest/Back (Thickness Biased)💉 ",47m,"Bench Press (Barbell)",2,190.0,3.0,0,0.0,,,9
2023-06-18 21:32:07,"#1 Chest/Back (Thickness Biased)💉 ",47m,"T Bar Row",1,115.0,8.0,0,0.0,"2x6-8, 3 mins",,9
2023-06-18 21:32:07,"#1 Chest/Back (Thickness Biased)💉 ",47m,"T Bar Row",2,150.0,8.0,0,0.0,,,9
2023-06-18 21:32:07,"#1 Chest/Back (Thickness Biased)💉 ",47m,"Iso-Lateral Chest Press (Machine)",1,191.0,8.0,0,0.0,"",,10
2023-06-22 07:16:22,"#2 SArms💪🏾",1h 29m,"Reverse Curl (Ez Bar)",W,30.0,8.0,0,0.0," Triple Drop-set AMRAP","",
2023-06-22 07:16:22,"#2 SArms💪🏾",1h 29m,"Reverse Curl (Ez Bar)",D,50.0,7.0,0,0.0,,,10
2023-06-22 07:16:22,"#2 SArms💪🏾",1h 29m,"Reverse Curl (Ez Bar)",D,40.0,10.0,0,0.0,,,9
2023-06-22 07:16:22,"#2 SArms💪🏾",1h 29m,"Reverse Curl (Ez Bar)",D,30.0,10.0,0,0.0,,,9
2023-06-22 07:16:22,"#2 SArms💪🏾",1h 29m,"Seated Overhead Press (Dumbbell)",W,45.0,5.0,0,0.0,"2x6-8, 3 mins",,
2023-06-22 07:16:22,"#2 SArms💪🏾",1h 29m,"Seated Overhead Press (Dumbbell)",W,45.0,5.0,0,0.0,,,
2023-06-22 07:16:22,"#2 SArms💪🏾",1h 29m,"Seated Overhead Press (Dumbbell)",1,60.0,8.0,0,0.0,,,8
2023-06-22 07:16:22,"#2 SArms💪🏾",1h 29m,"Seated Overhead Press (Dumbbell)",2,65.0,8.0,0,0.0,,,9
2023-06-22 07:16:22,"#2 SArms💪🏾",1h 29m,"JM Press (Smith Machine)",1,110.0,8.0,0,0.0,"",,9
2023-06-22 07:16:22,"#2 SArms💪🏾",1h 29m,"JM Press (Smith Machine)",2,140.0,8.0,0,0.0,,,10
2023-06-22 07:16:22,"#2 SArms💪🏾",1h 29m,"Hammer Curl (Dumbbell)",1,40.0,8.0,0,0.0,"2x6-8, 3 mins",,10
2023-06-22 07:16:22,"#2 SArms💪🏾",1h 29m,"Hammer Curl (Dumbbell)",F,45.0,3.0,0,0.0,,,10
2023-06-22 07:16:22,"#2 SArms💪🏾",1h 29m,"Triceps Pushdown (Cable - V Bar)",1,85.0,8.0,0,0.0,"",,9
2023-06-22 07:16:22,"#2 SArms💪🏾",1h 29m,"Lateral Raise (Dumbbell)",1,30.0,8.0,0,0.0,"4x6-8, 2 mins",,9
2023-06-25 20:20:15,"#1 Chest/Back (Thickness Biased)💉 ",37m,"Lat Pulldown (Cable)",W,100.0,8.0,0,0.0,"2x6-8, 3 mins","",
2023-06-25 20:20:15,"#1 Chest/Back (Thickness Biased)💉 ",37m,"Lat Pulldown (Cable)",1,160.0,8.0,0,0.0,,,9
2023-06-25 20:20:15,"#1 Chest/Back (Thickness Biased)💉 ",37m,"Lat Pulldown (Cable)",2,168.0,8.0,0,0.0,,,10
2023-06-25 20:20:15,"#1 Chest/Back (Thickness Biased)💉 ",37m,"Bench Press (Barbell)",W,45.0,10.0,0,0.0,"2x6-8, 3 mins",,
2023-06-25 20:20:15,"#1 Chest/Back (Thickness Biased)💉 ",37m,"Bench Press (Barbell)",W,135.0,5.0,0,0.0,,,
2023-06-25 20:20:15,"#1 Chest/Back (Thickness Biased)💉 ",37m,"Bench Press (Barbell)",W,170.0,3.0,0,0.0,,,
2023-06-25 20:20:15,"#1 Chest/Back (Thickness Biased)💉 ",37m,"Bench Press (Barbell)",1,190.0,8.0,0,0.0,,,9
2023-06-25 20:20:15,"#1 Chest/Back (Thickness Biased)💉 ",37m,"Bench Press (Barbell)",F,195.0,4.0,0,0.0,,,10
2023-06-25 20:20:15,"#1 Chest/Back (Thickness Biased)💉 ",37m,"Incline Bench Press (Smith Machine)",1,110.0,8.0,0,0.0,"",,9
2023-06-28 07:30:41,"#2 Chest/Back (Width Biased) 💉",1h 13m,"Lat Pulldown (Cable)",W,100.0,8.0,0,0.0,"2x6-8, 3 mins","",
2023-06-28 07:30:41,"#2 Chest/Back (Width Biased) 💉",1h 13m,"Lat Pulldown (Cable)",1,165.0,8.0,0,0.0,,,10
2023-06-28 07:30:41,"#2 Chest/Back (Width Biased) 💉",1h 13m,"Lat Pulldown (Cable)",2,160.0,8.0,0,0.0,,,9
2023-06-28 07:30:41,"#2 Chest/Back (Width Biased) 💉",1h 13m,"Bench Press (Barbell)",W,45.0,10.0,0,0.0,"2x6-8, 3 mins",,
2023-06-28 07:30:41,"#2 Chest/Back (Width Biased) 💉",1h 13m,"Bench Press (Barbell)",W,135.0,5.0,0,0.0,,,
2023-06-28 07:30:41,"#2 Chest/Back (Width Biased) 💉",1h 13m,"Bench Press (Barbell)",W,170.0,3.0,0,0.0,,,
2023-06-28 07:30:41,"#2 Chest/Back (Width Biased) 💉",1h 13m,"Bench Press (Barbell)",F,195.0,7.0,0,0.0,,,10
2023-06-28 07:30:41,"#2 Chest/Back (Width Biased) 💉",1h 13m,"Bench Press (Barbell)",F,195.0,6.0,0,0.0,,,10
2023-06-28 07:30:41,"#2 Chest/Back (Width Biased) 💉",1h 13m,"T Bar Row",1,115.0,8.0,0,0.0,"2x6-8, 3 mins",,9
2023-06-28 07:30:41,"#2 Chest/Back (Width Biased) 💉",1h 13m,"Incline Bench Press (Smith Machine)",1,140.0,8.0,0,0.0,"2x6-8, 3 mins",,9
2023-06-28 07:30:41,"#2 Chest/Back (Width Biased) 💉",1h 13m,"Incline Chest Fly (Cable)",1,40.0,8.0,0,0.0,"2x6-8, 3 mins",,10
2023-06-29 06:54:55,"#2 SArms💪🏾",59m,"Reverse Curl (Ez Bar)",W,30.0,8.0,0,0.0," Triple Drop-set AMRAP","",
2023-06-29 06:54:55,"#2 SArms💪🏾",59m,"Reverse Curl (Ez Bar)",D,40.0,21.0,0,0.0,,,9
2023-06-29 06:54:55,"#2 SArms💪🏾",59m,"Reverse Curl (Ez Bar)",D,30.0,10.0,0,0.0,,,
2023-06-29 06:54:55,"#2 SArms💪🏾",59m,"Seated Overhead Press (Dumbbell)",W,45.0,5.0,0,0.0,"2x6-8, 3 mins",,
2023-06-29 06:54:55,"#2 SArms💪🏾",59m,"Seated Overhead Press (Dumbbell)",W,45.0,5.0,0,0.0,,,
2023-06-29 06:54:55,"#2 SArms💪🏾",59m,"Seated Overhead Press (Dumbbell)",1,70.0,8.0,0,0.0,,,9
2023-06-29 06:54:55,"#2 SArms💪🏾",59m,"JM Press (Smith Machine)",1,130.0,8.0,0,0.0,"",,9
2023-06-29 06:54:55,"#2 SArms💪🏾",59m,"JM Press (Smith Machine)",F,140.0,7.0,0,0.0,,,10
2023-06-29 06:54:55,"#2 SArms💪🏾",59m,"Hammer Curl (Dumbbell)",F,45.0,4.0,0,0.0,"2x6-8, 3 mins",,10
2023-06-29 06:54:55,"#2 SArms💪🏾",59m,"Hammer Curl (Dumbbell)",2,40.0,8.0,0,0.0,,,10
2023-06-29 06:54:55,"#2 SArms💪🏾",59m,"Triceps Pushdown (Cable - V Bar)",1,85.0,8.0,0,0.0,"",,10
2023-06-29 06:54:55,"#2 SArms💪🏾",59m,"Lateral Raise (Dumbbell)",1,30.0,8.0,0,0.0,"4x6-8, 2 mins",,9
2023-06-29 06:54:55,"#2 SArms💪🏾",59m,"Bicep Curl (Ez Bar)",1,70.0,8.0,0,0.0,"2x6-8, 3 mins",,9
2023-06-29 06:54:55,"#2 SArms💪🏾",59m,"Bicep Curl (Ez Bar)",2,70.0,8.0,0,0.0,,,9
2023-06-29 06:54:55,"#2 SArms💪🏾",59m,"Triceps Crossover Extension (Cable)",1,25.0,8.0,0,0.0,"",,10
2023-07-05 07:13:50,"#2 Chest/Back (Width Biased) 💉",1h 21m,"Lat Pulldown (Cable)",W,100.0,8.0,0,0.0,"2x6-8, 3 mins","",
2023-07-05 07:13:50,"#2 Chest/Back (Width Biased) 💉",1h 21m,"Lat Pulldown (Cable)",1,170.0,8.0,0,0.0,,,10
2023-07-05 07:13:50,"#2 Chest/Back (Width Biased) 💉",1h 21m,"Bench Press (Barbell)",W,45.0,10.0,0,0.0,"2x6-8, 3 mins",,
2023-07-05 07:13:50,"#2 Chest/Back (Width Biased) 💉",1h 21m,"Bench Press (Barbell)",W,135.0,5.0,0,0.0,,,
2023-07-05 07:13:50,"#2 Chest/Back (Width Biased) 💉",1h 21m,"Bench Press (Barbell)",W,185.0,1.0,0,0.0,,,
2023-07-05 07:13:50,"#2 Chest/Back (Width Biased) 💉",1h 21m,"Bench Press (Barbell)",W,200.0,1.0,0,0.0,,,8
2023-07-05 07:13:50,"#2 Chest/Back (Width Biased) 💉",1h 21m,"Bench Press (Barbell)",W,200.0,1.0,0,0.0,,,8
2023-07-05 07:13:50,"#2 Chest/Back (Width Biased) 💉",1h 21m,"Bench Press (Barbell)",1,225.0,1.0,0,0.0,,,9
2023-07-05 07:13:50,"#2 Chest/Back (Width Biased) 💉",1h 21m,"Bench Press (Barbell)",2,240.0,1.0,0,0.0,,,9
2023-07-05 07:13:50,"#2 Chest/Back (Width Biased) 💉",1h 21m,"T Bar Row",1,125.0,8.0,0,0.0,"2x6-8, 3 mins",,9
2023-07-05 07:13:50,"#2 Chest/Back (Width Biased) 💉",1h 21m,"T Bar Row",F,130.0,7.0,0,0.0,,,10
2023-07-05 07:13:50,"#2 Chest/Back (Width Biased) 💉",1h 21m,"Incline Bench Press (Smith Machine)",1,145.0,8.0,0,0.0,"2x6-8, 3 mins",,10
2023-07-05 07:13:50,"#2 Chest/Back (Width Biased) 💉",1h 21m,"Incline Bench Press (Smith Machine)",F,150.0,5.0,0,0.0,,,10
2023-07-05 07:13:50,"#2 Chest/Back (Width Biased) 💉",1h 21m,"Incline Chest Fly (Cable)",1,40.0,8.0,0,0.0,"2x6-8, 3 mins",,10
2023-07-05 07:13:50,"#2 Chest/Back (Width Biased) 💉",1h 21m,"Chest Fly",1,145.0,8.0,0,0.0,"2x6-8, 3 mins",,9
2023-07-05 07:13:50,"#2 Chest/Back (Width Biased) 💉",1h 21m,"Chest Fly",2,150.0,8.0,0,0.0,,,9
2023-07-06 07:21:48,"#2 SArms💪🏾",1h 28m,"Reverse Curl (Ez Bar)",W,20.0,8.0,0,0.0," Triple Drop-set AMRAP","",
2023-07-06 07:21:48,"#2 SArms💪🏾",1h 28m,"Reverse Curl (Ez Bar)",D,50.0,8.0,0,0.0,,,9
2023-07-06 07:21:48,"#2 SArms💪🏾",1h 28m,"Reverse Curl (Ez Bar)",D,40.0,10.0,0,0.0,,,9
2023-07-06 07:21:48,"#2 SArms💪🏾",1h 28m,"Reverse Curl (Ez Bar)",D,30.0,14.0,0,0.0,,,9
2023-07-06 07:21:48,"#2 SArms💪🏾",1h 28m,"Seated Overhead Press (Dumbbell)",W,45.0,5.0,0,0.0,"2x6-8, 3 mins",,
2023-07-06 07:21:48,"#2 SArms💪🏾",1h 28m,"Seated Overhead Press (Dumbbell)",W,45.0,5.0,0,0.0,,,
2023-07-06 07:21:48,"#2 SArms💪🏾",1h 28m,"Reverse Fly (Machine)",1,145.0,8.0,0,0.0,"2x6-8, 3 mins",,9
2023-07-06 07:21:48,"#2 SArms💪🏾",1h 28m,"Hammer Curl (Dumbbell)",1,40.0,8.0,0,0.0,"2x6-8, 3 mins",,10
2023-07-06 07:21:48,"#2 SArms💪🏾",1h 28m,"Hammer Curl (Dumbbell)",F,40.0,5.0,0,0.0,,,10
2023-07-06 07:21:48,"#2 SArms💪🏾",1h 28m,"Triceps Pushdown (Cable - V Bar)",1,85.0,8.0,0,0.0,"",,10
2023-07-06 07:21:48,"#2 SArms💪🏾",1h 28m,"Lateral Raise (Dumbbell)",1,30.0,8.0,0,0.0,"4x6-8, 2 mins",,8
2023-07-06 07:21:48,"#2 SArms💪🏾",1h 28m,"Lateral Raise (Dumbbell)",2,30.0,8.0,0,0.0,,,8
2023-07-06 07:21:48,"#2 SArms💪🏾",1h 28m,"Bicep Curl (Ez Bar)",1,70.0,8.0,0,0.0,"2x6-8, 3 mins",,9
2023-07-06 07:21:48,"#2 SArms💪🏾",1h 28m,"Bicep Curl (Ez Bar)",2,70.0,8.0,0,0.0,,,9
2023-07-06 07:21:48,"#2 SArms💪🏾",1h 28m,"Triceps Crossover Extension (Cable)",1,25.0,8.0,0,0.0,"",,9
2023-07-06 07:21:48,"#2 SArms💪🏾",1h 28m,"Triceps Crossover Extension (Cable)",2,25.0,8.0,0,0.0,,,9
2023-07-13 07:17:49,"#2 SArms💪🏾",1h 20m,"Reverse Curl (Ez Bar)",W,20.0,8.0,0,0.0," Triple Drop-set AMRAP","",
2023-07-13 07:17:49,"#2 SArms💪🏾",1h 20m,"Reverse Curl (Ez Bar)",D,50.0,10.0,0,0.0,,,
2023-07-13 07:17:49,"#2 SArms💪🏾",1h 20m,"Seated Overhead Press (Dumbbell)",W,45.0,5.0,0,0.0,"2x6-8, 3 mins",,
2023-07-13 07:17:49,"#2 SArms💪🏾",1h 20m,"Seated Overhead Press (Dumbbell)",W,45.0,5.0,0,0.0,,,
2023-07-13 07:17:49,"#2 SArms💪🏾",1h 20m,"Seated Overhead Press (Dumbbell)",1,60.0,8.0,0,0.0,,,9
2023-07-13 07:17:49,"#2 SArms💪🏾",1h 20m,"JM Press (Smith Machine)",1,110.0,8.0,0,0.0,"",,8
2023-07-13 07:17:49,"#2 SArms💪🏾",1h 20m,"JM Press (Smith Machine)",2,120.0,8.0,0,0.0,,,9
2023-07-13 07:17:49,"#2 SArms💪🏾",1h 20m,"Reverse Fly (Machine)",1,130.0,8.0,0,0.0,"2x6-8, 3 mins",,8
2023-07-13 07:17:49,"#2 SArms💪🏾",1h 20m,"Hammer Curl (Dumbbell)",1,40.0,8.0,0,0.0,"2x6-8, 3 mins",,9
2023-07-13 07:17:49,"#2 SArms💪🏾",1h 20m,"Hammer Curl (Dumbbell)",F,40.0,7.0,0,0.0,,,10
2023-07-13 07:17:49,"#2 SArms💪🏾",1h 20m,"Triceps Pushdown (Cable - V Bar)",1,80.0,8.0,0,0.0,"",,9
2023-07-13 07:17:49,"#2 SArms💪🏾",1h 20m,"Lateral Raise (Dumbbell)",F,35.0,6.0,0,0.0,"4x6-8, 2 mins",,9
2023-07-13 07:17:49,"#2 SArms💪🏾",1h 20m,"Lateral Raise (Dumbbell)",2,30.0,8.0,0,0.0,,,9
2023-07-13 07:17:49,"#2 SArms💪🏾",1h 20m,"Preacher Curl (Barbell)",1,60.0,8.0,0,0.0,"",,8
2023-07-13 07:17:49,"#2 SArms💪🏾",1h 20m,"Preacher Curl (Barbell)",F,70.0,6.0,0,0.0,,,10
2023-07-13 07:17:49,"#2 SArms💪🏾",1h 20m,"Triceps Crossover Extension (Cable)",1,25.0,8.0,0,0.0,"",,9
2023-07-13 07:17:49,"#2 SArms💪🏾",1h 20m,"Triceps Crossover Extension (Cable)",F,25.0,7.0,0,0.0,,,10
2023-07-19 07:20:10,"#2 Chest/Back (Width Biased) 💉",1h 7m,"Lat Pulldown (Cable)",W,100.0,8.0,0,0.0,"2x6-8, 3 mins","",
2023-07-19 07:20:10,"#2 Chest/Back (Width Biased) 💉",1h 7m,"Lat Pulldown (Cable)",1,160.0,8.0,0,0.0,,,9
2023-07-19 07:20:10,"#2 Chest/Back (Width Biased) 💉",1h 7m,"Lat Pulldown (Cable)",2,160.0,8.0,0,0.0,,,9
2023-07-19 07:20:10,"#2 Chest/Back (Width Biased) 💉",1h 7m,"Bench Press (Barbell)",W,45.0,10.0,0,0.0,"2x6-8, 3 mins",,
2023-07-19 07:20:10,"#2 Chest/Back (Width Biased) 💉",1h 7m,"Bench Press (Barbell)",W,135.0,5.0,0,0.0,,,
2023-07-19 07:20:10,"#2 Chest/Back (Width Biased) 💉",1h 7m,"Bench Press (Barbell)",W,170.0,3.0,0,0.0,,,
2023-07-19 07:20:10,"#2 Chest/Back (Width Biased) 💉",1h 7m,"Bench Press (Barbell)",1,190.0,8.0,0,0.0,,,10
2023-07-19 07:20:10,"#2 Chest/Back (Width Biased) 💉",1h 7m,"T Bar Row",1,90.0,8.0,0,0.0,"2x6-8, 3 mins",,8
2023-07-19 07:20:10,"#2 Chest/Back (Width Biased) 💉",1h 7m,"T Bar Row",2,115.0,8.0,0,0.0,,,9
2023-07-19 07:20:10,"#2 Chest/Back (Width Biased) 💉",1h 7m,"Incline Bench Press (Smith Machine)",1,130.0,8.0,0,0.0,"2x6-8, 3 mins",,9
2023-07-19 07:20:10,"#2 Chest/Back (Width Biased) 💉",1h 7m,"Incline Bench Press (Smith Machine)",F,140.0,7.0,0,0.0,,,10
2023-07-19 07:20:10,"#2 Chest/Back (Width Biased) 💉",1h 7m,"Shrug (Machine)",1,115.0,8.0,0,0.0,"2x6-8, 3 mins",,8
2023-07-19 07:20:10,"#2 Chest/Back (Width Biased) 💉",1h 7m,"Shrug (Machine)",2,205.0,8.0,0,0.0,,,9
2023-07-26 07:16:02,"#2 Chest/Back (Width Biased) 💉",49m,"Lat Pulldown (Cable)",W,100.0,8.0,0,0.0,"2x6-8, 3 mins","",
2023-07-26 07:16:02,"#2 Chest/Back (Width Biased) 💉",49m,"Lat Pulldown (Cable)",1,160.0,8.0,0,0.0,,,9
2023-07-26 07:16:02,"#2 Chest/Back (Width Biased) 💉",49m,"Lat Pulldown (Cable)",2,165.0,8.0,0,0.0,,,10
2023-07-26 07:16:02,"#2 Chest/Back (Width Biased) 💉",49m,"Bench Press (Barbell)",W,45.0,10.0,0,0.0,"2x6-8, 3 mins",,
2023-07-26 07:16:02,"#2 Chest/Back (Width Biased) 💉",49m,"Bench Press (Barbell)",W,135.0,5.0,0,0.0,,,
2023-07-26 07:16:02,"#2 Chest/Back (Width Biased) 💉",49m,"Bench Press (Barbell)",W,170.0,3.0,0,0.0,,,
2023-07-26 07:16:02,"#2 Chest/Back (Width Biased) 💉",49m,"Bench Press (Barbell)",F,185.0,6.0,0,0.0,,,10
2023-07-26 07:16:02,"#2 Chest/Back (Width Biased) 💉",49m,"T Bar Row",1,115.0,8.0,0,0.0,"2x6-8, 3 mins",,10
2023-07-26 07:16:02,"#2 Chest/Back (Width Biased) 💉",49m,"Incline Bench Press (Smith Machine)",1,130.0,8.0,0,0.0,"2x6-8, 3 mins",,8
2023-07-26 07:16:02,"#2 Chest/Back (Width Biased) 💉",49m,"Incline Bench Press (Smith Machine)",2,140.0,8.0,0,0.0,,,9
2023-07-26 07:16:02,"#2 Chest/Back (Width Biased) 💉",49m,"Incline Chest Fly (Cable)",1,35.0,8.0,0,0.0,"2x6-8, 3 mins",,9
2023-07-26 07:16:02,"#2 Chest/Back (Width Biased) 💉",49m,"Shrug (Machine)",1,205.0,8.0,0,0.0,"2x6-8, 3 mins",,8
2023-07-26 07:16:02,"#2 Chest/Back (Width Biased) 💉",49m,"Shrug (Machine)",2,225.0,8.0,0,0.0,,,9
2023-07-31 19:13:16,"#1 SArms 🦾",30m,"Seated Overhead Press (Dumbbell)",W,45.0,5.0,0,0.0,"1x6-8","",
2023-07-31 19:13:16,"#1 SArms 🦾",30m,"Seated Overhead Press (Dumbbell)",W,45.0,5.0,0,0.0,,,
2023-07-31 19:13:16,"#1 SArms 🦾",30m,"Seated Overhead Press (Dumbbell)",1,60.0,8.0,0,0.0,,,9
2023-07-31 19:13:16,"#1 SArms 🦾",30m,"Reverse Fly (Machine)",1,130.0,10.0,0,0.0,"1x8-10",,9
2023-07-31 19:13:16,"#1 SArms 🦾",30m,"Hammer Curl (Dumbbell)",1,30.0,10.0,0,0.0,"2x6-8, 3 mins",,8
2023-07-31 19:13:16,"#1 SArms 🦾",30m,"Hammer Curl (Dumbbell)",2,35.0,10.0,0,0.0,,,10
2023-07-31 19:13:16,"#1 SArms 🦾",30m,"Overhead Tricep Extension (Machine)",1,35.0,10.0,0,0.0,"2x8-10, 3 mins",,8
2023-07-31 19:13:16,"#1 SArms 🦾",30m,"Overhead Tricep Extension (Machine)",2,50.0,10.0,0,0.0,,,9
2023-08-07 17:09:34,"#1 SArms 🦾",23m,"JM Press (Smith Machine)",1,110.0,8.0,0,0.0,"2x8-10, 3 mins","",8
2023-08-07 17:09:34,"#1 SArms 🦾",23m,"JM Press (Smith Machine)",2,120.0,8.0,0,0.0,,,9
2023-08-07 17:09:34,"#1 SArms 🦾",23m,"Hammer Curl (Dumbbell)",1,30.0,10.0,0,0.0,"2x8-10, 4 mins",,9
2023-08-07 17:09:34,"#1 SArms 🦾",23m,"Hammer Curl (Dumbbell)",2,30.0,10.0,0,0.0,,,9
2023-08-07 17:09:34,"#1 SArms 🦾",23m,"Triceps Crossover Extension (Cable)",1,25.0,10.0,0,0.0,"2x8-10, 3 mins",,9
2023-08-09 13:40:40,"#2 Chest/Back (Width)🧬",1h 5m,"Lat Pulldown (Cable)",W,100.0,8.0,0,0.0,"2x6-8, 3 mins","",
2023-08-09 13:40:40,"#2 Chest/Back (Width)🧬",1h 5m,"Lat Pulldown (Cable)",1,160.0,8.0,0,0.0,,,9
2023-08-09 13:40:40,"#2 Chest/Back (Width)🧬",1h 5m,"Lat Pulldown (Cable)",2,165.0,8.0,0,0.0,,,10
2023-08-09 13:40:40,"#2 Chest/Back (Width)🧬",1h 5m,"Bench Press (Barbell)",W,45.0,10.0,0,0.0,"2x6-8, 3 mins",,
2023-08-09 13:40:40,"#2 Chest/Back (Width)🧬",1h 5m,"Bench Press (Barbell)",W,135.0,5.0,0,0.0,,,
2023-08-09 13:40:40,"#2 Chest/Back (Width)🧬",1h 5m,"Bench Press (Barbell)",W,170.0,3.0,0,0.0,,,
2023-08-09 13:40:40,"#2 Chest/Back (Width)🧬",1h 5m,"Bench Press (Barbell)",F,190.0,7.0,0,0.0,,,9
2023-08-09 13:40:40,"#2 Chest/Back (Width)🧬",1h 5m,"Bench Press (Barbell)",F,190.0,6.0,0,0.0,,,10
2023-08-09 13:40:40,"#2 Chest/Back (Width)🧬",1h 5m,"T Bar Row",1,90.0,8.0,0,0.0,"2x6-8, 3 mins",,8
2023-08-09 13:40:40,"#2 Chest/Back (Width)🧬",1h 5m,"T Bar Row",2,115.0,8.0,0,0.0,,,9
2023-08-09 13:40:40,"#2 Chest/Back (Width)🧬",1h 5m,"Incline Bench Press (Smith Machine)",F,130.0,9.0,0,0.0,"1x8-10",,10
2023-08-09 13:40:40,"#2 Chest/Back (Width)🧬",1h 5m,"Incline Chest Fly (Cable)",1,20.0,10.0,0,0.0,"2x8-10, 3 mins",,8
2023-08-09 13:40:40,"#2 Chest/Back (Width)🧬",1h 5m,"Chest Fly",1,130.0,10.0,0,0.0,"1x8-10",,9
2023-08-10 19:18:19,"#2 SArms🧬",58m,"Seated Overhead Press (Dumbbell)",W,45.0,5.0,0,0.0,"1x6-8","",
2023-08-10 19:18:19,"#2 SArms🧬",58m,"Seated Overhead Press (Dumbbell)",W,45.0,5.0,0,0.0,,,
2023-08-10 19:18:19,"#2 SArms🧬",58m,"Seated Overhead Press (Dumbbell)",1,60.0,8.0,0,0.0,,,9
2023-08-10 19:18:19,"#2 SArms🧬",58m,"Tricep Press (Machine)",1,130.0,8.0,0,0.0,"",,9
2023-08-10 19:18:19,"#2 SArms🧬",58m,"Tricep Press (Machine)",2,140.0,8.0,0,0.0,,,9
2023-08-10 19:18:19,"#2 SArms🧬",58m,"Reverse Fly (Machine)",1,145.0,10.0,0,0.0,"1x8-10",,9
2023-08-10 19:18:19,"#2 SArms🧬",58m,"Hammer Curl (Dumbbell)",1,30.0,10.0,0,0.0,"2x8-10, 4 mins",,9
2023-08-10 19:18:19,"#2 SArms🧬",58m,"Hammer Curl (Dumbbell)",2,35.0,10.0,0,0.0,,,10
2023-08-10 19:18:19,"#2 SArms🧬",58m,"Lateral Raise (Dumbbell)",1,30.0,10.0,0,0.0,"2x8–10, 3 mins",,9
2023-08-10 19:18:19,"#2 SArms🧬",58m,"Lateral Raise (Dumbbell)",2,30.0,10.0,0,0.0,,,9
2023-08-10 19:18:19,"#2 SArms🧬",58m,"Preacher Curl (EZ Bar)",1,45.0,10.0,0,0.0,"2x8-10, 3 mins",,9
2023-08-10 19:18:19,"#2 SArms🧬",58m,"Preacher Curl (EZ Bar)",2,50.0,10.0,0,0.0,,,10
2023-08-10 19:18:19,"#2 SArms🧬",58m,"Triceps Crossover Extension (Cable)",1,20.0,10.0,0,0.0,"1x8-10",,8
2023-08-20 20:46:53,"#1 Chest/Back (Thickness)🧪",1h 2m,"Lat Pulldown (Cable)",W,100.0,8.0,0,0.0,"2x6-8, 3 mins","",
2023-08-20 20:46:53,"#1 Chest/Back (Thickness)🧪",1h 2m,"Lat Pulldown (Cable)",1,160.0,8.0,0,0.0,,,9
2023-08-20 20:46:53,"#1 Chest/Back (Thickness)🧪",1h 2m,"Lat Pulldown (Cable)",2,165.0,8.0,0,0.0,,,9
2023-08-20 20:46:53,"#1 Chest/Back (Thickness)🧪",1h 2m,"Bench Press (Barbell)",W,45.0,10.0,0,0.0,"2x6-8, 4 mins",,
2023-08-20 20:46:53,"#1 Chest/Back (Thickness)🧪",1h 2m,"Bench Press (Barbell)",W,135.0,5.0,0,0.0,,,
2023-08-20 20:46:53,"#1 Chest/Back (Thickness)🧪",1h 2m,"Bench Press (Barbell)",W,170.0,3.0,0,0.0,,,
2023-08-20 20:46:53,"#1 Chest/Back (Thickness)🧪",1h 2m,"Bench Press (Barbell)",F,190.0,6.0,0,0.0,,,9
2023-08-20 20:46:53,"#1 Chest/Back (Thickness)🧪",1h 2m,"Incline Bench Press (Smith Machine)",1,130.0,10.0,0,0.0,"2x8-10, 4 mins",,9
2023-08-20 20:46:53,"#1 Chest/Back (Thickness)🧪",1h 2m,"Incline Bench Press (Smith Machine)",2,135.0,10.0,0,0.0,,,9
2023-08-20 20:46:53,"#1 Chest/Back (Thickness)🧪",1h 2m,"Shrug (Machine)",1,200.0,10.0,0,0.0,"2x8-10, 3 mins",,9
2023-08-20 20:46:53,"#1 Chest/Back (Thickness)🧪",1h 2m,"Shrug (Machine)",2,210.0,10.0,0,0.0,,,9
2023-08-20 20:46:53,"#1 Chest/Back (Thickness)🧪",1h 2m,"Chest Fly",1,130.0,10.0,0,0.0,"1x8-10",,9
2023-08-23 20:52:30,"#2 Chest/Back (Width)🧬",1h 26m,"Lat Pulldown (Cable)",W,100.0,8.0,0,0.0,"2x6-8, 3 mins","",
2023-08-23 20:52:30,"#2 Chest/Back (Width)🧬",1h 26m,"Lat Pulldown (Cable)",1,165.0,8.0,0,0.0,,,9
2023-08-23 20:52:30,"#2 Chest/Back (Width)🧬",1h 26m,"Lat Pulldown (Cable)",F,170.0,7.0,0,0.0,,,10
2023-08-23 20:52:30,"#2 Chest/Back (Width)🧬",1h 26m,"Bench Press (Barbell)",W,45.0,10.0,0,0.0,"2x6-8, 4 mins",,
2023-08-23 20:52:30,"#2 Chest/Back (Width)🧬",1h 26m,"Bench Press (Barbell)",W,135.0,5.0,0,0.0,,,
2023-08-23 20:52:30,"#2 Chest/Back (Width)🧬",1h 26m,"Bench Press (Barbell)",W,170.0,3.0,0,0.0,,,
2023-08-23 20:52:30,"#2 Chest/Back (Width)🧬",1h 26m,"Bench Press (Barbell)",1,190.0,8.0,0,0.0,,,10
2023-08-23 20:52:30,"#2 Chest/Back (Width)🧬",1h 26m,"Bench Press (Barbell)",F,195.0,3.0,0,0.0,,,10
2023-08-23 20:52:30,"#2 Chest/Back (Width)🧬",1h 26m,"T Bar Row",1,115.0,8.0,0,0.0,"2x6-8, 3 mins",,9
2023-08-23 20:52:30,"#2 Chest/Back (Width)🧬",1h 26m,"Shrug (Machine)",1,205.0,10.0,0,0.0,"2x8-10, 3 mins",,9
2023-08-23 20:52:30,"#2 Chest/Back (Width)🧬",1h 26m,"Shrug (Machine)",2,225.0,10.0,0,0.0,,,9
2023-08-23 20:52:30,"#2 Chest/Back (Width)🧬",1h 26m,"Diverging Lat Pulldown (Machine)",1,130.0,10.0,0,0.0,"",,9
2023-08-23 20:52:30,"#2 Chest/Back (Width)🧬",1h 26m,"Diverging Lat Pulldown (Machine)",2,135.0,10.0,0,0.0,,,9
2023-08-23 20:52:30,"#2 Chest/Back (Width)🧬",1h 26m,"Chest Fly",1,130.0,10.0,0,0.0,"1x8-10",,9
2023-08-28 21:34:34,"#1 SArms 🦾",1h 6m,"Seated Overhead Press (Dumbbell)",W,45.0,5.0,0,0.0,"1x6-8","",
2023-08-28 21:34:34,"#1 SArms 🦾",1h 6m,"Seated Overhead Press (Dumbbell)",W,45.0,5.0,0,0.0,,,
2023-08-28 21:34:34,"#1 SArms 🦾",1h 6m,"Seated Overhead Press (Dumbbell)",1,60.0,8.0,0,0.0,,,10
2023-08-28 21:34:34,"#1 SArms 🦾",1h 6m,"Tricep Press (Machine)",1,140.0,8.0,0,0.0,"",,9
2023-08-28 21:34:34,"#1 SArms 🦾",1h 6m,"Tricep Press (Machine)",2,145.0,8.0,0,0.0,,,9
2023-08-28 21:34:34,"#1 SArms 🦾",1h 6m,"Hammer Curl (Dumbbell)",1,30.0,10.0,0,0.0,"2x8-10, 4 mins",,9
2023-08-28 21:34:34,"#1 SArms 🦾",1h 6m,"Hammer Curl (Dumbbell)",F,35.0,8.0,0,0.0,,,10
2023-08-28 21:34:34,"#1 SArms 🦾",1h 6m,"Incline Skullcrusher (Ez Bar)",1,40.0,10.0,0,0.0,"2x8-10, 3 mins",,8
2023-08-28 21:34:34,"#1 SArms 🦾",1h 6m,"Incline Skullcrusher (Ez Bar)",2,50.0,10.0,0,0.0,,,9
2023-08-28 21:34:34,"#1 SArms 🦾",1h 6m,"Lateral Raise (Dumbbell)",1,30.0,10.0,0,0.0,"2x8-10, 3 mins",,9
2023-08-28 21:34:34,"#1 SArms 🦾",1h 6m,"Preacher Curl (EZ Bar)",1,50.0,10.0,0,0.0,"2x8-10, 4 mins",,9
2023-08-28 21:34:34,"#1 SArms 🦾",1h 6m,"Preacher Curl (EZ Bar)",2,60.0,10.0,0,0.0,,,9
2023-08-30 21:06:04,"#2 Chest/Back (Width)🧬",59m,"Lat Pulldown (Cable)",W,100.0,8.0,0,0.0,"2x6-8, 3 mins","",
2023-08-30 21:06:04,"#2 Chest/Back (Width)🧬",59m,"Lat Pulldown (Cable)",1,170.0,8.0,0,0.0,,,10
2023-08-30 21:06:04,"#2 Chest/Back (Width)🧬",59m,"Lat Pulldown (Cable)",F,175.0,4.0,0,0.0,,,10
2023-08-30 21:06:04,"#2 Chest/Back (Width)🧬",59m,"Bench Press (Barbell)",W,45.0,10.0,0,0.0,"2x6-8, 4 mins",,
2023-08-30 21:06:04,"#2 Chest/Back (Width)🧬",59m,"Bench Press (Barbell)",W,135.0,5.0,0,0.0,,,
2023-08-30 21:06:04,"#2 Chest/Back (Width)🧬",59m,"Bench Press (Barbell)",W,170.0,3.0,0,0.0,,,
2023-08-30 21:06:04,"#2 Chest/Back (Width)🧬",59m,"Bench Press (Barbell)",F,195.0,5.0,0,0.0,,,10
2023-08-30 21:06:04,"#2 Chest/Back (Width)🧬",59m,"T Bar Row",1,120.0,8.0,0,0.0,"2x6-8, 3 mins",,9
2023-08-30 21:06:04,"#2 Chest/Back (Width)🧬",59m,"T Bar Row",F,125.0,6.0,0,0.0,,,10
2023-08-30 21:06:04,"#2 Chest/Back (Width)🧬",59m,"Incline Bench Press (Smith Machine)",F,140.0,8.0,0,0.0,"2x8-10, 4 mins",,10
2023-08-30 21:06:04,"#2 Chest/Back (Width)🧬",59m,"Incline Bench Press (Smith Machine)",F,140.0,5.0,0,0.0,,,10
2023-08-30 21:06:04,"#2 Chest/Back (Width)🧬",59m,"Shrug (Machine)",1,255.0,10.0,0,0.0,"2x8-10, 3 mins",,9
2023-08-30 21:06:04,"#2 Chest/Back (Width)🧬",59m,"Lat Pulldown (Machine)",1,145.0,10.0,0,0.0,"2x8-10, 3 mins",,9
2023-08-30 21:06:04,"#2 Chest/Back (Width)🧬",59m,"Lat Pulldown (Machine)",F,150.0,9.0,0,0.0,,,10
2023-08-30 21:06:04,"#2 Chest/Back (Width)🧬",59m,"Chest Fly",1,135.0,10.0,0,0.0,"2x8-10",,9
2023-08-30 21:06:04,"#2 Chest/Back (Width)🧬",59m,"Chest Fly",F,140.0,6.0,0,0.0,,,10
2023-09-03 20:40:57,"#1 Chest/Back (Thickness)🧪",2h 2m,"Lat Pulldown (Cable)",W,100.0,8.0,0,0.0,"2x6-8, 3 mins","",
2023-09-03 20:40:57,"#1 Chest/Back (Thickness)🧪",2h 2m,"Lat Pulldown (Cable)",1,175.0,8.0,0,0.0,,,10
2023-09-03 20:40:57,"#1 Chest/Back (Thickness)🧪",2h 2m,"Lat Pulldown (Cable)",F,180.0,5.0,0,0.0,,,10
2023-09-03 20:40:57,"#1 Chest/Back (Thickness)🧪",2h 2m,"Bench Press (Barbell)",W,45.0,10.0,0,0.0,"2x6-8, 4 mins",,
2023-09-03 20:40:57,"#1 Chest/Back (Thickness)🧪",2h 2m,"Bench Press (Barbell)",W,135.0,5.0,0,0.0,,,
2023-09-03 20:40:57,"#1 Chest/Back (Thickness)🧪",2h 2m,"Bench Press (Barbell)",W,170.0,3.0,0,0.0,,,
2023-09-03 20:40:57,"#1 Chest/Back (Thickness)🧪",2h 2m,"Bench Press (Barbell)",F,195.0,6.0,0,0.0,,,9
2023-09-03 20:40:57,"#1 Chest/Back (Thickness)🧪",2h 2m,"Bench Press (Barbell)",F,195.0,6.0,0,0.0,,,10
2023-09-03 20:40:57,"#1 Chest/Back (Thickness)🧪",2h 2m,"T Bar Row",F,125.0,7.0,0,0.0,"2x8-10, 3 mins",,10
2023-09-03 20:40:57,"#1 Chest/Back (Thickness)🧪",2h 2m,"T Bar Row",2,125.0,8.0,0,0.0,,,10
2023-09-03 20:40:57,"#1 Chest/Back (Thickness)🧪",2h 2m,"Shrug (Machine)",1,275.0,10.0,0,0.0,"2x8-10, 3 mins",,9
2023-09-03 20:40:57,"#1 Chest/Back (Thickness)🧪",2h 2m,"Shrug (Machine)",2,295.0,10.0,0,0.0,,,9
2023-09-03 20:40:57,"#1 Chest/Back (Thickness)🧪",2h 2m,"Incline Bench Press (Smith Machine)",F,140.0,8.0,0,0.0,"2x8-10, 4 mins",,10
2023-09-03 20:40:57,"#1 Chest/Back (Thickness)🧪",2h 2m,"Incline Bench Press (Smith Machine)",F,135.0,7.0,0,0.0,,,10
2023-09-03 20:40:57,"#1 Chest/Back (Thickness)🧪",2h 2m,"Iso-Lateral Row (Machine)",1,198.0,10.0,0,0.0,"",,9
2023-09-03 20:40:57,"#1 Chest/Back (Thickness)🧪",2h 2m,"Iso-Lateral Row (Machine)",2,198.0,10.0,0,0.0,,,9
2023-09-04 20:45:57,"#1 SArms 🦾",51m,"Seated Overhead Press (Dumbbell)",W,45.0,5.0,0,0.0,"1x6-8","",
2023-09-04 20:45:57,"#1 SArms 🦾",51m,"Seated Overhead Press (Dumbbell)",W,45.0,5.0,0,0.0,,,
2023-09-04 20:45:57,"#1 SArms 🦾",51m,"Seated Overhead Press (Dumbbell)",F,65.0,6.0,0,0.0,,,10
2023-09-04 20:45:57,"#1 SArms 🦾",51m,"Tricep Press (Machine)",1,150.0,8.0,0,0.0,"2x6-8, 3 mins",,9
2023-09-04 20:45:57,"#1 SArms 🦾",51m,"Tricep Press (Machine)",2,160.0,8.0,0,0.0,,,9
2023-09-04 20:45:57,"#1 SArms 🦾",51m,"Reverse Fly (Machine)",F,150.0,8.0,0,0.0,"1x8-10",,10
2023-09-04 20:45:57,"#1 SArms 🦾",51m,"Hammer Curl (Dumbbell)",1,35.0,10.0,0,0.0,"2x8-10, 4 mins",,10
2023-09-04 20:45:57,"#1 SArms 🦾",51m,"Hammer Curl (Dumbbell)",F,40.0,5.0,0,0.0,,,10
2023-09-04 20:45:57,"#1 SArms 🦾",51m,"Incline Skullcrusher (Ez Bar)",1,60.0,8.0,0,0.0,"2x8-10, 3 mins",,9
2023-09-04 20:45:57,"#1 SArms 🦾",51m,"Lateral Raise (Dumbbell)",1,30.0,10.0,0,0.0,"2x8-10, 3 mins",,9
2023-09-04 20:45:57,"#1 SArms 🦾",51m,"Lateral Raise (Dumbbell)",2,30.0,10.0,0,0.0,,,9
2023-09-04 20:45:57,"#1 SArms 🦾",51m,"Preacher Curl (EZ Bar)",1,65.0,10.0,0,0.0,"2x8-10, 4 mins",,9
2023-09-04 20:45:57,"#1 SArms 🦾",51m,"Triceps Crossover Extension (Cable)",F,25.0,7.0,0,0.0,"1x8-10",,10
2023-09-06 20:53:35,"#2 Chest/Back (Width)🧬",1h 20m,"Lat Pulldown (Cable)",W,100.0,8.0,0,0.0,"2x6-8, 3 mins","",
2023-09-06 20:53:35,"#2 Chest/Back (Width)🧬",1h 20m,"Lat Pulldown (Cable)",F,180.0,7.0,0,0.0,,,10
2023-09-06 20:53:35,"#2 Chest/Back (Width)🧬",1h 20m,"Lat Pulldown (Cable)",F,180.0,4.0,0,0.0,,,10
2023-09-06 20:53:35,"#2 Chest/Back (Width)🧬",1h 20m,"Bench Press (Barbell)",W,45.0,10.0,0,0.0,"2x6-8, 4 mins",,
2023-09-06 20:53:35,"#2 Chest/Back (Width)🧬",1h 20m,"Bench Press (Barbell)",W,135.0,5.0,0,0.0,,,
2023-09-06 20:53:35,"#2 Chest/Back (Width)🧬",1h 20m,"Bench Press (Barbell)",W,170.0,3.0,0,0.0,,,
2023-09-06 20:53:35,"#2 Chest/Back (Width)🧬",1h 20m,"Bench Press (Barbell)",F,195.0,7.0,0,0.0,,,10
2023-09-06 20:53:35,"#2 Chest/Back (Width)🧬",1h 20m,"Bench Press (Barbell)",F,195.0,6.0,0,0.0,,,9
2023-09-06 20:53:35,"#2 Chest/Back (Width)🧬",1h 20m,"T Bar Row",1,130.0,8.0,0,0.0,"2x6-8, 3 mins",,9
2023-09-06 20:53:35,"#2 Chest/Back (Width)🧬",1h 20m,"T Bar Row",F,135.0,4.0,0,0.0,,,10
2023-09-06 20:53:35,"#2 Chest/Back (Width)🧬",1h 20m,"Incline Bench Press (Smith Machine)",F,140.0,9.0,0,0.0,"2x8-10, 4 mins",,10
2023-09-06 20:53:35,"#2 Chest/Back (Width)🧬",1h 20m,"Incline Bench Press (Smith Machine)",F,140.0,7.0,0,0.0,,,10
2023-09-06 20:53:35,"#2 Chest/Back (Width)🧬",1h 20m,"Shrug (Machine)",1,315.0,10.0,0,0.0,"2x8-10, 3 mins",,10
2023-09-07 21:13:11,"#2 SArms🧬",1h 7m,"Seated Overhead Press (Dumbbell)",W,45.0,5.0,0,0.0,"1x6-8","",
2023-09-07 21:13:11,"#2 SArms🧬",1h 7m,"Seated Overhead Press (Dumbbell)",W,50.0,5.0,0,0.0,,,
2023-09-07 21:13:11,"#2 SArms🧬",1h 7m,"Seated Overhead Press (Dumbbell)",1,65.0,8.0,0,0.0,,,9
2023-09-07 21:13:11,"#2 SArms🧬",1h 7m,"Triceps Extension (Cable)",F,80.0,8.0,0,0.0,"2x8-10, 3 mins",,10
2023-09-07 21:13:11,"#2 SArms🧬",1h 7m,"Triceps Extension (Cable)",F,80.0,9.0,0,0.0,,,10
2023-09-07 21:13:11,"#2 SArms🧬",1h 7m,"Reverse Fly (Machine)",F,150.0,9.0,0,0.0,"1x8-10",,10
2023-09-07 21:13:11,"#2 SArms🧬",1h 7m,"Hammer Curl (Dumbbell)",F,40.0,8.0,0,0.0,"2x8-10, 4 mins",,10
2023-09-07 21:13:11,"#2 SArms🧬",1h 7m,"Hammer Curl (Dumbbell)",F,35.0,8.0,0,0.0,,,10
2023-09-07 21:13:11,"#2 SArms🧬",1h 7m,"Tricep Press (Machine)",1,175.0,8.0,0,0.0,"2x6-8, 3 mins",,9
2023-09-07 21:13:11,"#2 SArms🧬",1h 7m,"Tricep Press (Machine)",2,180.0,8.0,0,0.0,,,9
2023-09-07 21:13:11,"#2 SArms🧬",1h 7m,"Lateral Raise (Dumbbell)",D,30.0,10.0,0,0.0,"2xAMRAP",,10
2023-09-07 21:13:11,"#2 SArms🧬",1h 7m,"Lateral Raise (Dumbbell)",D,20.0,8.0,0,0.0,,,10
2023-09-07 21:13:11,"#2 SArms🧬",1h 7m,"Preacher Curl (Machine)",1,110.0,10.0,0,0.0,"2x8-10, 4 mins",,9
2023-09-07 21:13:11,"#2 SArms🧬",1h 7m,"Preacher Curl (Machine)",2,115.0,10.0,0,0.0,,,10
2023-09-07 21:13:11,"#2 SArms🧬",1h 7m,"Triceps Crossover Extension (Cable)",1,20.0,10.0,0,0.0,"1x8-10",,9
2023-09-10 21:16:38,"#1 Chest/Back (Thickness)🧪",51m,"Lat Pulldown (Cable)",W,100.0,8.0,0,0.0,"2x6-8, 3 mins","",
2023-09-10 21:16:38,"#1 Chest/Back (Thickness)🧪",51m,"Lat Pulldown (Cable)",1,180.0,8.0,0,0.0,,,10
2023-09-10 21:16:38,"#1 Chest/Back (Thickness)🧪",51m,"Lat Pulldown (Cable)",F,185.0,5.0,0,0.0,,,10
2023-09-10 21:16:38,"#1 Chest/Back (Thickness)🧪",51m,"Bench Press (Barbell)",W,45.0,10.0,0,0.0,"2x6-8, 4 mins",,
2023-09-10 21:16:38,"#1 Chest/Back (Thickness)🧪",51m,"Bench Press (Barbell)",W,135.0,5.0,0,0.0,,,
2023-09-10 21:16:38,"#1 Chest/Back (Thickness)🧪",51m,"Bench Press (Barbell)",W,170.0,3.0,0,0.0,,,
2023-09-10 21:16:38,"#1 Chest/Back (Thickness)🧪",51m,"Bench Press (Barbell)",1,195.0,8.0,0,0.0,,,9
2023-09-10 21:16:38,"#1 Chest/Back (Thickness)🧪",51m,"Bench Press (Barbell)",F,200.0,6.0,0,0.0,,,9
2023-09-11 21:49:07,"#1 SArms 🦾",51m,"Seated Overhead Press (Dumbbell)",W,45.0,5.0,0,0.0,"1x6-8","",
2023-09-11 21:49:07,"#1 SArms 🦾",51m,"Seated Overhead Press (Dumbbell)",W,50.0,5.0,0,0.0,,,
2023-09-11 21:49:07,"#1 SArms 🦾",51m,"Seated Overhead Press (Dumbbell)",F,70.0,6.0,0,0.0,,,10
2023-09-11 21:49:07,"#1 SArms 🦾",51m,"Triceps Extension (Cable)",1,80.0,10.0,0,0.0,"2x8-10, 3 mins",,10
2023-09-11 21:49:07,"#1 SArms 🦾",51m,"Triceps Extension (Cable)",F,85.0,8.0,0,0.0,,,10
2023-09-11 21:49:07,"#1 SArms 🦾",51m,"Reverse Fly (Machine)",F,150.0,6.0,0,0.0,"1x8-10",,10
2023-09-11 21:49:07,"#1 SArms 🦾",51m,"Hammer Curl (Dumbbell)",F,40.0,8.0,0,0.0,"2x8-10, 4 mins",,10
2023-09-11 21:49:07,"#1 SArms 🦾",51m,"Hammer Curl (Dumbbell)",F,35.0,9.0,0,0.0,,,10
2023-09-11 21:49:07,"#1 SArms 🦾",51m,"Tricep Press (Machine)",1,190.0,8.0,0,0.0,"2x6-8, 3 mins",,10
2023-09-11 21:49:07,"#1 SArms 🦾",51m,"Tricep Press (Machine)",2,195.0,8.0,0,0.0,,,10
2023-09-11 21:49:07,"#1 SArms 🦾",51m,"Preacher Curl (Machine)",1,120.0,10.0,0,0.0,"2x8-10, 4 mins",,10
2023-09-13 21:13:07,"#2 Chest/Back (Width)🧬",1h 23m,"Lat Pulldown (Cable)",W,100.0,8.0,0,0.0,"2x6-8, 3 mins","",
2023-09-13 21:13:07,"#2 Chest/Back (Width)🧬",1h 23m,"Lat Pulldown (Cable)",F,185.0,6.0,0,0.0,,,10
2023-09-13 21:13:07,"#2 Chest/Back (Width)🧬",1h 23m,"Lat Pulldown (Cable)",F,180.0,5.0,0,0.0,,,10
2023-09-13 21:13:07,"#2 Chest/Back (Width)🧬",1h 23m,"Bench Press (Barbell)",W,45.0,10.0,0,0.0,"2x6-8, 4 mins",,
2023-09-13 21:13:07,"#2 Chest/Back (Width)🧬",1h 23m,"Bench Press (Barbell)",W,135.0,5.0,0,0.0,,,
2023-09-13 21:13:07,"#2 Chest/Back (Width)🧬",1h 23m,"Bench Press (Barbell)",W,170.0,3.0,0,0.0,,,
2023-09-13 21:13:07,"#2 Chest/Back (Width)🧬",1h 23m,"Bench Press (Barbell)",1,200.0,8.0,0,0.0,,,10
2023-09-13 21:13:07,"#2 Chest/Back (Width)🧬",1h 23m,"T Bar Row",F,135.0,6.0,0,0.0,"2x6-8, 3 mins",,10
2023-09-13 21:13:07,"#2 Chest/Back (Width)🧬",1h 23m,"T Bar Row",2,135.0,8.0,0,0.0,,,10
2023-09-13 21:13:07,"#2 Chest/Back (Width)🧬",1h 23m,"Shrug (Machine)",1,255.0,10.0,0,0.0,"1x8-10",,8
2023-09-13 21:13:07,"#2 Chest/Back (Width)🧬",1h 23m,"Incline Bench Press (Smith Machine)",1,140.0,10.0,0,0.0,"2x8-10, 4 mins",,9
2023-09-13 21:13:07,"#2 Chest/Back (Width)🧬",1h 23m,"Incline Bench Press (Smith Machine)",F,145.0,8.0,0,0.0,,,10
2023-09-13 21:13:07,"#2 Chest/Back (Width)🧬",1h 23m,"Lat Pulldown (Machine)",1,150.0,10.0,0,0.0,"2x8-10, 3 mins",,9
2023-09-13 21:13:07,"#2 Chest/Back (Width)🧬",1h 23m,"Lat Pulldown (Machine)",F,155.0,8.0,0,0.0,,,10
2023-09-13 21:13:07,"#2 Chest/Back (Width)🧬",1h 23m,"Chest Fly",1,140.0,10.0,0,0.0,"2x8-10",,9
2023-09-13 21:13:07,"#2 Chest/Back (Width)🧬",1h 23m,"Chest Fly",F,145.0,9.0,0,0.0,,,9
2023-09-18 21:10:47,"#1 SArms 🦾",51m,"Seated Overhead Press (Dumbbell)",W,45.0,5.0,0,0.0,"1x6-8","",
2023-09-18 21:10:47,"#1 SArms 🦾",51m,"Seated Overhead Press (Dumbbell)",W,50.0,5.0,0,0.0,,,
2023-09-18 21:10:47,"#1 SArms 🦾",51m,"Seated Overhead Press (Dumbbell)",F,70.0,6.0,0,0.0,,,10
2023-09-18 21:10:47,"#1 SArms 🦾",51m,"Triceps Extension (Cable)",F,85.0,8.0,0,0.0,"2x8-10, 3 mins",,10
2023-09-18 21:10:47,"#1 SArms 🦾",51m,"Hammer Curl (Dumbbell)",F,40.0,7.0,0,0.0,"2x8-10, 4 mins",,10
2023-09-18 21:10:47,"#1 SArms 🦾",51m,"Hammer Curl (Dumbbell)",F,40.0,8.0,0,0.0,,,10
2023-09-18 21:10:47,"#1 SArms 🦾",51m,"Tricep Press (Machine)",1,200.0,8.0,0,0.0,"2x6-8, 3 mins",,10
2023-09-18 21:10:47,"#1 SArms 🦾",51m,"Tricep Press (Machine)",2,205.0,8.0,0,0.0,,,10
2023-09-18 21:10:47,"#1 SArms 🦾",51m,"Lateral Raise (Dumbbell)",1,25.0,10.0,0,0.0,"2x8-10, 3 mins",,9
2023-09-18 21:10:47,"#1 SArms 🦾",51m,"Lateral Raise (Dumbbell)",2,25.0,10.0,0,0.0,,,9
2023-09-18 21:10:47,"#1 SArms 🦾",51m,"Preacher Curl (Machine)",F,125.0,8.0,0,0.0,"2x8-10, 4 mins",,10
2023-09-18 21:10:47,"#1 SArms 🦾",51m,"Preacher Curl (Machine)",F,125.0,6.0,0,0.0,,,10
2023-09-25 21:39:18,"#1 SArms 🦾",1h 11m,"Seated Shoulder Press (Smith Machine)",W,110.0,5.0,0,0.0,"1x6-8","",
2023-09-25 21:39:18,"#1 SArms 🦾",1h 11m,"Seated Shoulder Press (Smith Machine)",W,110.0,5.0,0,0.0,,,
2023-09-25 21:39:18,"#1 SArms 🦾",1h 11m,"Seated Shoulder Press (Smith Machine)",F,160.0,4.0,0,0.0,,,10
2023-09-25 21:39:18,"#1 SArms 🦾",1h 11m,"Single Arm Tricep Extension (Cable)",1,20.0,10.0,0,0.0,"2x8-10, 4 mins",,10
2023-09-25 21:39:18,"#1 SArms 🦾",1h 11m,"Single Arm Tricep Extension (Cable)",F,25.0,4.0,0,0.0,,,10
2023-09-25 21:39:18,"#1 SArms 🦾",1h 11m,"Wrist Curl (Cable)",1,50.0,10.0,0,0.0,"2x8-10, 3 mins",,8
2023-09-25 21:39:18,"#1 SArms 🦾",1h 11m,"Wrist Curl (Cable)",2,80.0,10.0,0,0.0,,,9
2023-09-25 21:39:18,"#1 SArms 🦾",1h 11m,"Reverse Fly (Machine)",1,130.0,10.0,0,0.0,"1x8-10",,9
2023-09-25 21:39:18,"#1 SArms 🦾",1h 11m,"Hammer Curl (Dumbbell)",F,40.0,6.0,0,0.0,"2x8-10, 4 mins",,10
2023-09-25 21:39:18,"#1 SArms 🦾",1h 11m,"Hammer Curl (Dumbbell)",F,35.0,8.0,0,0.0,,,10
2023-09-25 21:39:18,"#1 SArms 🦾",1h 11m,"Tricep Press (Machine)",1,205.0,8.0,0,0.0,"2x6-8, 3 mins",,10
2023-09-25 21:39:18,"#1 SArms 🦾",1h 11m,"Tricep Press (Machine)",2,215.0,8.0,0,0.0,,,10
2023-09-25 21:39:18,"#1 SArms 🦾",1h 11m,"Lateral Raise (Cable)",1,10.0,10.0,0,0.0,"2x8-10, 3 mins",,9
2023-09-25 21:39:18,"#1 SArms 🦾",1h 11m,"Lateral Raise (Cable)",F,15.0,5.0,0,0.0,,,10
2023-09-25 21:39:18,"#1 SArms 🦾",1h 11m,"Preacher Curl (Machine)",F,125.0,9.0,0,0.0,"2x8-10, 4 mins",,10
2023-09-25 21:39:18,"#1 SArms 🦾",1h 11m,"Preacher Curl (Machine)",F,125.0,5.0,0,0.0,,,10
2023-09-27 21:38:14,"#2 Chest/Back (Width)🧬",1h 14m,"Lat Pulldown (Cable)",W,100.0,8.0,0,0.0,"2x6-8, 3 mins","",
2023-09-27 21:38:14,"#2 Chest/Back (Width)🧬",1h 14m,"Lat Pulldown (Cable)",1,180.0,8.0,0,0.0,,,9
2023-09-27 21:38:14,"#2 Chest/Back (Width)🧬",1h 14m,"Lat Pulldown (Cable)",F,185.0,4.0,0,0.0,,,10
2023-09-27 21:38:14,"#2 Chest/Back (Width)🧬",1h 14m,"Bench Press (Barbell)",W,45.0,10.0,0,0.0,"2x6-8, 4 mins",,
2023-09-27 21:38:14,"#2 Chest/Back (Width)🧬",1h 14m,"Bench Press (Barbell)",W,135.0,5.0,0,0.0,,,
2023-09-27 21:38:14,"#2 Chest/Back (Width)🧬",1h 14m,"Bench Press (Barbell)",W,170.0,3.0,0,0.0,,,
2023-09-27 21:38:14,"#2 Chest/Back (Width)🧬",1h 14m,"Bench Press (Barbell)",F,205.0,4.0,0,0.0,,,10
2023-09-27 21:38:14,"#2 Chest/Back (Width)🧬",1h 14m,"T Bar Row",F,135.0,7.0,0,0.0,"2x6-8, 3 mins",,10
2023-09-27 21:38:14,"#2 Chest/Back (Width)🧬",1h 14m,"T Bar Row",F,135.0,6.0,0,0.0,,,10
2023-09-27 21:38:14,"#2 Chest/Back (Width)🧬",1h 14m,"Shrug (Machine)",1,205.0,8.0,0,0.0,"1x8-10",,9
2023-09-27 21:38:14,"#2 Chest/Back (Width)🧬",1h 14m,"Incline Bench Press (Smith Machine)",F,145.0,8.0,0,0.0,"2x8-10, 4 mins",,10
2023-09-27 21:38:14,"#2 Chest/Back (Width)🧬",1h 14m,"Incline Bench Press (Smith Machine)",F,140.0,8.0,0,0.0,,,10
2023-09-27 21:38:14,"#2 Chest/Back (Width)🧬",1h 14m,"Iso-Lateral Front Lat Pulldown",1,46.0,10.0,0,0.0,"",,8
2023-09-27 21:38:14,"#2 Chest/Back (Width)🧬",1h 14m,"Chest Fly",F,145.0,8.0,0,0.0,"2x8-10",,10
2023-09-27 21:38:14,"#2 Chest/Back (Width)🧬",1h 14m,"Chest Fly",F,140.0,8.0,0,0.0,,,10
2023-10-04 21:18:57,"#2 Chest/Back (Width)🧬",28m,"Lat Pulldown (Cable)",W,100.0,8.0,0,0.0,"2x6-8, 3 mins","",
2023-10-04 21:18:57,"#2 Chest/Back (Width)🧬",28m,"Lat Pulldown (Cable)",F,175.0,7.0,0,0.0,,,10
2023-10-04 21:18:57,"#2 Chest/Back (Width)🧬",28m,"Lat Pulldown (Cable)",F,175.0,5.0,0,0.0,,,9
2023-10-04 21:18:57,"#2 Chest/Back (Width)🧬",28m,"Incline Bench Press (Smith Machine)",W,70.0,5.0,0,0.0,"2x8-10, 4 mins",,
2023-10-04 21:18:57,"#2 Chest/Back (Width)🧬",28m,"Incline Bench Press (Smith Machine)",W,110.0,3.0,0,0.0,,,
2023-10-04 21:18:57,"#2 Chest/Back (Width)🧬",28m,"Incline Bench Press (Smith Machine)",F,145.0,9.0,0,0.0,,,10
2023-10-04 21:18:57,"#2 Chest/Back (Width)🧬",28m,"Incline Bench Press (Smith Machine)",F,145.0,5.0,0,0.0,,,10
2023-10-05 21:51:19,"#2 3DArms🧬",1h 9m,"Seated Shoulder Press (Smith Machine)",W,110.0,5.0,0,0.0,"1x6-8","",
2023-10-05 21:51:19,"#2 3DArms🧬",1h 9m,"Seated Shoulder Press (Smith Machine)",W,110.0,5.0,0,0.0,,,
2023-10-05 21:51:19,"#2 3DArms🧬",1h 9m,"Seated Shoulder Press (Smith Machine)",F,140.0,6.0,0,0.0,,,10
2023-10-05 21:51:19,"#2 3DArms🧬",1h 9m,"Single Arm Tricep Extension (Cable)",1,20.0,10.0,0,0.0,"2x8-10, 4 mins",,10
2023-10-05 21:51:19,"#2 3DArms🧬",1h 9m,"Single Arm Tricep Extension (Cable)",F,25.0,6.0,0,0.0,,,10
2023-10-05 21:51:19,"#2 3DArms🧬",1h 9m,"Forearm Curl (Dumbbell)",1,10.0,10.0,0,0.0,"2x8-10, 3 mins",,9
2023-10-05 21:51:19,"#2 3DArms🧬",1h 9m,"Forearm Curl (Dumbbell)",2,10.0,10.0,0,0.0,,,9
2023-10-05 21:51:19,"#2 3DArms🧬",1h 9m,"Reverse Fly (Machine)",1,115.0,10.0,0,0.0,"1x8-10",,8
2023-10-05 21:51:19,"#2 3DArms🧬",1h 9m,"Hammer Curl (Dumbbell)",F,35.0,9.0,0,0.0,"2x8-10, 4 mins",,10
2023-10-05 21:51:19,"#2 3DArms🧬",1h 9m,"Hammer Curl (Dumbbell)",F,35.0,8.0,0,0.0,,,10
2023-10-05 21:51:19,"#2 3DArms🧬",1h 9m,"Tricep Press (Machine)",1,205.0,8.0,0,0.0,"2x6-8, 3 mins",,9
2023-10-05 21:51:19,"#2 3DArms🧬",1h 9m,"Tricep Press (Machine)",2,210.0,8.0,0,0.0,,,9
2023-10-05 21:51:19,"#2 3DArms🧬",1h 9m,"Lateral Raise (Cable)",1,10.0,10.0,0,0.0,"2x8-10, 3 mins",,9
2023-10-05 21:51:19,"#2 3DArms🧬",1h 9m,"Lateral Raise (Cable)",2,10.0,10.0,0,0.0,,,10
2023-10-05 21:51:19,"#2 3DArms🧬",1h 9m,"Preacher Curl (Machine)",1,125.0,10.0,0,0.0,"2x8-10, 4 mins",,10
2023-10-05 21:51:19,"#2 3DArms🧬",1h 9m,"Preacher Curl (Machine)",F,130.0,5.0,0,0.0,,,10
2023-10-08 21:05:49,"#1 Chest/Back (Thickness)🧪",53m,"Lat Pulldown (Cable)",W,100.0,8.0,0,0.0,"2x6-8, 3 mins","",
2023-10-08 21:05:49,"#1 Chest/Back (Thickness)🧪",53m,"Lat Pulldown (Cable)",1,175.0,8.0,0,0.0,,,10
2023-10-08 21:05:49,"#1 Chest/Back (Thickness)🧪",53m,"Lat Pulldown (Cable)",F,180.0,6.0,0,0.0,,,10
2023-10-08 21:05:49,"#1 Chest/Back (Thickness)🧪",53m,"Incline Bench Press (Smith Machine)",W,20.0,10.0,0,0.0,"2x8-10, 4 mins",,
2023-10-08 21:05:49,"#1 Chest/Back (Thickness)🧪",53m,"Incline Bench Press (Smith Machine)",W,110.0,3.0,0,0.0,,,
2023-10-08 21:05:49,"#1 Chest/Back (Thickness)🧪",53m,"Incline Bench Press (Smith Machine)",F,145.0,8.0,0,0.0,,,10
2023-10-08 21:05:49,"#1 Chest/Back (Thickness)🧪",53m,"Incline Bench Press (Smith Machine)",F,140.0,8.0,0,0.0,,,10
2023-10-08 21:05:49,"#1 Chest/Back (Thickness)🧪",53m,"T Bar Row",1,90.0,8.0,0,0.0,"2x6-10, 3 mins",,8
2023-10-08 21:05:49,"#1 Chest/Back (Thickness)🧪",53m,"T Bar Row",2,115.0,8.0,0,0.0,,,9
2023-10-08 21:05:49,"#1 Chest/Back (Thickness)🧪",53m,"Shrug (Machine)",1,205.0,10.0,0,0.0,"1x8-10",,9
2023-10-08 21:05:49,"#1 Chest/Back (Thickness)🧪",53m,"Bench Press (Barbell)",F,205.0,5.0,0,0.0,"2x6-8, 4 mins",,10
2023-10-09 21:08:07,"#1 3DArms 💎",1h 27m,"Seated Shoulder Press (Smith Machine)",W,110.0,5.0,0,0.0,"1x6-8","",
2023-10-09 21:08:07,"#1 3DArms 💎",1h 27m,"Seated Shoulder Press (Smith Machine)",W,110.0,5.0,0,0.0,,,
2023-10-09 21:08:07,"#1 3DArms 💎",1h 27m,"Seated Shoulder Press (Smith Machine)",1,140.0,8.0,0,0.0,,,9
2023-10-09 21:08:07,"#1 3DArms 💎",1h 27m,"Single Arm Tricep Extension (Cable)",F,25.0,8.0,0,0.0,"2x8-10, 4 mins",,10
2023-10-09 21:08:07,"#1 3DArms 💎",1h 27m,"Single Arm Tricep Extension (Cable)",2,20.0,10.0,0,0.0,,,9
2023-10-09 21:08:07,"#1 3DArms 💎",1h 27m,"Wrist Curl (Cable)",1,85.0,10.0,0,0.0,"2x8-10, 3 mins",,9
2023-10-09 21:08:07,"#1 3DArms 💎",1h 27m,"Wrist Curl (Cable)",2,90.0,10.0,0,0.0,,,9
2023-10-09 21:08:07,"#1 3DArms 💎",1h 27m,"Rear Delt Fly (Cable)",1,15.0,10.0,0,0.0,"1x8-10",,9
2023-10-09 21:08:07,"#1 3DArms 💎",1h 27m,"Hammer Curl (Dumbbell)",1,35.0,10.0,0,0.0,"2x8-10, 4 mins",,10
2023-10-09 21:08:07,"#1 3DArms 💎",1h 27m,"Hammer Curl (Dumbbell)",F,40.0,7.0,0,0.0,,,10
2023-10-09 21:08:07,"#1 3DArms 💎",1h 27m,"Tricep Press (Machine)",1,215.0,8.0,0,0.0,"2x6-8, 3 mins",,10
2023-10-09 21:08:07,"#1 3DArms 💎",1h 27m,"Tricep Press (Machine)",2,220.0,8.0,0,0.0,,,10
2023-10-09 21:08:07,"#1 3DArms 💎",1h 27m,"Lateral Raise (Cable)",F,15.0,7.0,0,0.0,"2x8-10, 3 mins",,10
2023-10-09 21:08:07,"#1 3DArms 💎",1h 27m,"Lateral Raise (Cable)",2,10.0,10.0,0,0.0,,,9
2023-10-09 21:08:07,"#1 3DArms 💎",1h 27m,"Preacher Curl (Machine)",F,130.0,8.0,0,0.0,"2x8-10, 4 mins",,10
2023-10-11 21:12:31,"#2 Chest/Back (Width)🧬",1h 3m,"Lat Pulldown (Cable)",W,100.0,8.0,0,0.0,"2x6-8, 3 mins","",
2023-10-11 21:12:31,"#2 Chest/Back (Width)🧬",1h 3m,"Lat Pulldown (Cable)",F,180.0,7.0,0,0.0,,,10
2023-10-11 21:12:31,"#2 Chest/Back (Width)🧬",1h 3m,"Lat Pulldown (Cable)",F,180.0,6.0,0,0.0,,,10
2023-10-11 21:12:31,"#2 Chest/Back (Width)🧬",1h 3m,"Bench Press (Barbell)",W,45.0,10.0,0,0.0,"2x6-8, 4 mins",,
2023-10-11 21:12:31,"#2 Chest/Back (Width)🧬",1h 3m,"Bench Press (Barbell)",W,135.0,5.0,0,0.0,,,
2023-10-11 21:12:31,"#2 Chest/Back (Width)🧬",1h 3m,"Bench Press (Barbell)",W,170.0,3.0,0,0.0,,,
2023-10-11 21:12:31,"#2 Chest/Back (Width)🧬",1h 3m,"Bench Press (Barbell)",F,205.0,7.0,0,0.0,,,10
2023-10-11 21:12:31,"#2 Chest/Back (Width)🧬",1h 3m,"Bench Press (Barbell)",F,205.0,4.0,0,0.0,,,10
2023-10-11 21:12:31,"#2 Chest/Back (Width)🧬",1h 3m,"T Bar Row",F,135.0,6.0,0,0.0,"2x6-8, 3 mins",,10
2023-10-11 21:12:31,"#2 Chest/Back (Width)🧬",1h 3m,"T Bar Row",F,135.0,7.0,0,0.0,,,10
2023-10-11 21:12:31,"#2 Chest/Back (Width)🧬",1h 3m,"Shrug (Machine)",1,205.0,10.0,0,0.0,"1x8-10",,8
2023-10-11 21:12:31,"#2 Chest/Back (Width)🧬",1h 3m,"Incline Bench Press (Smith Machine)",F,145.0,7.0,0,0.0,"2x8-10, 4 mins",,10
2023-10-16 21:15:44,"#1 3DArms 💎",41m,"Seated Shoulder Press (Smith Machine)",W,110.0,5.0,0,0.0,"1x6-8","",
2023-10-16 21:15:44,"#1 3DArms 💎",41m,"Seated Shoulder Press (Smith Machine)",W,110.0,5.0,0,0.0,,,
2023-10-16 21:15:44,"#1 3DArms 💎",41m,"Seated Shoulder Press (Smith Machine)",F,145.0,5.0,0,0.0,,,10
2023-10-16 21:15:44,"#1 3DArms 💎",41m,"Single Arm Tricep Extension (Cable)",F,25.0,7.0,0,0.0,"2x8-10, 4 mins",,10
2023-10-16 21:15:44,"#1 3DArms 💎",41m,"Single Arm Tricep Extension (Cable)",2,20.0,10.0,0,0.0,,,9
2023-10-16 21:15:44,"#1 3DArms 💎",41m,"Wrist Curl (Cable)",1,90.0,10.0,0,0.0,"2x8-10, 3 mins",,9
2023-10-16 21:15:44,"#1 3DArms 💎",41m,"Rear Delt Fly (Cable)",1,20.0,10.0,0,0.0,"1x8-10",,10
2023-10-16 21:15:44,"#1 3DArms 💎",41m,"Hammer Curl (Machine)",1,80.0,10.0,0,0.0,"2x8-10, 4 mins",,9
2023-10-16 21:15:44,"#1 3DArms 💎",41m,"Hammer Curl (Machine)",2,90.0,10.0,0,0.0,,,9
2023-10-16 21:15:44,"#1 3DArms 💎",41m,"Tricep Press (Machine)",1,220.0,8.0,0,0.0,"2x6-8, 3 mins",,10
2023-10-18 20:42:04,"#2 Chest/Back (Width)🧬",1h 4m,"Lat Pulldown (Cable)",W,100.0,8.0,0,0.0,"2x6-8, 3 mins","",
2023-10-18 20:42:04,"#2 Chest/Back (Width)🧬",1h 4m,"Lat Pulldown (Cable)",1,180.0,8.0,0,0.0,,,10
2023-10-18 20:42:04,"#2 Chest/Back (Width)🧬",1h 4m,"Lat Pulldown (Cable)",2,180.0,8.0,0,0.0,,,10
2023-10-18 20:42:04,"#2 Chest/Back (Width)🧬",1h 4m,"Bench Press (Barbell)",W,45.0,10.0,0,0.0,"2x6-8, 4 mins",,
2023-10-18 20:42:04,"#2 Chest/Back (Width)🧬",1h 4m,"Bench Press (Barbell)",W,135.0,5.0,0,0.0,,,
2023-10-18 20:42:04,"#2 Chest/Back (Width)🧬",1h 4m,"Bench Press (Barbell)",W,185.0,3.0,0,0.0,,,
2023-10-18 20:42:04,"#2 Chest/Back (Width)🧬",1h 4m,"Bench Press (Barbell)",F,205.0,6.0,0,0.0,,,10
2023-10-18 20:42:04,"#2 Chest/Back (Width)🧬",1h 4m,"T Bar Row",1,135.0,6.0,0,0.0,"2x6-8, 3 mins",,9
2023-10-18 20:42:04,"#2 Chest/Back (Width)🧬",1h 4m,"T Bar Row",2,90.0,8.0,0,0.0,,,9
2023-10-18 20:42:04,"#2 Chest/Back (Width)🧬",1h 4m,"Shrug (Machine)",1,205.0,10.0,0,0.0,"1x8-10",,8
2023-10-18 20:42:04,"#2 Chest/Back (Width)🧬",1h 4m,"Incline Bench Press (Smith Machine)",1,145.0,10.0,0,0.0,"2x8-10, 4 mins",,10
2023-10-18 20:42:04,"#2 Chest/Back (Width)🧬",1h 4m,"Incline Bench Press (Smith Machine)",F,150.0,7.0,0,0.0,,,10
2023-10-18 20:42:04,"#2 Chest/Back (Width)🧬",1h 4m,"Iso-Lateral Front Lat Pulldown",1,70.0,10.0,0,0.0,"2x8-10, 3 mins",,9
2023-10-18 20:42:04,"#2 Chest/Back (Width)🧬",1h 4m,"Chest Fly",1,145.0,10.0,0,0.0,"2x8-10",,9
2023-10-22 21:13:06,"#1 Chest/Back (Thickness)🧪",1h 12m,"Lat Pulldown (Cable)",W,100.0,8.0,0,0.0,"2x6-8, 3 mins","",
2023-10-22 21:13:06,"#1 Chest/Back (Thickness)🧪",1h 12m,"Lat Pulldown (Cable)",F,185.0,7.0,0,0.0,,,10
2023-10-22 21:13:06,"#1 Chest/Back (Thickness)🧪",1h 12m,"Lat Pulldown (Cable)",F,185.0,3.0,0,0.0,,,10
2023-10-22 21:13:06,"#1 Chest/Back (Thickness)🧪",1h 12m,"Bench Press (Barbell)",W,45.0,10.0,0,0.0,"2x6-8, 4 mins",,
2023-10-22 21:13:06,"#1 Chest/Back (Thickness)🧪",1h 12m,"Bench Press (Barbell)",W,135.0,5.0,0,0.0,,,
2023-10-22 21:13:06,"#1 Chest/Back (Thickness)🧪",1h 12m,"Bench Press (Barbell)",W,185.0,3.0,0,0.0,,,
2023-10-22 21:13:06,"#1 Chest/Back (Thickness)🧪",1h 12m,"Bench Press (Barbell)",F,205.0,5.0,0,0.0,,,9
2023-10-22 21:13:06,"#1 Chest/Back (Thickness)🧪",1h 12m,"Bench Press (Barbell)",F,205.0,6.0,0,0.0,,,9
2023-10-22 21:13:06,"#1 Chest/Back (Thickness)🧪",1h 12m,"T Bar Row",1,90.0,8.0,0,0.0,"2x6-8, 3 mins",,9
2023-10-22 21:13:06,"#1 Chest/Back (Thickness)🧪",1h 12m,"T Bar Row",2,95.0,8.0,0,0.0,,,9
2023-10-22 21:13:06,"#1 Chest/Back (Thickness)🧪",1h 12m,"Shrug (Machine)",1,205.0,10.0,0,0.0,"1x8-10",,8
2023-10-22 21:13:06,"#1 Chest/Back (Thickness)🧪",1h 12m,"Incline Bench Press (Smith Machine)",F,150.0,8.0,0,0.0,"2x8-10, 4 mins",,10
2023-10-22 21:13:06,"#1 Chest/Back (Thickness)🧪",1h 12m,"Incline Bench Press (Smith Machine)",F,145.0,6.0,0,0.0,,,10
2023-10-22 21:13:06,"#1 Chest/Back (Thickness)🧪",1h 12m,"Chest Fly",1,150.0,10.0,0,0.0,"2x8-10, 3 mins",,10
2023-10-25 21:09:26,"#2 Chest/Back (Width)🧬",1h 12m,"Lat Pulldown (Cable)",W,100.0,8.0,0,0.0,"2x6-8, 3 mins","",
2023-10-25 21:09:26,"#2 Chest/Back (Width)🧬",1h 12m,"Lat Pulldown (Cable)",F,185.0,7.0,0,0.0,,,10
2023-10-25 21:09:26,"#2 Chest/Back (Width)🧬",1h 12m,"Lat Pulldown (Cable)",F,175.0,7.0,0,0.0,,,10
2023-10-25 21:09:26,"#2 Chest/Back (Width)🧬",1h 12m,"Bench Press (Barbell)",W,45.0,10.0,0,0.0,"2x6-8, 4 mins",,
2023-10-25 21:09:26,"#2 Chest/Back (Width)🧬",1h 12m,"Bench Press (Barbell)",W,135.0,5.0,0,0.0,,,
2023-10-25 21:09:26,"#2 Chest/Back (Width)🧬",1h 12m,"Bench Press (Barbell)",W,185.0,2.0,0,0.0,,,
2023-10-25 21:09:26,"#2 Chest/Back (Width)🧬",1h 12m,"Bench Press (Barbell)",1,205.0,8.0,0,0.0,,,10
2023-10-25 21:09:26,"#2 Chest/Back (Width)🧬",1h 12m,"Bench Press (Barbell)",F,210.0,5.0,0,0.0,,,10
2023-10-25 21:09:26,"#2 Chest/Back (Width)🧬",1h 12m,"Shrug (Machine)",F,205.0,25.0,0,0.0,"1x8-10",,9
2023-10-25 21:09:26,"#2 Chest/Back (Width)🧬",1h 12m,"Incline Bench Press (Smith Machine)",F,150.0,9.0,0,0.0,"2x8-10, 4 mins",,10
2023-10-25 21:09:26,"#2 Chest/Back (Width)🧬",1h 12m,"Incline Bench Press (Smith Machine)",2,130.0,10.0,0,0.0,,,10
2023-10-25 21:09:26,"#2 Chest/Back (Width)🧬",1h 12m,"Lat Pulldown (Single Arm)",1,40.0,10.0,0,0.0,"2x8-10, 3 mins",,9
2023-10-25 21:09:26,"#2 Chest/Back (Width)🧬",1h 12m,"Lat Pulldown (Single Arm)",F,55.0,8.0,0,0.0,,,10
2023-10-25 21:09:26,"#2 Chest/Back (Width)🧬",1h 12m,"Chest Fly",1,155.0,10.0,0,0.0,"1x8-10",,10
2023-10-30 21:20:54,"#1 3DArms 💎",1h 10m,"Seated Shoulder Press (Smith Machine)",W,110.0,5.0,0,0.0,"1x6-8","",
2023-10-30 21:20:54,"#1 3DArms 💎",1h 10m,"Seated Shoulder Press (Smith Machine)",W,110.0,5.0,0,0.0,,,
2023-10-30 21:20:54,"#1 3DArms 💎",1h 10m,"Seated Shoulder Press (Smith Machine)",1,130.0,8.0,0,0.0,,,9
2023-10-30 21:20:54,"#1 3DArms 💎",1h 10m,"Single Arm Tricep Extension (Cable)",F,25.0,7.0,0,0.0,"2x8-10, 4 mins",,10
2023-10-30 21:20:54,"#1 3DArms 💎",1h 10m,"Single Arm Tricep Extension (Cable)",2,20.0,10.0,0,0.0,,,9
2023-10-30 21:20:54,"#1 3DArms 💎",1h 10m,"Rear Delt Fly (Cable)",1,15.0,10.0,0,0.0,"1x8-10",,9
2023-10-30 21:20:54,"#1 3DArms 💎",1h 10m,"Hammer Curl (Machine)",1,90.0,10.0,0,0.0,"2x8-10, 4 mins",,9
2023-10-30 21:20:54,"#1 3DArms 💎",1h 10m,"Hammer Curl (Machine)",2,95.0,10.0,0,0.0,,,10
2023-10-30 21:20:54,"#1 3DArms 💎",1h 10m,"Tricep Press (Machine)",1,225.0,8.0,0,0.0,"2x6-8, 3 mins",,10
2023-10-30 21:20:54,"#1 3DArms 💎",1h 10m,"Tricep Press (Machine)",F,230.0,5.0,0,0.0,,,10
2023-10-30 21:20:54,"#1 3DArms 💎",1h 10m,"Lateral Raise (Cable)",1,10.0,10.0,0,0.0,"2x8-10, 3 mins",,9
2023-10-30 21:20:54,"#1 3DArms 💎",1h 10m,"Lateral Raise (Cable)",F,15.0,7.0,0,0.0,,,10
2023-10-30 21:20:54,"#1 3DArms 💎",1h 10m,"Single Arm Preacher Curl (Machine)",1,40.0,10.0,0,0.0,"2x8-10, 4 mins",,9
2023-10-30 21:20:54,"#1 3DArms 💎",1h 10m,"Single Arm Preacher Curl (Machine)",2,50.0,10.0,0,0.0,,,9
2023-11-01 21:24:31,"#2 Chest/Back Width🧬",1h 2m,"Lat Pulldown (Cable)",W,100.0,8.0,0,0.0,"2x6-8, 3 mins","",
2023-11-01 21:24:31,"#2 Chest/Back Width🧬",1h 2m,"Lat Pulldown (Cable)",1,175.0,8.0,0,0.0,,,9
2023-11-01 21:24:31,"#2 Chest/Back Width🧬",1h 2m,"Lat Pulldown (Cable)",F,180.0,5.0,0,0.0,,,10
2023-11-01 21:24:31,"#2 Chest/Back Width🧬",1h 2m,"Bench Press (Barbell)",W,45.0,10.0,0,0.0,"2x6-8, 4 mins",,
2023-11-01 21:24:31,"#2 Chest/Back Width🧬",1h 2m,"Bench Press (Barbell)",W,135.0,5.0,0,0.0,,,
2023-11-01 21:24:31,"#2 Chest/Back Width🧬",1h 2m,"Bench Press (Barbell)",W,185.0,2.0,0,0.0,,,
2023-11-01 21:24:31,"#2 Chest/Back Width🧬",1h 2m,"Bench Press (Barbell)",F,210.0,5.0,0,0.0,,,10
2023-11-01 21:24:31,"#2 Chest/Back Width🧬",1h 2m,"Shrug (Machine)",F,205.0,29.0,0,0.0,"1xFailure",,9
2023-11-01 21:24:31,"#2 Chest/Back Width🧬",1h 2m,"Incline Bench Press (Smith Machine)",1,150.0,10.0,0,0.0,"2x8-10, 4 mins",,9
2023-11-01 21:24:31,"#2 Chest/Back Width🧬",1h 2m,"Incline Bench Press (Smith Machine)",F,155.0,7.0,0,0.0,,,10
2023-11-01 21:24:31,"#2 Chest/Back Width🧬",1h 2m,"Iso-Lateral High Row",1,90.0,10.0,0,0.0,"",,
2023-11-01 21:24:31,"#2 Chest/Back Width🧬",1h 2m,"Arsenal Strength Chest Fly (Machine)",1,120.0,10.0,0,0.0,"1x8-10",,9
2023-11-02 21:28:49,"#2 3DArms🧬",1h 12m,"Arsenal Strength Shoulder Press (Machine)",W,63.0,5.0,0,0.0,"1x6-8","",
2023-11-02 21:28:49,"#2 3DArms🧬",1h 12m,"Arsenal Strength Shoulder Press (Machine)",W,63.0,5.0,0,0.0,,,
2023-11-02 21:28:49,"#2 3DArms🧬",1h 12m,"Arsenal Strength Shoulder Press (Machine)",1,108.0,8.0,0,0.0,,,
2023-11-02 21:28:49,"#2 3DArms🧬",1h 12m,"Single Arm Tricep Extension (Cable)",F,25.0,8.0,0,0.0,"2x8-10, 4 mins",,10
2023-11-02 21:28:49,"#2 3DArms🧬",1h 12m,"Single Arm Tricep Extension (Cable)",F,25.0,7.0,0,0.0,,,10
2023-11-02 21:28:49,"#2 3DArms🧬",1h 12m,"Forearm Curl (Dumbbell)",F,10.0,31.0,0,0.0,"2xFailure, 3 mins",,10
2023-11-02 21:28:49,"#2 3DArms🧬",1h 12m,"Forearm Curl (Dumbbell)",F,15.0,8.0,0,0.0,,,10
2023-11-02 21:28:49,"#2 3DArms🧬",1h 12m,"Hammer Curl (Machine)",1,100.0,10.0,0,0.0,"2x8-10, 4 mins",,9
2023-11-02 21:28:49,"#2 3DArms🧬",1h 12m,"Hammer Curl (Machine)",2,105.0,10.0,0,0.0,,,10
2023-11-02 21:28:49,"#2 3DArms🧬",1h 12m,"JM Press (Smith Machine)",1,110.0,8.0,0,0.0,"2x6-8, 3 mins",,9
2023-11-02 21:28:49,"#2 3DArms🧬",1h 12m,"JM Press (Smith Machine)",2,120.0,8.0,0,0.0,,,9
2023-11-02 21:28:49,"#2 3DArms🧬",1h 12m,"Arsenal Strength Lateral Raise (Machine)",1,20.0,10.0,0,0.0,"2x8-10, 3 mins",,8
2023-11-02 21:28:49,"#2 3DArms🧬",1h 12m,"Arsenal Strength Lateral Raise (Machine)",2,60.0,10.0,0,0.0,,,10
2023-11-02 21:28:49,"#2 3DArms🧬",1h 12m,"Single Arm Preacher Curl (Machine)",1,55.0,10.0,0,0.0,"2x8-10, 4 mins",,9
2023-11-05 17:09:53,"#1 Chest/Back Thickness🧪",1h 20m,"Seated Row (Cable)",W,70.0,8.0,0,0.0,"","",
2023-11-05 17:09:53,"#1 Chest/Back Thickness🧪",1h 20m,"Seated Row (Cable)",1,120.0,8.0,0,0.0,,,
2023-11-05 17:09:53,"#1 Chest/Back Thickness🧪",1h 20m,"Seated Row (Cable)",2,140.0,8.0,0,0.0,,,
2023-11-05 17:09:53,"#1 Chest/Back Thickness🧪",1h 20m,"Bench Press (Barbell)",W,45.0,10.0,0,0.0,"2x6-8, 4 mins",,
2023-11-05 17:09:53,"#1 Chest/Back Thickness🧪",1h 20m,"Bench Press (Barbell)",W,135.0,5.0,0,0.0,,,
2023-11-05 17:09:53,"#1 Chest/Back Thickness🧪",1h 20m,"Bench Press (Barbell)",W,185.0,2.0,0,0.0,,,
2023-11-05 17:09:53,"#1 Chest/Back Thickness🧪",1h 20m,"Bench Press (Barbell)",1,225.0,2.0,0,0.0,,,10
2023-11-05 17:09:53,"#1 Chest/Back Thickness🧪",1h 20m,"Bench Press (Barbell)",2,210.0,5.0,0,0.0,,,10
2023-11-05 17:09:53,"#1 Chest/Back Thickness🧪",1h 20m,"Incline Bench Press (Dumbbell)",1,65.0,10.0,0,0.0,"",,
2023-11-05 17:09:53,"#1 Chest/Back Thickness🧪",1h 20m,"Incline Bench Press (Dumbbell)",2,70.0,8.0,0,0.0,,,
2023-11-05 17:09:53,"#1 Chest/Back Thickness🧪",1h 20m,"Iso-Lateral Row (Machine)",1,198.0,10.0,0,0.0,"2x8-10, 3 mins",,9
2023-11-06 21:08:56,"#1 ShArms 💎",1h 26m,"Arsenal Strength Shoulder Press (Machine)",W,63.0,5.0,0,0.0,"1x6-8","",
2023-11-06 21:08:56,"#1 ShArms 💎",1h 26m,"Arsenal Strength Shoulder Press (Machine)",W,63.0,5.0,0,0.0,,,
2023-11-06 21:08:56,"#1 ShArms 💎",1h 26m,"Arsenal Strength Shoulder Press (Machine)",1,108.0,8.0,0,0.0,,,10
2023-11-06 21:08:56,"#1 ShArms 💎",1h 26m,"Single Arm Tricep Extension (Cable)",F,25.0,8.0,0,0.0,"2x8-10, 4 mins",,10
2023-11-06 21:08:56,"#1 ShArms 💎",1h 26m,"Wrist Curl (Cable)",1,80.0,15.0,0,0.0,"2xFailure, 3 mins",,9
2023-11-06 21:08:56,"#1 ShArms 💎",1h 26m,"Wrist Curl (Cable)",F,80.0,20.0,0,0.0,,,10
2023-11-06 21:08:56,"#1 ShArms 💎",1h 26m,"Rear Delt Fly (Cable)",1,15.0,10.0,0,0.0,"1x8-10",,9
2023-11-06 21:08:56,"#1 ShArms 💎",1h 26m,"Hammer Curl (Machine)",F,110.0,9.0,0,0.0,"2x8-10, 4 mins",,10
2023-11-06 21:08:56,"#1 ShArms 💎",1h 26m,"Hammer Curl (Machine)",F,110.0,8.0,0,0.0,,,10
2023-11-06 21:08:56,"#1 ShArms 💎",1h 26m,"JM Press (Smith Machine)",1,125.0,8.0,0,0.0,"2x6-8, 3 mins",,9
2023-11-06 21:08:56,"#1 ShArms 💎",1h 26m,"JM Press (Smith Machine)",2,130.0,8.0,0,0.0,,,10
2023-11-06 21:08:56,"#1 ShArms 💎",1h 26m,"Arsenal Strength Lateral Raise (Machine)",1,70.0,10.0,0,0.0,"2x8-10, 3 mins",,9
2023-11-06 21:08:56,"#1 ShArms 💎",1h 26m,"Arsenal Strength Lateral Raise (Machine)",F,50.0,14.0,0,0.0,,,10
2023-11-06 21:08:56,"#1 ShArms 💎",1h 26m,"Single Arm Preacher Curl (Machine)",F,60.0,6.0,0,0.0,"2x8-10, 4 mins",,10
2023-11-06 21:08:56,"#1 ShArms 💎",1h 26m,"Single Arm Preacher Curl (Machine)",F,50.0,8.0,0,0.0,,,10
2023-11-08 21:38:50,"Upper Chest/Back Width🧬",1h 5m,"Lat Pulldown (Cable)",W,100.0,8.0,0,0.0,"2x6-8, 3 mins","",
2023-11-08 21:38:50,"Upper Chest/Back Width🧬",1h 5m,"Lat Pulldown (Cable)",F,180.0,7.0,0,0.0,,,10
2023-11-08 21:38:50,"Upper Chest/Back Width🧬",1h 5m,"Lat Pulldown (Cable)",F,180.0,6.0,0,0.0,,,10
2023-11-08 21:38:50,"Upper Chest/Back Width🧬",1h 5m,"Incline Bench Press (Smith Machine)",W,20.0,10.0,0,0.0,"2x8-10, 4 mins",,
2023-11-08 21:38:50,"Upper Chest/Back Width🧬",1h 5m,"Incline Bench Press (Smith Machine)",W,70.0,5.0,0,0.0,,,
2023-11-08 21:38:50,"Upper Chest/Back Width🧬",1h 5m,"Incline Bench Press (Smith Machine)",W,110.0,3.0,0,0.0,,,
2023-11-08 21:38:50,"Upper Chest/Back Width🧬",1h 5m,"Incline Bench Press (Smith Machine)",F,155.0,9.0,0,0.0,,,10
2023-11-08 21:38:50,"Upper Chest/Back Width🧬",1h 5m,"Incline Bench Press (Smith Machine)",F,155.0,5.0,0,0.0,,,10
2023-11-08 21:38:50,"Upper Chest/Back Width🧬",1h 5m,"Pull Up (Assisted)",F,33.0,15.0,0,0.0,"2xFailure, 3 mins",,10
2023-11-08 21:38:50,"Upper Chest/Back Width🧬",1h 5m,"Pull Up (Assisted)",F,33.0,8.0,0,0.0,,,10
2023-11-08 21:38:50,"Upper Chest/Back Width🧬",1h 5m,"Arsenal Strength Chest Fly (Machine)",1,130.0,10.0,0,0.0,"1x8-10",,9
2023-11-12 21:12:00,"🅿️ush Day",58m,"Bench Press (Barbell)",W,45.0,10.0,0,0.0,"2x6-8, 4 mins","",
2023-11-12 21:12:00,"🅿️ush Day",58m,"Bench Press (Barbell)",W,135.0,5.0,0,0.0,,,
2023-11-12 21:12:00,"🅿️ush Day",58m,"Bench Press (Barbell)",W,185.0,2.0,0,0.0,,,
2023-11-12 21:12:00,"🅿️ush Day",58m,"Bench Press (Barbell)",F,210.0,4.0,0,0.0,,,10
2023-11-12 21:12:00,"🅿️ush Day",58m,"Bench Press (Barbell)",F,205.0,3.0,0,0.0,,,9
2023-11-12 21:12:00,"🅿️ush Day",58m,"Single Arm Tricep Extension (Cable)",F,25.0,8.0,0,0.0,"2x8-10, 4 mins",,10
2023-11-12 21:12:00,"🅿️ush Day",58m,"Single Arm Tricep Extension (Cable)",2,20.0,10.0,0,0.0,,,9
2023-11-12 21:12:00,"🅿️ush Day",58m,"Arsenal Strength Lateral Raise (Machine)",1,70.0,10.0,0,0.0,"2x8-10, 3 mins",,9
2023-11-12 21:12:00,"🅿️ush Day",58m,"Arsenal Strength Lateral Raise (Machine)",2,80.0,10.0,0,0.0,,,9
2023-11-12 21:12:00,"🅿️ush Day",58m,"Arsenal Strength Reloaded Iso Flat Press",F,200.0,7.0,0,0.0,"1x8-10",,10
2023-11-12 21:12:00,"🅿️ush Day",58m,"Triceps Pushdown (Cable - Straight Bar)",1,65.0,8.0,0,0.0,"1x6-8",,9
2023-11-12 21:12:00,"🅿️ush Day",58m,"Arsenal Strength Chest Fly (Machine)",1,140.0,10.0,0,0.0,"1x8-10",,9
2023-11-13 21:17:20,"Pull Day♦️",48m,"Arsenal Strength Reload T Row",W,50.0,8.0,0,0.0,"2x6-8, 3 mins","",
2023-11-13 21:17:20,"Pull Day♦️",48m,"Arsenal Strength Reload T Row",1,100.0,8.0,0,0.0,,,9
2023-11-13 21:17:20,"Pull Day♦️",48m,"Arsenal Strength Reload T Row",2,110.0,8.0,0,0.0,,,10
2023-11-13 21:17:20,"Pull Day♦️",48m,"Hammer Curl (Machine)",1,110.0,10.0,0,0.0,"2x8-10, 4 mins",,10
2023-11-13 21:17:20,"Pull Day♦️",48m,"Hammer Curl (Machine)",F,115.0,6.0,0,0.0,,,10
2023-11-13 21:17:20,"Pull Day♦️",48m,"Seated Row (Machine)",1,130.0,10.0,0,0.0,"2x8-10, 4 mins",,9
2023-11-13 21:17:20,"Pull Day♦️",48m,"Seated Row (Machine)",2,135.0,10.0,0,0.0,,,9
2023-11-13 21:17:20,"Pull Day♦️",48m,"Shrug (Machine)",1,255.0,16.0,0,0.0,"1xFailure",,9
2023-11-13 21:17:20,"Pull Day♦️",48m,"Single Arm Preacher Curl (Machine)",1,50.0,10.0,0,0.0,"2x8-10, 4 mins",,9
2023-11-13 21:17:20,"Pull Day♦️",48m,"Single Arm Preacher Curl (Machine)",F,55.0,8.0,0,0.0,,,10
2023-11-13 21:17:20,"Pull Day♦️",48m,"Rear Delt Fly (Cable)",1,15.0,10.0,0,0.0,"1x8-10",,9
2023-11-19 20:47:47,"🅿️ush Day",54m,"Bench Press (Barbell)",W,45.0,10.0,0,0.0,"2x6-8, 4 mins","",
2023-11-19 20:47:47,"🅿️ush Day",54m,"Bench Press (Barbell)",W,135.0,5.0,0,0.0,,,
2023-11-19 20:47:47,"🅿️ush Day",54m,"Bench Press (Barbell)",W,185.0,2.0,0,0.0,,,
2023-11-19 20:47:47,"🅿️ush Day",54m,"Bench Press (Barbell)",F,205.0,6.0,0,0.0,,,10
2023-11-19 20:47:47,"🅿️ush Day",54m,"Bench Press (Barbell)",F,205.0,4.0,0,0.0,,,9
2023-11-19 20:47:47,"🅿️ush Day",54m,"Triceps Extension (Cable)",1,30.0,10.0,0,0.0,"2x8-10, 4 mins",,9
2023-11-19 20:47:47,"🅿️ush Day",54m,"Triceps Extension (Cable)",2,35.0,10.0,0,0.0,,,9
2023-11-19 20:47:47,"🅿️ush Day",54m,"Arsenal Strength Lateral Raise (Machine)",1,70.0,10.0,0,0.0,"2x8-10, 3 mins",,9
2023-11-19 20:47:47,"🅿️ush Day",54m,"Arsenal Strength Lateral Raise (Machine)",F,70.0,14.0,0,0.0,,,10
2023-11-19 20:47:47,"🅿️ush Day",54m,"Arsenal Strength Reloaded Iso Flat Press",F,200.0,9.0,0,0.0,"2x8-10, 3 mins",,10
2023-11-19 20:47:47,"🅿️ush Day",54m,"Arsenal Strength Reloaded Iso Flat Press",F,200.0,8.0,0,0.0,,,10
2023-11-19 20:47:47,"🅿️ush Day",54m,"Triceps Pushdown (Cable - Straight Bar)",1,50.0,8.0,0,0.0,"1x6-8",,9
2023-11-19 20:47:47,"🅿️ush Day",54m,"Arsenal Strength Chest Fly (Machine)",F,160.0,5.0,0,0.0,"1x8-10",,10
2023-11-22 21:01:23,"Upper Chest/Back Width❄️",52m,"Lat Pulldown (Cable)",W,100.0,8.0,0,0.0,"2x6-8, 3 mins","",
2023-11-22 21:01:23,"Upper Chest/Back Width❄️",52m,"Lat Pulldown (Cable)",F,180.0,6.0,0,0.0,,,10
2023-11-22 21:01:23,"Upper Chest/Back Width❄️",52m,"Lat Pulldown (Cable)",2,160.0,8.0,0,0.0,,,9
2023-11-22 21:01:23,"Upper Chest/Back Width❄️",52m,"Incline Bench Press (Smith Machine)",W,20.0,10.0,0,0.0,"2x8-10, 4 mins",,
2023-11-22 21:01:23,"Upper Chest/Back Width❄️",52m,"Incline Bench Press (Smith Machine)",W,70.0,5.0,0,0.0,,,
2023-11-22 21:01:23,"Upper Chest/Back Width❄️",52m,"Incline Bench Press (Smith Machine)",W,110.0,3.0,0,0.0,,,
2023-11-22 21:01:23,"Upper Chest/Back Width❄️",52m,"Incline Bench Press (Smith Machine)",1,155.0,10.0,0,0.0,,,10
2023-11-22 21:01:23,"Upper Chest/Back Width❄️",52m,"Incline Bench Press (Smith Machine)",F,160.0,4.0,0,0.0,,,10
2023-11-22 21:01:23,"Upper Chest/Back Width❄️",52m,"Shrug (Machine)",1,205.0,15.0,0,0.0,"1xFailure",,8
2023-11-22 21:01:23,"Upper Chest/Back Width❄️",52m,"Iso-Lateral Incline Press",1,180.0,8.0,0,0.0,"2x6-8, 4 mins",,9
2023-11-22 21:01:23,"Upper Chest/Back Width❄️",52m,"Iso-Lateral Incline Press",2,200.0,8.0,0,0.0,,,10
2023-11-22 21:01:23,"Upper Chest/Back Width❄️",52m,"Pull Up (Assisted)",F,33.0,16.0,0,0.0,"2xFailure, 3 mins",,10
2023-11-27 20:43:02,"Pull Day♦️",49m,"Arsenal Strength Reload T Row",W,50.0,8.0,0,0.0,"2x6-8, 3 mins","",
2023-11-27 20:43:02,"Pull Day♦️",49m,"Arsenal Strength Reload T Row",1,110.0,8.0,0,0.0,,,9
2023-11-27 20:43:02,"Pull Day♦️",49m,"Arsenal Strength Reload T Row",2,115.0,8.0,0,0.0,,,10
2023-11-27 20:43:02,"Pull Day♦️",49m,"Hammer Curl (Machine)",F,115.0,7.0,0,0.0,"2x8-10, 4 mins",,10
2023-11-27 20:43:02,"Pull Day♦️",49m,"Hammer Curl (Machine)",F,110.0,7.0,0,0.0,,,10
2023-11-27 20:43:02,"Pull Day♦️",49m,"Shrug (Machine)",F,225.0,19.0,0,0.0,"1xFailure",,9
2023-11-27 20:43:02,"Pull Day♦️",49m,"Seated Row (Machine)",1,135.0,10.0,0,0.0,"2x8-10, 4 mins",,9
2023-11-27 20:43:02,"Pull Day♦️",49m,"Seated Row (Machine)",2,140.0,10.0,0,0.0,,,9
2023-11-27 20:43:02,"Pull Day♦️",49m,"Rear Delt Fly (Cable)",1,15.0,10.0,0,0.0,"1xFailure",,9
2023-11-27 20:43:02,"Pull Day♦️",49m,"Single Arm Preacher Curl (Machine)",F,55.0,8.0,0,0.0,"2x8-10, 4 mins",,10
2023-11-27 20:43:02,"Pull Day♦️",49m,"Single Arm Preacher Curl (Machine)",F,50.0,8.0,0,0.0,,,10
2023-11-29 20:02:37,"Upper Chest/Back Width❄️",1h 1m,"Lat Pulldown (Cable)",W,100.0,8.0,0,0.0,"2x6-8, 3 mins","",
2023-11-29 20:02:37,"Upper Chest/Back Width❄️",1h 1m,"Lat Pulldown (Cable)",1,160.0,8.0,0,0.0,,,9
2023-11-29 20:02:37,"Upper Chest/Back Width❄️",1h 1m,"Lat Pulldown (Cable)",2,165.0,8.0,0,0.0,,,9
2023-11-29 20:02:37,"Upper Chest/Back Width❄️",1h 1m,"Incline Bench Press (Smith Machine)",W,20.0,10.0,0,0.0,"2x8-10, 4 mins",,
2023-11-29 20:02:37,"Upper Chest/Back Width❄️",1h 1m,"Incline Bench Press (Smith Machine)",W,70.0,5.0,0,0.0,,,
2023-11-29 20:02:37,"Upper Chest/Back Width❄️",1h 1m,"Incline Bench Press (Smith Machine)",W,110.0,3.0,0,0.0,,,
2023-11-29 20:02:37,"Upper Chest/Back Width❄️",1h 1m,"Incline Bench Press (Smith Machine)",F,160.0,9.0,0,0.0,,,10
2023-11-29 20:02:37,"Upper Chest/Back Width❄️",1h 1m,"Incline Bench Press (Smith Machine)",F,160.0,7.0,0,0.0,,,10
2023-11-29 20:02:37,"Upper Chest/Back Width❄️",1h 1m,"Shrug (Machine)",F,225.0,20.0,0,0.0,"1xFailure",,10
2023-11-29 20:02:37,"Upper Chest/Back Width❄️",1h 1m,"Iso-Lateral Incline Press",F,210.0,7.0,0,0.0,"2x6-8, 4 mins",,10
2023-11-29 20:02:37,"Upper Chest/Back Width❄️",1h 1m,"Iso-Lateral Incline Press",F,210.0,4.0,0,0.0,,,10
2023-11-29 20:02:37,"Upper Chest/Back Width❄️",1h 1m,"Pull Up (Assisted)",F,26.0,13.0,0,0.0,"2xFailure, 3 mins",,10
2023-11-29 20:02:37,"Upper Chest/Back Width❄️",1h 1m,"Pull Up (Assisted)",F,26.0,9.0,0,0.0,,,10
2023-11-29 20:02:37,"Upper Chest/Back Width❄️",1h 1m,"Arsenal Strength Chest Fly (Machine)",F,160.0,9.0,0,0.0,"1x8-10",,10
2023-12-03 21:13:44,"🅿️ush Day",1h 7m,"Bench Press (Barbell)",W,45.0,10.0,0,0.0,"2x6-8, 4 mins","",
2023-12-03 21:13:44,"🅿️ush Day",1h 7m,"Bench Press (Barbell)",W,135.0,5.0,0,0.0,,,
2023-12-03 21:13:44,"🅿️ush Day",1h 7m,"Bench Press (Barbell)",W,185.0,2.0,0,0.0,,,
2023-12-03 21:13:44,"🅿️ush Day",1h 7m,"Bench Press (Barbell)",F,210.0,4.0,0,0.0,,,10
2023-12-03 21:13:44,"🅿️ush Day",1h 7m,"Triceps Extension (Cable)",1,40.0,10.0,0,0.0,"2x8-10, 4 mins",,9
2023-12-03 21:13:44,"🅿️ush Day",1h 7m,"Triceps Extension (Cable)",F,50.0,6.0,0,0.0,,,10
2023-12-03 21:13:44,"🅿️ush Day",1h 7m,"Arsenal Strength Lateral Raise (Machine)",F,80.0,16.0,0,0.0,"2x8-10, 3 mins",,10
2023-12-03 21:13:44,"🅿️ush Day",1h 7m,"Arsenal Strength Lateral Raise (Machine)",F,80.0,8.0,0,0.0,,,10
2023-12-03 21:13:44,"🅿️ush Day",1h 7m,"Arsenal Strength Reloaded Iso Flat Press",F,220.0,8.0,0,0.0,"2x8-10, 3 mins",,10
2023-12-03 21:13:44,"🅿️ush Day",1h 7m,"Arsenal Strength Reloaded Iso Flat Press",F,220.0,7.0,0,0.0,,,10
2023-12-03 21:13:44,"🅿️ush Day",1h 7m,"Triceps Pushdown (Cable - Straight Bar)",1,70.0,8.0,0,0.0,"1x6-8",,9
2023-12-03 21:13:44,"🅿️ush Day",1h 7m,"Arsenal Strength Chest Fly (Machine)",F,160.0,8.0,0,0.0,"1x8-10",,10
2023-12-07 20:46:38,"Upper Chest/Back Width❄️",1h 5m,"Lat Pulldown (Cable)",F,175.0,7.0,0,0.0,"2x6-8, 3 mins","",10
2023-12-07 20:46:38,"Upper Chest/Back Width❄️",1h 5m,"Lat Pulldown (Cable)",2,160.0,8.0,0,0.0,,,9
2023-12-07 20:46:38,"Upper Chest/Back Width❄️",1h 5m,"Incline Bench Press (Smith Machine)",W,20.0,10.0,0,0.0,"2x8-10, 4 mins",,
2023-12-07 20:46:38,"Upper Chest/Back Width❄️",1h 5m,"Incline Bench Press (Smith Machine)",W,70.0,5.0,0,0.0,,,
2023-12-07 20:46:38,"Upper Chest/Back Width❄️",1h 5m,"Incline Bench Press (Smith Machine)",W,110.0,3.0,0,0.0,,,
2023-12-07 20:46:38,"Upper Chest/Back Width❄️",1h 5m,"Incline Bench Press (Smith Machine)",F,160.0,8.0,0,0.0,,,10
2023-12-07 20:46:38,"Upper Chest/Back Width❄️",1h 5m,"Incline Bench Press (Smith Machine)",2,140.0,10.0,0,0.0,,,9
2023-12-07 20:46:38,"Upper Chest/Back Width❄️",1h 5m,"Lat Pullover (Cable)",1,50.0,10.0,0,0.0,"",,9
2023-12-07 20:46:38,"Upper Chest/Back Width❄️",1h 5m,"Iso-Lateral Incline Press",1,210.0,8.0,0,0.0,"2x6-8, 4 mins",,9
2023-12-07 20:46:38,"Upper Chest/Back Width❄️",1h 5m,"Iso-Lateral Incline Press",F,220.0,7.0,0,0.0,,,10
2023-12-07 20:46:38,"Upper Chest/Back Width❄️",1h 5m,"Pull Up (Assisted)",F,26.0,10.0,0,0.0,"2xFailure, 3 mins",,10
2023-12-07 20:46:38,"Upper Chest/Back Width❄️",1h 5m,"Pull Up (Assisted)",F,26.0,11.0,0,0.0,,,10
2023-12-07 20:46:38,"Upper Chest/Back Width❄️",1h 5m,"Arsenal Strength Chest Fly (Machine)",1,160.0,10.0,0,0.0,"1x8-10",,10
2023-12-10 20:38:24,"Chest & Shoulders⚛️",1h 6m,"Bench Press (Barbell)",W,45.0,10.0,0,0.0,"2x6-8, 4 mins","Overall Chest: 3, Shoulders: 3",
2023-12-10 20:38:24,"Chest & Shoulders⚛️",1h 6m,"Bench Press (Barbell)",W,135.0,5.0,0,0.0,,,
2023-12-10 20:38:24,"Chest & Shoulders⚛️",1h 6m,"Bench Press (Barbell)",W,185.0,2.0,0,0.0,,,
2023-12-10 20:38:24,"Chest & Shoulders⚛️",1h 6m,"Bench Press (Barbell)",F,205.0,6.0,0,0.0,,,9
2023-12-10 20:38:24,"Chest & Shoulders⚛️",1h 6m,"Bench Press (Barbell)",F,205.0,2.0,0,0.0,,,9
2023-12-10 20:38:24,"Chest & Shoulders⚛️",1h 6m,"Arsenal Strength Lateral Raise (Machine)",F,80.0,11.0,0,0.0,"2xFailure, 3 mins",,10
2023-12-10 20:38:24,"Chest & Shoulders⚛️",1h 6m,"Arsenal Strength Lateral Raise (Machine)",F,80.0,10.0,0,0.0,,,10
2023-12-10 20:38:24,"Chest & Shoulders⚛️",1h 6m,"Rear Delt Fly (Cable)",F,15.0,15.0,0,0.0,"2xFailure, 3 mins",,10
2023-12-10 20:38:24,"Chest & Shoulders⚛️",1h 6m,"Rear Delt Fly (Cable)",F,15.0,11.0,0,0.0,,,10
2023-12-10 20:38:24,"Chest & Shoulders⚛️",1h 6m,"Arsenal Strength Reloaded Iso Flat Press",F,240.0,4.0,0,0.0,"2x8-10, 4 mins",,10
2023-12-10 20:38:24,"Chest & Shoulders⚛️",1h 6m,"Arsenal Strength Reloaded Iso Flat Press",F,220.0,9.0,0,0.0,,,10
2023-12-10 20:38:24,"Chest & Shoulders⚛️",1h 6m,"Front Raise (Cable)",1,20.0,8.0,0,0.0,"2x8-10, 3 mins",,9
2023-12-10 20:38:24,"Chest & Shoulders⚛️",1h 6m,"Front Raise (Cable)",F,20.0,12.0,0,0.0,,,10
2023-12-10 20:38:24,"Chest & Shoulders⚛️",1h 6m,"Arsenal Strength Chest Fly (Machine)",F,170.0,8.0,0,0.0,"1x8-10",,10
2023-12-10 20:38:24,"Chest & Shoulders⚛️",1h 6m,"Hanging Knee Raise",1,0,23.0,0,0.0,"",,
2023-12-14 20:45:08,"Hack Squat",19m,"Hack Squat",W,90.0,5.0,0,0.0,"","Just testing out knee",
2023-12-14 20:45:08,"Hack Squat",19m,"Hack Squat",W,90.0,8.0,0,0.0,,,
2023-12-14 20:45:08,"Hack Squat",19m,"Hack Squat",1,140.0,8.0,0,0.0,,,8
2023-12-14 20:45:08,"Hack Squat",19m,"Hack Squat",2,180.0,8.0,0,0.0,,,9
2023-12-14 21:13:18,"Upper Chest & Triceps 🀄️",30m,"Incline Bench Press (Smith Machine)",W,20.0,10.0,0,0.0,"2x8-10, 4 mins","Chest: 3, Triceps: 2, Core: 1",
2023-12-14 21:13:18,"Upper Chest & Triceps 🀄️",30m,"Incline Bench Press (Smith Machine)",W,70.0,5.0,0,0.0,,,
2023-12-14 21:13:18,"Upper Chest & Triceps 🀄️",30m,"Incline Bench Press (Smith Machine)",W,110.0,3.0,0,0.0,,,
2023-12-14 21:13:18,"Upper Chest & Triceps 🀄️",30m,"Incline Bench Press (Smith Machine)",F,160.0,7.0,0,0.0,,,10
2023-12-14 21:13:18,"Upper Chest & Triceps 🀄️",30m,"Triceps Dip",1,25.0,8.0,0,0.0,"2x6-8, 3 mins",,9
2023-12-15 20:02:48,"Pull Day♦️",44m,"Arsenal Strength Reload T Row",W,50.0,8.0,0,0.0,"2x6-8, 3 mins","Back: 3, Biceps: 2",
2023-12-15 20:02:48,"Pull Day♦️",44m,"Arsenal Strength Reload T Row",1,100.0,8.0,0,0.0,,,9
2023-12-15 20:02:48,"Pull Day♦️",44m,"Arsenal Strength Reload T Row",2,110.0,8.0,0,0.0,,,9
2023-12-15 20:02:48,"Pull Day♦️",44m,"Hammer Curl (Machine)",F,110.0,9.0,0,0.0,"2x8-10, 4 mins",,10
2023-12-15 20:02:48,"Pull Day♦️",44m,"Hammer Curl (Machine)",F,110.0,6.0,0,0.0,,,10
2023-12-15 20:02:48,"Pull Day♦️",44m,"Incline Row (Dumbbell)",1,30.0,10.0,0,0.0,"2x8-10, 4 mins",,9
2023-12-15 20:02:48,"Pull Day♦️",44m,"Rear Delt Fly (Cable)",F,15.0,16.0,0,0.0,"1xFailure",,10
2023-12-15 20:02:48,"Pull Day♦️",44m,"Bicep Curl (Dumbbell)",1,25.0,10.0,0,0.0,"",,9
2023-12-17 20:18:07,"Chest & Shoulders⚛️",1h 22m,"Bench Press (Barbell)",W,45.0,10.0,0,0.0,"2x6-8, 4 mins","Overall Chest: 3, Shoulders: 3, Core: 1",
2023-12-17 20:18:07,"Chest & Shoulders⚛️",1h 22m,"Bench Press (Barbell)",W,135.0,5.0,0,0.0,,,
2023-12-17 20:18:07,"Chest & Shoulders⚛️",1h 22m,"Bench Press (Barbell)",W,185.0,2.0,0,0.0,,,
2023-12-17 20:18:07,"Chest & Shoulders⚛️",1h 22m,"Bench Press (Barbell)",F,205.0,6.0,0,0.0,,,10
2023-12-17 20:18:07,"Chest & Shoulders⚛️",1h 22m,"Bench Press (Barbell)",2,185.0,8.0,0,0.0,,,9
2023-12-17 20:18:07,"Chest & Shoulders⚛️",1h 22m,"Arsenal Strength Lateral Raise (Machine)",F,80.0,13.0,0,0.0,"2xFailure, 3 mins",,10
2023-12-17 20:18:07,"Chest & Shoulders⚛️",1h 22m,"Arsenal Strength Lateral Raise (Machine)",F,80.0,8.0,0,0.0,,,10
2023-12-17 20:18:07,"Chest & Shoulders⚛️",1h 22m,"Rear Delt Fly (Cable)",F,20.0,10.0,0,0.0,"2xFailure, 3 mins",,10
2023-12-17 20:18:07,"Chest & Shoulders⚛️",1h 22m,"Rear Delt Fly (Cable)",F,20.0,10.0,0,0.0,,,10
2023-12-17 20:18:07,"Chest & Shoulders⚛️",1h 22m,"Arsenal Strength Reloaded Iso Flat Press",1,220.0,10.0,0,0.0,"2x8-10, 4 mins",,9
2023-12-17 20:18:07,"Chest & Shoulders⚛️",1h 22m,"Arsenal Strength Reloaded Iso Flat Press",F,230.0,8.0,0,0.0,,,10
2023-12-17 20:18:07,"Chest & Shoulders⚛️",1h 22m,"Arsenal Strength Shoulder Press (Machine)",F,108.0,5.0,0,0.0,"1x6-8",,10
2023-12-17 20:18:07,"Chest & Shoulders⚛️",1h 22m,"Arsenal Strength Chest Fly (Machine)",F,170.0,9.0,0,0.0,"1x8-10",,10
2023-12-17 20:18:07,"Chest & Shoulders⚛️",1h 22m,"Hanging Leg Raise",F,0,13.0,0,0.0,"",,9
2023-12-18 21:00:10,"Back & Arms 💠",1h 27m,"Pull Up (Assisted)",F,26.0,13.0,0,0.0,"2xFailure, 3 mins","Back Width: 3 , Biceps: 2, and Triceps: 2",10
2023-12-18 21:00:10,"Back & Arms 💠",1h 27m,"Pull Up (Assisted)",F,26.0,10.0,0,0.0,,,10
2023-12-18 21:00:10,"Back & Arms 💠",1h 27m,"Single Arm Tricep Extension (Cable)",1,20.0,10.0,0,0.0,"2x8-10, 4 mins",,9
2023-12-18 21:00:10,"Back & Arms 💠",1h 27m,"Single Arm Tricep Extension (Cable)",2,20.0,10.0,0,0.0,,,9
2023-12-18 21:00:10,"Back & Arms 💠",1h 27m,"Hammer Curl (Machine)",1,110.0,10.0,0,0.0,"2x8-10, 4 mins",,9
2023-12-18 21:00:10,"Back & Arms 💠",1h 27m,"Hammer Curl (Machine)",F,115.0,9.0,0,0.0,,,10
2023-12-18 21:00:10,"Back & Arms 💠",1h 27m,"Triceps Dip",F,35.0,10.0,0,0.0,"2x6-8, 4 mins",,10
2023-12-18 21:00:10,"Back & Arms 💠",1h 27m,"Triceps Dip",F,35.0,7.0,0,0.0,,,10
2023-12-19 20:59:43,"Legs & Core Day ☢️",1h 5m,"Hip Adductor (Machine)",W,45.0,12.0,0,0.0,"2x8-10(F), 3 mins","Quads: 3, Hamstring: 1, Core: 2",
2023-12-19 20:59:43,"Legs & Core Day ☢️",1h 5m,"Hip Adductor (Machine)",W,60.0,10.0,0,0.0,,,
2023-12-19 20:59:43,"Legs & Core Day ☢️",1h 5m,"Hip Adductor (Machine)",F,105.0,11.0,0,0.0,,,10
2023-12-19 20:59:43,"Legs & Core Day ☢️",1h 5m,"Hip Adductor (Machine)",F,90.0,15.0,0,0.0,,,10
2023-12-19 20:59:43,"Legs & Core Day ☢️",1h 5m,"Hack Squat",W,90.0,10.0,0,0.0,"2x8-10(F), 4 mins",,
2023-12-19 20:59:43,"Legs & Core Day ☢️",1h 5m,"Hack Squat",W,140.0,8.0,0,0.0,,,
2023-12-19 20:59:43,"Legs & Core Day ☢️",1h 5m,"Hack Squat",F,180.0,10.0,0,0.0,,,10
2023-12-19 20:59:43,"Legs & Core Day ☢️",1h 5m,"Standing Calf Raise (Machine)",F,150.0,13.0,0,0.0,"2x8-10(F), 3 mins",,10
2023-12-19 20:59:43,"Legs & Core Day ☢️",1h 5m,"Romanian Deadlift (Cable)",1,50.0,15.0,0,0.0,"2x8-10, 3 mins",,8
2023-12-19 20:59:43,"Legs & Core Day ☢️",1h 5m,"Romanian Deadlift (Cable)",2,80.0,15.0,0,0.0,,,9
2023-12-19 20:59:43,"Legs & Core Day ☢️",1h 5m,"Side Bend (Cable)",F,50.0,10.0,0,0.0,"2x8-10(F), 3 mins",,10
2023-12-21 20:16:47,"Upper Chest & Triceps 🀄️",1h 7m,"Incline Bench Press (Smith Machine)",W,20.0,10.0,0,0.0,"2x8-10, 4 mins","Chest: 3, Triceps: 2, Core: 1",
2023-12-21 20:16:47,"Upper Chest & Triceps 🀄️",1h 7m,"Incline Bench Press (Smith Machine)",W,70.0,8.0,0,0.0,,,
2023-12-21 20:16:47,"Upper Chest & Triceps 🀄️",1h 7m,"Incline Bench Press (Smith Machine)",W,110.0,3.0,0,0.0,,,
2023-12-21 20:16:47,"Upper Chest & Triceps 🀄️",1h 7m,"Incline Bench Press (Smith Machine)",F,160.0,9.0,0,0.0,,,10
2023-12-21 20:16:47,"Upper Chest & Triceps 🀄️",1h 7m,"Incline Bench Press (Smith Machine)",F,140.0,10.0,0,0.0,,,10
2023-12-21 20:16:47,"Upper Chest & Triceps 🀄️",1h 7m,"Triceps Extension (Cable)",F,50.0,9.0,0,0.0,"2x8-10, 3 mins",,10
2023-12-21 20:16:47,"Upper Chest & Triceps 🀄️",1h 7m,"Triceps Extension (Cable)",F,40.0,11.0,0,0.0,,,10
2023-12-21 20:16:47,"Upper Chest & Triceps 🀄️",1h 7m,"Iso-Lateral Incline Press",F,220.0,7.0,0,0.0,"2x6-8, 4 mins",,10
2023-12-21 20:16:47,"Upper Chest & Triceps 🀄️",1h 7m,"Iso-Lateral Incline Press",F,200.0,8.0,0,0.0,,,10
2023-12-21 20:16:47,"Upper Chest & Triceps 🀄️",1h 7m,"Triceps Dip",F,45.0,9.0,0,0.0,"2x6-8, 3 mins",,10
2023-12-21 20:16:47,"Upper Chest & Triceps 🀄️",1h 7m,"Arsenal Strength Chest Fly (Machine)",1,170.0,10.0,0,0.0,"1x8-10",,10
2024-01-08 20:57:48,"Back & Triceps 💠",50m,"Pull Up (Assisted)",F,26.0,12.0,0,0.0,"2x8-10(F), 3 mins","Back Width: 3 & Triceps: 2",10
2024-01-08 20:57:48,"Back & Triceps 💠",50m,"Pull Up (Assisted)",F,19.0,6.0,0,0.0,,,10
2024-01-08 20:57:48,"Back & Triceps 💠",50m,"Single Arm Tricep Extension (Cable)",F,15.0,15.0,0,0.0,"2x8-10(F), 4 mins",,10
2024-01-08 20:57:48,"Back & Triceps 💠",50m,"Single Arm Tricep Extension (Cable)",F,20.0,10.0,0,0.0,,,10
2024-01-08 20:57:48,"Back & Triceps 💠",50m,"Lat Pulldown (Cable)",F,145.0,10.0,0,0.0,"2x6-8(F), 3 mins",,10
2024-01-08 20:57:48,"Back & Triceps 💠",50m,"Lat Pulldown (Cable)",F,160.0,6.0,0,0.0,,,10
2024-01-11 20:03:33,"Upper Chest & Arms 🀄️",1h 18m,"Incline Bench Press (Smith Machine)",W,20.0,10.0,0,0.0,"2x8-10(F), 4 mins","Chest: 3, Triceps: 2, & Biceps: 2",
2024-01-11 20:03:33,"Upper Chest & Arms 🀄️",1h 18m,"Incline Bench Press (Smith Machine)",W,70.0,5.0,0,0.0,,,
2024-01-11 20:03:33,"Upper Chest & Arms 🀄️",1h 18m,"Incline Bench Press (Smith Machine)",W,110.0,3.0,0,0.0,,,
2024-01-11 20:03:33,"Upper Chest & Arms 🀄️",1h 18m,"Incline Bench Press (Smith Machine)",F,160.0,8.0,0,0.0,,,10
2024-01-11 20:03:33,"Upper Chest & Arms 🀄️",1h 18m,"Incline Bench Press (Smith Machine)",F,130.0,10.0,0,0.0,,,10
2024-01-11 20:03:33,"Upper Chest & Arms 🀄️",1h 18m,"Single Arm Tricep Extension (Cable)",F,20.0,8.0,0,0.0,"2x8-10(F), 4 mins",,9
2024-01-11 20:03:33,"Upper Chest & Arms 🀄️",1h 18m,"Triceps Extension (Cable)",F,35.0,10.0,0,0.0,"",,9
2024-01-11 20:03:33,"Upper Chest & Arms 🀄️",1h 18m,"Hammer Curl (Machine)",F,110.0,9.0,0,0.0,"",,10
2024-01-11 20:03:33,"Upper Chest & Arms 🀄️",1h 18m,"Hammer Curl (Machine)",F,95.0,7.0,0,0.0,,,10
2024-01-11 20:03:33,"Upper Chest & Arms 🀄️",1h 18m,"Iso-Lateral Incline Press",F,200.0,9.0,0,0.0,"2x6-8(F), 4 mins",,10
2024-01-11 20:03:33,"Upper Chest & Arms 🀄️",1h 18m,"Triceps Pushdown (Cable - Straight Bar)",F,70.0,9.0,0,0.0,"",,10
2024-01-11 20:03:33,"Upper Chest & Arms 🀄️",1h 18m,"Bicep Curl (Dumbbell)",F,25.0,8.0,0,0.0,"2x8-10, 3 mins",,10
2024-01-11 20:03:33,"Upper Chest & Arms 🀄️",1h 18m,"Bicep Curl (Dumbbell)",F,20.0,9.0,0,0.0,,,10
2024-01-14 20:39:39,"Chest & Biceps💎",1h 6m,"Chest Press (Machine)",W,55.0,10.0,0,0.0,"2x6-8(F), 4 mins","Overall Chest: 3, Biceps: 3, Core: 1",
2024-01-14 20:39:39,"Chest & Biceps💎",1h 6m,"Chest Press (Machine)",W,85.0,8.0,0,0.0,,,
2024-01-14 20:39:39,"Chest & Biceps💎",1h 6m,"Chest Press (Machine)",F,145.0,9.0,0,0.0,,,10
2024-01-14 20:39:39,"Chest & Biceps💎",1h 6m,"Chest Press (Machine)",F,160.0,8.0,0,0.0,,,10
2024-01-14 20:39:39,"Chest & Biceps💎",1h 6m,"Single Arm Hammer Curl (Machine)",F,50.0,10.0,0,0.0,"2x8-10(F), 3 mins",,10
2024-01-14 20:39:39,"Chest & Biceps💎",1h 6m,"Single Arm Hammer Curl (Machine)",F,40.0,10.0,0,0.0,,,10
2024-01-14 20:39:39,"Chest & Biceps💎",1h 6m,"Arsenal Strength Reloaded Iso Flat Press",F,220.0,7.0,0,0.0,"2x8-10(F), 4 mins",,9
2024-01-14 20:39:39,"Chest & Biceps💎",1h 6m,"Arsenal Strength Reloaded Iso Flat Press",F,220.0,8.0,0,0.0,,,10
2024-01-14 20:39:39,"Chest & Biceps💎",1h 6m,"Bicep Curl (Dumbbell)",F,25.0,10.0,0,0.0,"2x8-10(F), 3 mins",,10
2024-01-14 20:39:39,"Chest & Biceps💎",1h 6m,"Bicep Curl (Dumbbell)",F,20.0,15.0,0,0.0,,,10
2024-01-14 20:39:39,"Chest & Biceps💎",1h 6m,"Arsenal Strength Chest Fly (Machine)",F,170.0,11.0,0,0.0,"2x8-10(F), 3 mins",,10
2024-01-14 20:39:39,"Chest & Biceps💎",1h 6m,"Arsenal Strength Chest Fly (Machine)",F,170.0,5.0,0,0.0,,,10
2024-01-14 20:39:39,"Chest & Biceps💎",1h 6m,"Single Arm Preacher Curl (Machine)",F,50.0,10.0,0,0.0,"1x8-10(F)",,10
2024-01-14 20:39:39,"Chest & Biceps💎",1h 6m,"Cable Crunch",1,50.0,15.0,0,0.0,"",,9
2024-01-18 21:42:37,"Chest & Biceps🆘",1h 11m,"Incline Bench Press (Smith Machine)",W,20.0,10.0,0,0.0,"2x8-10(F), 4 mins","Upper Chest: 3, & Biceps: 3",
2024-01-18 21:42:37,"Chest & Biceps🆘",1h 11m,"Incline Bench Press (Smith Machine)",W,70.0,5.0,0,0.0,,,
2024-01-18 21:42:37,"Chest & Biceps🆘",1h 11m,"Incline Bench Press (Smith Machine)",W,110.0,3.0,0,0.0,,,
2024-01-18 21:42:37,"Chest & Biceps🆘",1h 11m,"Incline Bench Press (Smith Machine)",F,160.0,7.0,0,0.0,,,10
2024-01-18 21:42:37,"Chest & Biceps🆘",1h 11m,"Incline Bench Press (Smith Machine)",F,140.0,9.0,0,0.0,,,10
2024-01-18 21:42:37,"Chest & Biceps🆘",1h 11m,"Single Arm Hammer Curl (Machine)",F,55.0,9.0,0,0.0,"2x8-10(F), 3 mins",,10
2024-01-18 21:42:37,"Chest & Biceps🆘",1h 11m,"Single Arm Hammer Curl (Machine)",F,45.0,10.0,0,0.0,,,10
2024-01-18 21:42:37,"Chest & Biceps🆘",1h 11m,"Iso-Lateral Incline Press",F,200.0,10.0,0,0.0,"2x6-8(F), 4 mins",,10
2024-01-18 21:42:37,"Chest & Biceps🆘",1h 11m,"Iso-Lateral Incline Press",F,210.0,3.0,0,0.0,,,10
2024-01-18 21:42:37,"Chest & Biceps🆘",1h 11m,"Bicep Curl (Dumbbell)",F,30.0,10.0,0,0.0,"2x8-10(F), 3 mins",,10
2024-01-18 21:42:37,"Chest & Biceps🆘",1h 11m,"Bicep Curl (Dumbbell)",F,25.0,5.0,0,0.0,,,10
2024-01-18 21:42:37,"Chest & Biceps🆘",1h 11m,"Arsenal Strength Lateral Raise (Machine)",F,90.0,8.0,0,0.0,"",,10
2024-01-18 21:42:37,"Chest & Biceps🆘",1h 11m,"Arsenal Strength Lateral Raise (Machine)",F,80.0,10.0,0,0.0,,,10
2024-01-18 21:42:37,"Chest & Biceps🆘",1h 11m,"Arsenal Strength Chest Fly (Machine)",F,180.0,10.0,0,0.0,"2x8-10(F), 3 mins",,10
2024-01-18 21:42:37,"Chest & Biceps🆘",1h 11m,"Arsenal Strength Chest Fly (Machine)",F,150.0,7.0,0,0.0,,,10
2024-01-18 21:42:37,"Chest & Biceps🆘",1h 11m,"Single Arm Preacher Curl (Machine)",F,55.0,7.0,0,0.0,"1x8-10",,9
2024-01-21 18:53:00,"Chest & Biceps A 💎 ",1h 37m,"Chest Press (Machine)",W,55.0,10.0,0,0.0,"2x6-8(F), 4 mins","Overall Chest: 3, Biceps: 3, Core: 1",
2024-01-21 18:53:00,"Chest & Biceps A 💎 ",1h 37m,"Chest Press (Machine)",W,85.0,8.0,0,0.0,,,
2024-01-21 18:53:00,"Chest & Biceps A 💎 ",1h 37m,"Chest Press (Machine)",F,165.0,9.0,0,0.0,,,10
2024-01-21 18:53:00,"Chest & Biceps A 💎 ",1h 37m,"Chest Press (Machine)",F,170.0,6.0,0,0.0,,,10
2024-01-21 18:53:00,"Chest & Biceps A 💎 ",1h 37m,"Single Arm Hammer Curl (Machine)",F,55.0,11.0,0,0.0,"2x8-10(F), 3 mins",,10
2024-01-21 18:53:00,"Chest & Biceps A 💎 ",1h 37m,"Single Arm Hammer Curl (Machine)",F,45.0,11.0,0,0.0,,,10
2024-01-21 18:53:00,"Chest & Biceps A 💎 ",1h 37m,"Arsenal Strength Reloaded Iso Flat Press",F,220.0,9.0,0,0.0,"2x8-10(F), 4 mins",,10
2024-01-21 18:53:00,"Chest & Biceps A 💎 ",1h 37m,"Arsenal Strength Reloaded Iso Flat Press",F,220.0,6.0,0,0.0,,,10
2024-01-21 18:53:00,"Chest & Biceps A 💎 ",1h 37m,"Bicep Curl (Dumbbell)",F,35.0,8.0,0,0.0,"2x8-10(F), 3 mins",,10
2024-01-21 18:53:00,"Chest & Biceps A 💎 ",1h 37m,"Bicep Curl (Dumbbell)",F,25.0,10.0,0,0.0,,,10
2024-01-21 18:53:00,"Chest & Biceps A 💎 ",1h 37m,"Arsenal Strength Chest Fly (Machine)",F,190.0,10.0,0,0.0,"2x8-10(F), 3 mins",,10
2024-01-21 18:53:00,"Chest & Biceps A 💎 ",1h 37m,"Arsenal Strength Chest Fly (Machine)",F,170.0,7.0,0,0.0,,,10
2024-01-21 18:53:00,"Chest & Biceps A 💎 ",1h 37m,"Single Arm Preacher Curl (Machine)",F,50.0,10.0,0,0.0,"1x8-10(F)",,10
2024-01-21 18:53:00,"Chest & Biceps A 💎 ",1h 37m,"Cable Crunch",F,65.0,11.0,0,0.0,"1x8-10(F)",,10
2024-01-22 20:51:28,"Back & Triceps A 💠",1h 2m,"Pull Up (Assisted)",F,19.0,10.0,0,0.0,"2x8-10(F), 3 mins","Back Width: 3 & Triceps: 2",10
2024-01-22 20:51:28,"Back & Triceps A 💠",1h 2m,"Pull Up (Assisted)",F,12.0,4.0,0,0.0,,,10
2024-01-22 20:51:28,"Back & Triceps A 💠",1h 2m,"Single Arm Tricep Extension (Cable)",F,20.0,10.0,0,0.0,"2x8-10(F), 4 mins",,10
2024-01-22 20:51:28,"Back & Triceps A 💠",1h 2m,"Single Arm Tricep Extension (Cable)",F,20.0,11.0,0,0.0,,,10
2024-01-22 20:51:28,"Back & Triceps A 💠",1h 2m,"Lat Pulldown (Cable)",F,160.0,8.0,0,0.0,"2x6-8(F), 3 mins",,10
2024-01-22 20:51:28,"Back & Triceps A 💠",1h 2m,"Lat Pulldown (Cable)",F,145.0,8.0,0,0.0,,,10
2024-01-22 20:51:28,"Back & Triceps A 💠",1h 2m,"Bench Press - Close Grip (Smith Machine)",F,130.0,10.0,0,0.0,"2x6-8(F), 3 mins",,10
2024-01-22 20:51:28,"Back & Triceps A 💠",1h 2m,"Bench Press - Close Grip (Smith Machine)",F,140.0,8.0,0,0.0,,,10
2024-01-23 21:06:36,"Legs & Core Day ☢️",1h 20m,"Single-Leg Leg Curl",W,30.0,8.0,0,0.0,"2x8-10(F), 3 mins","Quads: 3, Hamstring: 2, & Core: 1",
2024-01-23 21:06:36,"Legs & Core Day ☢️",1h 20m,"Single-Leg Leg Curl",F,60.0,9.0,0,0.0,,,10
2024-01-23 21:06:36,"Legs & Core Day ☢️",1h 20m,"Single-Leg Leg Curl",F,55.0,11.0,0,0.0,,,10
2024-01-23 21:06:36,"Legs & Core Day ☢️",1h 20m,"Hack Squat",W,90.0,10.0,0,0.0,"2x8-10(F), 4 mins",,
2024-01-23 21:06:36,"Legs & Core Day ☢️",1h 20m,"Hack Squat",W,180.0,8.0,0,0.0,,,
2024-01-23 21:06:36,"Legs & Core Day ☢️",1h 20m,"Hack Squat",F,230.0,5.0,0,0.0,,,10
2024-01-23 21:06:36,"Legs & Core Day ☢️",1h 20m,"Standing Calf Raise (Machine)",F,170.0,9.0,0,0.0,"2x8-10(F), 3 mins",,10
2024-01-23 21:06:36,"Legs & Core Day ☢️",1h 20m,"Standing Calf Raise (Machine)",F,170.0,11.0,0,0.0,,,10
2024-01-23 21:06:36,"Legs & Core Day ☢️",1h 20m,"Romanian Deadlift (Cable)",F,80.0,10.0,0,0.0,"2x8-10(F), 3 mins",,9
2024-01-23 21:06:36,"Legs & Core Day ☢️",1h 20m,"Single-Leg Leg Extension (Machine)",F,40.0,7.0,0,0.0,"2x8-10(F), 3 mins",,10
2024-01-23 21:06:36,"Legs & Core Day ☢️",1h 20m,"Single-Leg Leg Extension (Machine)",F,40.0,12.0,0,0.0,,,10
2024-01-30 19:58:31,"Legs & Core Day ☢️",1h 6m,"Single-Leg Leg Curl",W,30.0,10.0,0,0.0,"2x8-10(F), 3 mins","Quads: 3, Hamstring: 2, & Core: 1",
2024-01-30 19:58:31,"Legs & Core Day ☢️",1h 6m,"Single-Leg Leg Curl",F,60.0,11.0,0,0.0,,,10
2024-01-30 19:58:31,"Legs & Core Day ☢️",1h 6m,"Single-Leg Leg Curl",F,65.0,7.0,0,0.0,,,10
2024-01-30 19:58:31,"Legs & Core Day ☢️",1h 6m,"Hip Adductor (Machine)",W,60.0,10.0,0,0.0,"2x8-10(F), 3 mins",,
2024-01-30 19:58:31,"Legs & Core Day ☢️",1h 6m,"Hip Adductor (Machine)",F,110.0,6.0,0,0.0,,,10
2024-01-30 19:58:31,"Legs & Core Day ☢️",1h 6m,"Hack Squat",W,90.0,10.0,0,0.0,"2x8-10(F), 4 mins",,
2024-01-30 19:58:31,"Legs & Core Day ☢️",1h 6m,"Hack Squat",W,180.0,8.0,0,0.0,,,
2024-01-30 19:58:31,"Legs & Core Day ☢️",1h 6m,"Standing Calf Raise (Machine)",F,175.0,11.0,0,0.0,"2x8-10(F), 3 mins",,10
2024-01-30 19:58:31,"Legs & Core Day ☢️",1h 6m,"Standing Calf Raise (Machine)",F,180.0,10.0,0,0.0,,,10
2024-01-30 19:58:31,"Legs & Core Day ☢️",1h 6m,"Single-Leg Leg Extension (Machine)",F,55.0,12.0,0,0.0,"2x8-10(F), 3 mins",,10
2024-01-30 19:58:31,"Legs & Core Day ☢️",1h 6m,"Single-Leg Leg Extension (Machine)",F,60.0,10.0,0,0.0,,,10
2024-02-01 20:52:53,"Chest & Biceps B 🆘",1h 24m,"Incline Bench Press (Smith Machine)",W,20.0,10.0,0,0.0,"2x8-10(F), 4 mins","Upper Chest: 3, Biceps: 3, & Shoulders: 1",
2024-02-01 20:52:53,"Chest & Biceps B 🆘",1h 24m,"Incline Bench Press (Smith Machine)",W,70.0,5.0,0,0.0,,,
2024-02-01 20:52:53,"Chest & Biceps B 🆘",1h 24m,"Incline Bench Press (Smith Machine)",W,110.0,3.0,0,0.0,,,
2024-02-01 20:52:53,"Chest & Biceps B 🆘",1h 24m,"Incline Bench Press (Smith Machine)",F,160.0,8.0,0,0.0,,,10
2024-02-01 20:52:53,"Chest & Biceps B 🆘",1h 24m,"Incline Bench Press (Smith Machine)",F,140.0,10.0,0,0.0,,,10
2024-02-01 20:52:53,"Chest & Biceps B 🆘",1h 24m,"Single Arm Hammer Curl (Machine)",F,60.0,8.0,0,0.0,"2x8-10(F), 3 mins",,10
2024-02-01 20:52:53,"Chest & Biceps B 🆘",1h 24m,"Single Arm Hammer Curl (Machine)",F,50.0,10.0,0,0.0,,,10
2024-02-01 20:52:53,"Chest & Biceps B 🆘",1h 24m,"Iso-Lateral Incline Press",F,210.0,8.0,0,0.0,"2x6-8(F), 4 mins",,10
2024-02-01 20:52:53,"Chest & Biceps B 🆘",1h 24m,"Iso-Lateral Incline Press",F,190.0,6.0,0,0.0,,,10
2024-02-01 20:52:53,"Chest & Biceps B 🆘",1h 24m,"Bicep Curl (Dumbbell)",F,35.0,8.0,0,0.0,"2x8-10(F), 3 mins",,10
2024-02-01 20:52:53,"Chest & Biceps B 🆘",1h 24m,"Bicep Curl (Dumbbell)",F,30.0,6.0,0,0.0,,,10
2024-02-01 20:52:53,"Chest & Biceps B 🆘",1h 24m,"Arsenal Strength Lateral Raise (Machine)",F,80.0,11.0,0,0.0,"2x8-10(F), 3 mins",,10
2024-02-01 20:52:53,"Chest & Biceps B 🆘",1h 24m,"Arsenal Strength Lateral Raise (Machine)",F,90.0,8.0,0,0.0,,,10
2024-02-01 20:52:53,"Chest & Biceps B 🆘",1h 24m,"Arsenal Strength Chest Fly (Machine)",F,200.0,6.0,0,0.0,"2x8-10(F), 3 mins",,10
2024-02-01 20:52:53,"Chest & Biceps B 🆘",1h 24m,"Arsenal Strength Chest Fly (Machine)",F,180.0,5.0,0,0.0,,,10
2024-02-04 21:04:09,"Chest & Biceps A 💎 ",1h 1m,"Chest Press (Machine)",W,55.0,10.0,0,0.0,"2x6-8(F), 4 mins","Overall Chest: 3, Biceps: 3, Core: 1",
2024-02-04 21:04:09,"Chest & Biceps A 💎 ",1h 1m,"Chest Press (Machine)",W,100.0,8.0,0,0.0,,,
2024-02-04 21:04:09,"Chest & Biceps A 💎 ",1h 1m,"Chest Press (Machine)",F,170.0,9.0,0,0.0,,,10
2024-02-04 21:04:09,"Chest & Biceps A 💎 ",1h 1m,"Chest Press (Machine)",F,160.0,8.0,0,0.0,,,10
2024-02-04 21:04:09,"Chest & Biceps A 💎 ",1h 1m,"Single Arm Hammer Curl (Machine)",F,60.0,9.0,0,0.0,"2x8-10(F), 3 mins",,10
2024-02-04 21:04:09,"Chest & Biceps A 💎 ",1h 1m,"Single Arm Hammer Curl (Machine)",F,50.0,10.0,0,0.0,,,10
2024-02-04 21:04:09,"Chest & Biceps A 💎 ",1h 1m,"Arsenal Strength Reloaded Iso Flat Press",F,220.0,10.0,0,0.0,"2x8-10(F), 4 mins",,10
2024-02-04 21:04:09,"Chest & Biceps A 💎 ",1h 1m,"Bicep Curl (Dumbbell)",F,35.0,9.0,0,0.0,"2x8-10(F), 3 mins",,10
2024-02-04 21:04:09,"Chest & Biceps A 💎 ",1h 1m,"Bicep Curl (Dumbbell)",F,25.0,11.0,0,0.0,,,10
2024-02-04 21:04:09,"Chest & Biceps A 💎 ",1h 1m,"Arsenal Strength Chest Fly (Machine)",F,200.0,8.0,0,0.0,"2x8-10(F), 3 mins",,10
2024-02-04 21:04:09,"Chest & Biceps A 💎 ",1h 1m,"Arsenal Strength Chest Fly (Machine)",F,180.0,7.0,0,0.0,,,10
2024-02-08 21:47:30,"Chest & Biceps B 🆘",1h 18m,"Incline Bench Press (Smith Machine)",W,20.0,10.0,0,0.0,"2x8-10(F), 4 mins","Upper Chest: 3, Biceps: 3, & Shoulders: 1",
2024-02-08 21:47:30,"Chest & Biceps B 🆘",1h 18m,"Incline Bench Press (Smith Machine)",W,70.0,5.0,0,0.0,,,
2024-02-08 21:47:30,"Chest & Biceps B 🆘",1h 18m,"Incline Bench Press (Smith Machine)",W,110.0,3.0,0,0.0,,,
2024-02-08 21:47:30,"Chest & Biceps B 🆘",1h 18m,"Incline Bench Press (Smith Machine)",F,160.0,9.0,0,0.0,,,10
2024-02-08 21:47:30,"Chest & Biceps B 🆘",1h 18m,"Incline Bench Press (Smith Machine)",F,140.0,11.0,0,0.0,,,10
2024-02-08 21:47:30,"Chest & Biceps B 🆘",1h 18m,"Single Arm Hammer Curl (Machine)",F,60.0,10.0,0,0.0,"2x8-10(F), 3 mins",,10
2024-02-08 21:47:30,"Chest & Biceps B 🆘",1h 18m,"Single Arm Hammer Curl (Machine)",F,45.0,9.0,0,0.0,,,10
2024-02-08 21:47:30,"Chest & Biceps B 🆘",1h 18m,"Iso-Lateral Incline Press",F,220.0,7.0,0,0.0,"2x6-8(F), 4 mins",,10
2024-02-08 21:47:30,"Chest & Biceps B 🆘",1h 18m,"Iso-Lateral Incline Press",F,200.0,6.0,0,0.0,,,10
2024-02-08 21:47:30,"Chest & Biceps B 🆘",1h 18m,"Bicep Curl (Dumbbell)",F,35.0,6.0,0,0.0,"2x8-10(F), 3 mins",,10
2024-02-08 21:47:30,"Chest & Biceps B 🆘",1h 18m,"Bicep Curl (Dumbbell)",F,30.0,9.0,0,0.0,,,10
2024-02-08 21:47:30,"Chest & Biceps B 🆘",1h 18m,"Arsenal Strength Lateral Raise (Machine)",F,90.0,9.0,0,0.0,"2x8-10(F), 3 mins",,10
2024-02-08 21:47:30,"Chest & Biceps B 🆘",1h 18m,"Arsenal Strength Lateral Raise (Machine)",F,80.0,7.0,0,0.0,,,10
2024-02-08 21:47:30,"Chest & Biceps B 🆘",1h 18m,"Arsenal Strength Chest Fly (Machine)",F,200.0,9.0,0,0.0,"2x8-10(F), 3 mins",,10
2024-02-08 21:47:30,"Chest & Biceps B 🆘",1h 18m,"Arsenal Strength Chest Fly (Machine)",F,180.0,8.0,0,0.0,,,10
2024-02-08 21:47:30,"Chest & Biceps B 🆘",1h 18m,"Single Arm Preacher Curl (Machine)",F,55.0,9.0,0,0.0,"1x8-10",,10
2024-02-11 18:42:45,"Chest & Biceps A 💎 ",1h 24m,"Chest Press (Machine)",W,55.0,10.0,0,0.0,"2x6-8(F), 4 mins","Overall Chest: 3, Biceps: 3, Core: 1",
2024-02-11 18:42:45,"Chest & Biceps A 💎 ",1h 24m,"Chest Press (Machine)",W,100.0,8.0,0,0.0,,,
2024-02-11 18:42:45,"Chest & Biceps A 💎 ",1h 24m,"Chest Press (Machine)",F,170.0,10.0,0,0.0,,,10
2024-02-11 18:42:45,"Chest & Biceps A 💎 ",1h 24m,"Chest Press (Machine)",F,160.0,9.0,0,0.0,,,10
2024-02-11 18:42:45,"Chest & Biceps A 💎 ",1h 24m,"Single Arm Hammer Curl (Machine)",F,65.0,8.0,0,0.0,"2x8-10(F), 3 mins",,10
2024-02-11 18:42:45,"Chest & Biceps A 💎 ",1h 24m,"Single Arm Hammer Curl (Machine)",F,55.0,9.0,0,0.0,,,10
2024-02-11 18:42:45,"Chest & Biceps A 💎 ",1h 24m,"Arsenal Strength Reloaded Iso Flat Press",F,230.0,6.0,0,0.0,"2x8-10(F), 4 mins",,10
2024-02-11 18:42:45,"Chest & Biceps A 💎 ",1h 24m,"Bicep Curl (Dumbbell)",F,35.0,8.0,0,0.0,"2x8-10(F), 3 mins",,10
2024-02-11 18:42:45,"Chest & Biceps A 💎 ",1h 24m,"Bicep Curl (Dumbbell)",F,30.0,8.0,0,0.0,,,10
2024-02-11 18:42:45,"Chest & Biceps A 💎 ",1h 24m,"Arsenal Strength Chest Fly (Machine)",F,200.0,9.0,0,0.0,"2x8-10(F), 3 mins",,10
2024-02-11 18:42:45,"Chest & Biceps A 💎 ",1h 24m,"Arsenal Strength Chest Fly (Machine)",F,190.0,8.0,0,0.0,,,10
2024-02-11 18:42:45,"Chest & Biceps A 💎 ",1h 24m,"Single Arm Preacher Curl (Machine)",F,55.0,9.0,0,0.0,"1x8-10(F)",,10
2024-02-11 18:42:45,"Chest & Biceps A 💎 ",1h 24m,"Cable Crunch",F,50.0,16.0,0,0.0,"1x8-10(F)",,10
2024-02-11 18:42:45,"Chest & Biceps A 💎 ",1h 24m,"Cable Crunch",F,65.0,7.0,0,0.0,,,10
2024-02-13 19:52:34,"Legs & Core Day ☢️",1h 1m,"Single-Leg Leg Curl",W,30.0,10.0,0,0.0,"2x8-10(F), 3 mins","Quads: 3, Hamstring: 1, Glutes: 1, Calves: 1, & Core: 1",
2024-02-13 19:52:34,"Legs & Core Day ☢️",1h 1m,"Single-Leg Leg Curl",F,65.0,10.0,0,0.0,,,10
2024-02-13 19:52:34,"Legs & Core Day ☢️",1h 1m,"Single-Leg Leg Curl",F,70.0,6.0,0,0.0,,,10
2024-02-13 19:52:34,"Legs & Core Day ☢️",1h 1m,"Hip Adductor (Machine)",F,105.0,10.0,0,0.0,"2x8-10(F), 3 mins",,10
2024-02-13 19:52:34,"Legs & Core Day ☢️",1h 1m,"Hip Adductor (Machine)",F,90.0,12.0,0,0.0,,,10
2024-02-13 19:52:34,"Legs & Core Day ☢️",1h 1m,"Romanian Deadlift (Dumbbell)",F,40.0,14.0,0,0.0,"2x8-10(F), 3 mins",,9
2024-02-13 19:52:34,"Legs & Core Day ☢️",1h 1m,"Romanian Deadlift (Dumbbell)",F,50.0,14.0,0,0.0,,,10
2024-02-13 19:52:34,"Legs & Core Day ☢️",1h 1m,"Single-Leg Leg Extension (Machine)",F,70.0,12.0,0,0.0,"2x8-10(F), 3 mins",,10
2024-02-16 20:50:49,"Back & Triceps B 🔋",48m,"Arsenal Strength Reload T Row",W,50.0,8.0,0,0.0,"2x6-8(F), 3 mins","Back Density: 3, Triceps: 2, & Shoulders: 1",
2024-02-16 20:50:49,"Back & Triceps B 🔋",48m,"Arsenal Strength Reload T Row",1,100.0,10.0,0,0.0,,,10
2024-02-16 20:50:49,"Back & Triceps B 🔋",48m,"Arsenal Strength Reload T Row",2,110.0,8.0,0,0.0,,,10
2024-02-16 20:50:49,"Back & Triceps B 🔋",48m,"Single Arm Tricep Extension (Cable)",F,20.0,13.0,0,0.0,"2x8-10(F), 4 mins",,10
2024-02-16 20:50:49,"Back & Triceps B 🔋",48m,"Single Arm Tricep Extension (Cable)",F,25.0,4.0,0,0.0,,,10
2024-02-16 20:50:49,"Back & Triceps B 🔋",48m,"Seated Row (Cable)",F,110.0,10.0,0,0.0,"2x8-10, 3 mins",,10
2024-02-16 20:50:49,"Back & Triceps B 🔋",48m,"Seated Row (Cable)",F,115.0,8.0,0,0.0,,,10
2024-02-16 20:50:49,"Back & Triceps B 🔋",48m,"Bench Press - Close Grip (Smith Machine)",F,140.0,12.0,0,0.0,"2x8-10(F), 4 mins",,10
2024-02-16 20:50:49,"Back & Triceps B 🔋",48m,"Bench Press - Close Grip (Smith Machine)",F,150.0,7.0,0,0.0,,,10
2024-02-19 20:56:28,"Back & Triceps A 💠",54m,"Pull Up (Assisted)",F,12.0,7.0,0,0.0,"2x8-10(F), 3 mins","Back Width: 3 & Triceps: 2",10
2024-02-19 20:56:28,"Back & Triceps A 💠",54m,"Pull Up (Assisted)",F,19.0,7.0,0,0.0,,,10
2024-02-19 20:56:28,"Back & Triceps A 💠",54m,"Single Arm Tricep Extension (Cable)",F,25.0,8.0,0,0.0,"2x8-10(F), 4 mins",,10
2024-02-19 20:56:28,"Back & Triceps A 💠",54m,"Single Arm Tricep Extension (Cable)",F,20.0,10.0,0,0.0,,,10
2024-02-19 20:56:28,"Back & Triceps A 💠",54m,"Lat Pulldown (Cable)",F,160.0,9.0,0,0.0,"2x6-8(F), 3 mins",,10
2024-02-19 20:56:28,"Back & Triceps A 💠",54m,"Lat Pulldown (Cable)",F,150.0,8.0,0,0.0,,,10
2024-02-19 20:56:28,"Back & Triceps A 💠",54m,"Bench Press - Close Grip (Smith Machine)",F,150.0,9.0,0,0.0,"2x6-8(F), 3 mins",,10
2024-02-19 20:56:28,"Back & Triceps A 💠",54m,"Bench Press - Close Grip (Smith Machine)",F,155.0,8.0,0,0.0,,,10
2024-02-19 20:56:28,"Back & Triceps A 💠",54m,"Lat Pulldown (Single Arm)",F,40.0,8.0,0,0.0,"2x8-10(F), 3 mins",,10
2024-02-19 20:56:28,"Back & Triceps A 💠",54m,"Lat Pulldown (Single Arm)",F,55.0,8.0,0,0.0,,,10
2024-02-22 22:11:17,"Chest & Biceps B 🆘",1h 13m,"Incline Bench Press (Smith Machine)",W,20.0,10.0,0,0.0,"2x8-10(F), 4 mins","Upper Chest: 3, Biceps: 3, & Shoulders: 1",
2024-02-22 22:11:17,"Chest & Biceps B 🆘",1h 13m,"Incline Bench Press (Smith Machine)",W,70.0,5.0,0,0.0,,,
2024-02-22 22:11:17,"Chest & Biceps B 🆘",1h 13m,"Incline Bench Press (Smith Machine)",W,110.0,3.0,0,0.0,,,
2024-02-22 22:11:17,"Chest & Biceps B 🆘",1h 13m,"Incline Bench Press (Smith Machine)",F,160.0,9.0,0,0.0,,,10
2024-02-22 22:11:17,"Chest & Biceps B 🆘",1h 13m,"Incline Bench Press (Smith Machine)",F,150.0,8.0,0,0.0,,,10
2024-02-22 22:11:17,"Chest & Biceps B 🆘",1h 13m,"Single Arm Hammer Curl (Machine)",F,65.0,9.0,0,0.0,"2x8-10(F), 3 mins",,10
2024-02-22 22:11:17,"Chest & Biceps B 🆘",1h 13m,"Single Arm Hammer Curl (Machine)",F,50.0,11.0,0,0.0,,,10
2024-02-22 22:11:17,"Chest & Biceps B 🆘",1h 13m,"Iso-Lateral Incline Press",F,220.0,8.0,0,0.0,"2x6-8(F), 4 mins",,10
2024-02-22 22:11:17,"Chest & Biceps B 🆘",1h 13m,"Iso-Lateral Incline Press",F,200.0,6.0,0,0.0,,,10
2024-02-22 22:11:17,"Chest & Biceps B 🆘",1h 13m,"Bicep Curl (Dumbbell)",F,35.0,10.0,0,0.0,"2x8-10(F), 3 mins",,10
2024-02-22 22:11:17,"Chest & Biceps B 🆘",1h 13m,"Bicep Curl (Dumbbell)",F,30.0,8.0,0,0.0,,,10
2024-02-22 22:11:17,"Chest & Biceps B 🆘",1h 13m,"Arsenal Strength Lateral Raise (Machine)",F,90.0,10.0,0,0.0,"2x8-10(F), 3 mins",,10
2024-02-22 22:11:17,"Chest & Biceps B 🆘",1h 13m,"Arsenal Strength Lateral Raise (Machine)",F,80.0,10.0,0,0.0,,,10
2024-02-22 22:11:17,"Chest & Biceps B 🆘",1h 13m,"Arsenal Strength Chest Fly (Machine)",F,200.0,11.0,0,0.0,"2x8-10(F), 3 mins",,10
2024-02-22 22:11:17,"Chest & Biceps B 🆘",1h 13m,"Arsenal Strength Chest Fly (Machine)",F,190.0,6.0,0,0.0,,,10
2024-02-22 22:11:17,"Chest & Biceps B 🆘",1h 13m,"Single Arm Preacher Curl (Machine)",F,55.0,10.0,0,0.0,"1x8-10",,10
2024-02-25 20:18:29,"Chest & Biceps A 💎 ",53m,"Incline Bench Press (Smith Machine)",W,20.0,10.0,0,0.0,"2x8-10(F), 4 mins","Overall Chest: 3, Biceps: 3, Core: 1",
2024-02-25 20:18:29,"Chest & Biceps A 💎 ",53m,"Incline Bench Press (Smith Machine)",W,70.0,5.0,0,0.0,,,
2024-02-25 20:18:29,"Chest & Biceps A 💎 ",53m,"Incline Bench Press (Smith Machine)",W,110.0,3.0,0,0.0,,,
2024-02-25 20:18:29,"Chest & Biceps A 💎 ",53m,"Incline Bench Press (Smith Machine)",F,160.0,7.0,0,0.0,,,10
2024-02-25 20:18:29,"Chest & Biceps A 💎 ",53m,"Chest Press (Machine)",F,180.0,6.0,0,0.0,"2x6-8(F), 4 mins",,10
2024-02-25 20:18:29,"Chest & Biceps A 💎 ",53m,"Bicep Curl (Dumbbell)",F,40.0,7.0,0,0.0,"2x8-10(F), 3 mins",,10
2024-02-25 20:18:29,"Chest & Biceps A 💎 ",53m,"Bicep Curl (Dumbbell)",F,30.0,8.0,0,0.0,,,10
2024-02-26 21:19:45,"Back & Triceps A 💠",48m,"Pull Up (Assisted)",F,12.0,10.0,0,0.0,"2x8-10(F), 3 mins","Back Width: 3 & Triceps: 2",10
2024-02-26 21:19:45,"Back & Triceps A 💠",48m,"Pull Up",F,0,5.0,0,0.0,"",,10
2024-02-26 21:19:45,"Back & Triceps A 💠",48m,"Single Arm Tricep Extension (Cable)",F,25.0,10.0,0,0.0,"2x8-10(F), 4 mins",,10
2024-02-26 21:19:45,"Back & Triceps A 💠",48m,"Single Arm Tricep Extension (Cable)",F,30.0,2.0,0,0.0,,,10
2024-02-26 21:19:45,"Back & Triceps A 💠",48m,"Lat Pulldown (Cable)",F,160.0,10.0,0,0.0,"2x8-10(F), 3 mins",,10
2024-02-26 21:19:45,"Back & Triceps A 💠",48m,"Lat Pulldown (Cable)",F,170.0,5.0,0,0.0,,,10
2024-02-26 21:19:45,"Back & Triceps A 💠",48m,"Bench Press - Close Grip (Smith Machine)",F,160.0,7.0,0,0.0,"2x6-8(F), 3 mins",,10
2024-02-26 21:19:45,"Back & Triceps A 💠",48m,"Bench Press - Close Grip (Smith Machine)",F,160.0,4.0,0,0.0,,,10
2024-02-26 21:19:45,"Back & Triceps A 💠",48m,"Lat Pulldown (Single Arm)",F,55.0,10.0,0,0.0,"2x8-10(F), 3 mins",,10
2024-03-03 19:51:10,"Chest & Biceps A 💎 ",1h 20m,"Incline Bench Press (Smith Machine)",W,20.0,10.0,0,0.0,"2x8-10(F), 4 mins","Overall Chest: 3, Biceps: 3, Core: 1",
2024-03-03 19:51:10,"Chest & Biceps A 💎 ",1h 20m,"Incline Bench Press (Smith Machine)",W,70.0,5.0,0,0.0,,,
2024-03-03 19:51:10,"Chest & Biceps A 💎 ",1h 20m,"Incline Bench Press (Smith Machine)",W,110.0,3.0,0,0.0,,,
2024-03-03 19:51:10,"Chest & Biceps A 💎 ",1h 20m,"Incline Bench Press (Smith Machine)",F,160.0,10.0,0,0.0,,,10
2024-03-03 19:51:10,"Chest & Biceps A 💎 ",1h 20m,"Incline Bench Press (Smith Machine)",F,150.0,7.0,0,0.0,,,10
2024-03-03 19:51:10,"Chest & Biceps A 💎 ",1h 20m,"Bicep Curl (Dumbbell)",F,40.0,8.0,0,0.0,"2x8-10(F), 3 mins",,10
2024-03-03 19:51:10,"Chest & Biceps A 💎 ",1h 20m,"Bicep Curl (Dumbbell)",F,30.0,8.0,0,0.0,,,10
2024-03-03 19:51:10,"Chest & Biceps A 💎 ",1h 20m,"Chest Press (Machine)",F,180.0,8.0,0,0.0,"2x6-8(F), 4 mins",,10
2024-03-03 19:51:10,"Chest & Biceps A 💎 ",1h 20m,"Chest Press (Machine)",F,185.0,5.0,0,0.0,,,10
2024-03-03 19:51:10,"Chest & Biceps A 💎 ",1h 20m,"Single Arm Preacher Curl (Machine)",F,65.0,10.0,0,0.0,"1x8-10(F)",,10
2024-03-03 19:51:10,"Chest & Biceps A 💎 ",1h 20m,"Cable Crunch",F,65.0,16.0,0,0.0,"1x8-10(F)",,10
2024-03-03 19:51:10,"Chest & Biceps A 💎 ",1h 20m,"Cable Crunch",F,75.0,11.0,0,0.0,,,10
2024-03-03 19:51:10,"Chest & Biceps A 💎 ",1h 20m,"Arsenal Strength Chest Fly (Machine)",F,210.0,10.0,0,0.0,"2x8-10(F), 3 mins",,10
2024-03-03 19:51:10,"Chest & Biceps A 💎 ",1h 20m,"Arsenal Strength Chest Fly (Machine)",F,190.0,8.0,0,0.0,,,10
2024-03-03 19:51:10,"Chest & Biceps A 💎 ",1h 20m,"Single Arm Hammer Curl (Machine)",F,65.0,6.0,0,0.0,"2x8-10(F), 3 mins",,10
2024-03-04 21:10:08,"Back & Triceps A 💠",59m,"Pull Up",F,0,10.0,0,0.0,"2x8-10(F), 3 mins","Back Width: 3 & Triceps: 2",10
2024-03-04 21:10:08,"Back & Triceps A 💠",59m,"Pull Up",F,10.0,7.0,0,0.0,,,10
2024-03-04 21:10:08,"Back & Triceps A 💠",59m,"Single Arm Tricep Extension (Cable)",F,30.0,5.0,0,0.0,"2x8-10(F), 4 mins",,10
2024-03-04 21:10:08,"Back & Triceps A 💠",59m,"Single Arm Tricep Extension (Cable)",F,25.0,8.0,0,0.0,,,10
2024-03-04 21:10:08,"Back & Triceps A 💠",59m,"Lat Pulldown (Cable)",F,165.0,7.0,0,0.0,"2x8-10(F), 3 mins",,10
2024-03-04 21:10:08,"Back & Triceps A 💠",59m,"Lat Pulldown (Cable)",F,160.0,8.0,0,0.0,,,10
2024-03-04 21:10:08,"Back & Triceps A 💠",59m,"Bench Press - Close Grip (Smith Machine)",F,160.0,9.0,0,0.0,"2x6-8(F), 3 mins",,10
2024-03-04 21:10:08,"Back & Triceps A 💠",59m,"Bench Press - Close Grip (Smith Machine)",F,170.0,7.0,0,0.0,,,10
2024-03-04 21:10:08,"Back & Triceps A 💠",59m,"Lat Pulldown (Single Arm)",F,60.0,9.0,0,0.0,"2x8-10(F), 3 mins",,10
2024-03-05 21:13:20,"Legs & Core Day ☢️",1h 4m,"Single-Leg Leg Curl",W,30.0,10.0,0,0.0,"2x8-10(F), 3 mins","Quads: 3, Hamstring: 1, Glutes: 1, Calves: 1, & Core: 1",
2024-03-05 21:13:20,"Legs & Core Day ☢️",1h 4m,"Single-Leg Leg Curl",F,70.0,9.0,0,0.0,,,10
2024-03-05 21:13:20,"Legs & Core Day ☢️",1h 4m,"Single-Leg Leg Curl",F,70.0,8.0,0,0.0,,,10
2024-03-05 21:13:20,"Legs & Core Day ☢️",1h 4m,"Hack Squat",W,90.0,10.0,0,0.0,"2x6-8(F), 4 mins",,
2024-03-05 21:13:20,"Legs & Core Day ☢️",1h 4m,"Hack Squat",W,180.0,8.0,0,0.0,,,
2024-03-05 21:13:20,"Legs & Core Day ☢️",1h 4m,"Hack Squat",F,270.0,6.0,0,0.0,,,10
2024-03-05 21:13:20,"Legs & Core Day ☢️",1h 4m,"Hack Squat",F,230.0,8.0,0,0.0,,,10
2024-03-05 21:13:20,"Legs & Core Day ☢️",1h 4m,"Standing Calf Raise (Machine)",F,190.0,13.0,0,0.0,"2x8-10(F), 3 mins",,10
2024-03-05 21:13:20,"Legs & Core Day ☢️",1h 4m,"Hip Adductor (Machine)",F,110.0,6.0,0,0.0,"2x8-10(F), 3 mins",,10
2024-03-05 21:13:20,"Legs & Core Day ☢️",1h 4m,"Romanian Deadlift (Dumbbell)",F,60.0,10.0,0,0.0,"2x8-10(F), 3 mins",,10
2024-03-05 21:13:20,"Legs & Core Day ☢️",1h 4m,"Single-Leg Leg Extension (Machine)",F,75.0,11.0,0,0.0,"2x8-10(F), 3 mins",,10
2024-03-05 21:13:20,"Legs & Core Day ☢️",1h 4m,"Single-Leg Leg Extension (Machine)",F,80.0,9.0,0,0.0,,,10
2024-03-07 21:24:45,"Chest & Biceps B 🆘",1h 21m,"Incline Bench Press (Smith Machine)",W,20.0,10.0,0,0.0,"2x8-10(F), 4 mins","Upper Chest: 3, Biceps: 3, & Shoulders: 1",
2024-03-07 21:24:45,"Chest & Biceps B 🆘",1h 21m,"Incline Bench Press (Smith Machine)",W,70.0,5.0,0,0.0,,,
2024-03-07 21:24:45,"Chest & Biceps B 🆘",1h 21m,"Incline Bench Press (Smith Machine)",W,110.0,3.0,0,0.0,,,
2024-03-07 21:24:45,"Chest & Biceps B 🆘",1h 21m,"Incline Bench Press (Smith Machine)",F,170.0,8.0,0,0.0,,,10
2024-03-07 21:24:45,"Chest & Biceps B 🆘",1h 21m,"Incline Bench Press (Smith Machine)",F,150.0,8.0,0,0.0,,,10
2024-03-07 21:24:45,"Chest & Biceps B 🆘",1h 21m,"Bicep Curl (Dumbbell)",F,40.0,9.0,0,0.0,"2x8-10(F), 3 mins",,10
2024-03-07 21:24:45,"Chest & Biceps B 🆘",1h 21m,"Bicep Curl (Dumbbell)",F,30.0,9.0,0,0.0,,,10
2024-03-07 21:24:45,"Chest & Biceps B 🆘",1h 21m,"Iso-Lateral Incline Press",F,230.0,6.0,0,0.0,"2x6-8(F), 4 mins",,10
2024-03-07 21:24:45,"Chest & Biceps B 🆘",1h 21m,"Iso-Lateral Incline Press",F,200.0,7.0,0,0.0,,,10
2024-03-07 21:24:45,"Chest & Biceps B 🆘",1h 21m,"Single Arm Preacher Curl (Machine)",F,70.0,8.0,0,0.0,"1x8-10(F)",,10
2024-03-07 21:24:45,"Chest & Biceps B 🆘",1h 21m,"Single Arm Preacher Curl (Machine)",F,55.0,11.0,0,0.0,,,10
2024-03-07 21:24:45,"Chest & Biceps B 🆘",1h 21m,"Arsenal Strength Lateral Raise (Machine)",F,100.0,10.0,0,0.0,"2x8-10(F), 3 mins",,10
2024-03-07 21:24:45,"Chest & Biceps B 🆘",1h 21m,"Arsenal Strength Lateral Raise (Machine)",F,120.0,4.0,0,0.0,,,10
2024-03-07 21:24:45,"Chest & Biceps B 🆘",1h 21m,"Arsenal Strength Chest Fly (Machine)",F,220.0,9.0,0,0.0,"2x8-10(F), 3 mins",,10
2024-03-07 21:24:45,"Chest & Biceps B 🆘",1h 21m,"Arsenal Strength Chest Fly (Machine)",F,220.0,6.0,0,0.0,,,10
2024-03-07 21:24:45,"Chest & Biceps B 🆘",1h 21m,"Single Arm Hammer Curl (Machine)",F,60.0,6.0,0,0.0,"2x8-10(F), 3 mins",,10
2024-03-08 20:57:43,"Back & Triceps B 🔋",1h 9m,"Arsenal Strength Reload T Row",W,50.0,8.0,0,0.0,"2x6-8(F), 3 mins","Back Density: 2, Triceps: 2, & Shoulders: 2",
2024-03-08 20:57:43,"Back & Triceps B 🔋",1h 9m,"Arsenal Strength Reload T Row",F,110.0,10.0,0,0.0,,,10
2024-03-08 20:57:43,"Back & Triceps B 🔋",1h 9m,"Arsenal Strength Reload T Row",F,120.0,5.0,0,0.0,,,10
2024-03-08 20:57:43,"Back & Triceps B 🔋",1h 9m,"Single Arm Tricep Extension (Cable)",F,30.0,6.0,0,0.0,"2x8-10(F), 4 mins",,10
2024-03-08 20:57:43,"Back & Triceps B 🔋",1h 9m,"Single Arm Tricep Extension (Cable)",F,25.0,9.0,0,0.0,,,10
2024-03-08 20:57:43,"Back & Triceps B 🔋",1h 9m,"Seated Shoulder Press (Smith Machine)",F,130.0,7.0,0,0.0,"2x8-10, 3 mins",,10
2024-03-08 20:57:43,"Back & Triceps B 🔋",1h 9m,"Seated Shoulder Press (Smith Machine)",F,130.0,9.0,0,0.0,,,10
2024-03-08 20:57:43,"Back & Triceps B 🔋",1h 9m,"Seated Row (Cable)",F,115.0,10.0,0,0.0,"3x8-10(F), 3 mins",,10
2024-03-08 20:57:43,"Back & Triceps B 🔋",1h 9m,"Seated Row (Cable)",F,120.0,7.0,0,0.0,,,10
2024-03-08 20:57:43,"Back & Triceps B 🔋",1h 9m,"Bench Press - Close Grip (Smith Machine)",F,170.0,8.0,0,0.0,"2x8-10(F), 4 mins",,10
2024-03-08 20:57:43,"Back & Triceps B 🔋",1h 9m,"Bench Press - Close Grip (Smith Machine)",F,180.0,3.0,0,0.0,,,10
2024-03-08 20:57:43,"Back & Triceps B 🔋",1h 9m,"Rear Delt Fly (Cable)",F,20.0,6.0,0,0.0,"2x8-10(F), 3 mins",,10
2024-03-08 20:57:43,"Back & Triceps B 🔋",1h 9m,"Rear Delt Fly (Cable)",F,15.0,9.0,0,0.0,,,10
2024-03-10 16:22:52,"Chest & Biceps A 💎 ",44m,"Incline Bench Press (Smith Machine)",W,20.0,10.0,0,0.0,"2x8-10(F), 4 mins","Overall Chest: 3, Biceps: 3, Core: 1",
2024-03-10 16:22:52,"Chest & Biceps A 💎 ",44m,"Incline Bench Press (Smith Machine)",W,70.0,5.0,0,0.0,,,
2024-03-10 16:22:52,"Chest & Biceps A 💎 ",44m,"Incline Bench Press (Smith Machine)",W,110.0,3.0,0,0.0,,,
2024-03-10 16:22:52,"Chest & Biceps A 💎 ",44m,"Incline Bench Press (Smith Machine)",F,170.0,7.0,0,0.0,,,10
2024-03-10 16:22:52,"Chest & Biceps A 💎 ",44m,"Incline Bench Press (Smith Machine)",F,150.0,9.0,0,0.0,,,10
2024-03-10 16:22:52,"Chest & Biceps A 💎 ",44m,"Bicep Curl (Dumbbell)",F,40.0,8.0,0,0.0,"2x8-10(F), 3 mins",,10
2024-03-10 16:22:52,"Chest & Biceps A 💎 ",44m,"Bicep Curl (Dumbbell)",F,30.0,10.0,0,0.0,,,10
2024-03-10 16:22:52,"Chest & Biceps A 💎 ",44m,"Chest Press (Machine)",F,185.0,9.0,0,0.0,"2x6-8(F), 4 mins",,10
2024-03-10 16:22:52,"Chest & Biceps A 💎 ",44m,"Chest Press (Machine)",F,190.0,8.0,0,0.0,,,10
2024-03-10 16:22:52,"Chest & Biceps A 💎 ",44m,"Single Arm Preacher Curl (Machine)",F,70.0,5.0,0,0.0,"2x8-10(F), 3 mins",,10
2024-03-11 20:54:09,"Back & Triceps A 💠",45m,"Pull Up",F,10.0,9.0,0,0.0,"2x8-10(F), 3 mins","Back Width: 3 & Triceps: 2",10
2024-03-11 20:54:09,"Back & Triceps A 💠",45m,"Pull Up",F,0.0,8.0,0,0.0,,,10
2024-03-11 20:54:09,"Back & Triceps A 💠",45m,"Single Arm Tricep Extension (Cable)",F,30.0,5.0,0,0.0,"2x8-10(F), 4 mins",,10
2024-03-11 20:54:09,"Back & Triceps A 💠",45m,"Single Arm Tricep Extension (Cable)",F,30.0,9.0,0,0.0,,,10
2024-03-11 20:54:09,"Back & Triceps A 💠",45m,"Lat Pulldown (Cable)",F,165.0,8.0,0,0.0,"2x8-10(F), 3 mins",,10
2024-03-11 20:54:09,"Back & Triceps A 💠",45m,"Lat Pulldown (Cable)",F,170.0,5.0,0,0.0,,,10
2024-03-11 20:54:09,"Back & Triceps A 💠",45m,"Bench Press - Close Grip (Smith Machine)",F,180.0,6.0,0,0.0,"2x6-8(F), 3 mins",,10
2024-03-11 20:54:09,"Back & Triceps A 💠",45m,"Bench Press - Close Grip (Smith Machine)",F,160.0,7.0,0,0.0,,,10
2024-03-11 20:54:09,"Back & Triceps A 💠",45m,"Lat Pulldown (Single Arm)",F,60.0,10.0,0,0.0,"1x8-10(F)",,10
2024-03-13 20:36:27,"Legs & Core Day ☢️",30m,"Single-Leg Leg Curl",W,30.0,10.0,0,0.0,"2x8-10(F), 3 mins","Quads: 3, Hamstring: 1, Glutes: 1, Calves: 1, & Core: 1",
2024-03-13 20:36:27,"Legs & Core Day ☢️",30m,"Single-Leg Leg Curl",F,70.0,12.0,0,0.0,,,10
2024-03-13 20:36:27,"Legs & Core Day ☢️",30m,"Single-Leg Leg Curl",F,75.0,8.0,0,0.0,,,10
2024-03-13 20:36:27,"Legs & Core Day ☢️",30m,"Hack Squat",W,90.0,10.0,0,0.0,"2x6-8(F), 4 mins",,
2024-03-13 20:36:27,"Legs & Core Day ☢️",30m,"Hack Squat",W,180.0,8.0,0,0.0,,,
2024-03-13 20:36:27,"Legs & Core Day ☢️",30m,"Hack Squat",F,270.0,11.0,0,0.0,,,10
2024-03-14 20:30:43,"Chest & Biceps B 🆘",1h 39m,"Incline Bench Press (Smith Machine)",W,20.0,10.0,0,0.0,"2x8-10(F), 4 mins","Upper Chest: 3, Biceps: 3, & Shoulders: 1",
2024-03-14 20:30:43,"Chest & Biceps B 🆘",1h 39m,"Incline Bench Press (Smith Machine)",W,70.0,5.0,0,0.0,,,
2024-03-14 20:30:43,"Chest & Biceps B 🆘",1h 39m,"Incline Bench Press (Smith Machine)",W,110.0,3.0,0,0.0,,,
2024-03-14 20:30:43,"Chest & Biceps B 🆘",1h 39m,"Incline Bench Press (Smith Machine)",F,170.0,9.0,0,0.0,,,10
2024-03-14 20:30:43,"Chest & Biceps B 🆘",1h 39m,"Incline Bench Press (Smith Machine)",F,150.0,8.0,0,0.0,,,10
2024-03-14 20:30:43,"Chest & Biceps B 🆘",1h 39m,"Bicep Curl (Dumbbell)",F,40.0,9.0,0,0.0,"2x8-10(F), 3 mins",,10
2024-03-14 20:30:43,"Chest & Biceps B 🆘",1h 39m,"Bicep Curl (Dumbbell)",F,30.0,11.0,0,0.0,,,10
2024-03-14 20:30:43,"Chest & Biceps B 🆘",1h 39m,"Iso-Lateral Incline Press",F,230.0,8.0,0,0.0,"2x6-8(F), 4 mins",,10
2024-03-14 20:30:43,"Chest & Biceps B 🆘",1h 39m,"Iso-Lateral Incline Press",F,200.0,8.0,0,0.0,,,10
2024-03-14 20:30:43,"Chest & Biceps B 🆘",1h 39m,"Single Arm Preacher Curl (Machine)",F,70.0,7.0,0,0.0,"2x8-10(F), 3 mins",,10
2024-03-14 20:30:43,"Chest & Biceps B 🆘",1h 39m,"Arsenal Strength Lateral Raise (Machine)",F,100.0,11.0,0,0.0,"2x8-10(F), 3 mins",,10
2024-03-14 20:30:43,"Chest & Biceps B 🆘",1h 39m,"Arsenal Strength Lateral Raise (Machine)",F,100.0,5.0,0,0.0,,,10
2024-03-14 20:30:43,"Chest & Biceps B 🆘",1h 39m,"Arsenal Strength Chest Fly (Machine)",F,220.0,10.0,0,0.0,"2x8-10(F), 3 mins",,10
2024-03-14 20:30:43,"Chest & Biceps B 🆘",1h 39m,"Arsenal Strength Chest Fly (Machine)",F,240.0,10.0,0,0.0,,,10
2024-03-14 20:30:43,"Chest & Biceps B 🆘",1h 39m,"Hammer Curl (Dumbbell)",F,35.0,11.0,0,0.0,"1x8-10(F)",,10
2024-03-25 20:53:11,"Back & Triceps A 💠",17m,"Pull Up",F,0.0,10.0,0,0.0,"2x8-10(F), 3 mins","Back Width: 3 & Triceps: 2",10
2024-03-25 20:53:11,"Back & Triceps A 💠",17m,"Pull Up",F,0.0,8.0,0,0.0,,,10
2024-03-25 20:53:11,"Back & Triceps A 💠",17m,"Arsenal Strength Lateral Raise (Machine)",F,100.0,10.0,0,0.0,"",,10
2024-03-25 20:53:11,"Back & Triceps A 💠",17m,"Arsenal Strength Lateral Raise (Machine)",F,100.0,11.0,0,0.0,,,10
2024-03-28 15:37:28,"Chest & Biceps B 🆘",1h 2m,"Incline Bench Press (Smith Machine)",W,20.0,10.0,0,0.0,"2x8-10(F), 4 mins","Upper Chest: 3, Biceps: 3, & Shoulders: 1",
2024-03-28 15:37:28,"Chest & Biceps B 🆘",1h 2m,"Incline Bench Press (Smith Machine)",W,70.0,5.0,0,0.0,,,
2024-03-28 15:37:28,"Chest & Biceps B 🆘",1h 2m,"Incline Bench Press (Smith Machine)",W,110.0,3.0,0,0.0,,,
2024-03-28 15:37:28,"Chest & Biceps B 🆘",1h 2m,"Incline Bench Press (Smith Machine)",F,170.0,6.0,0,0.0,,,10
2024-03-28 15:37:28,"Chest & Biceps B 🆘",1h 2m,"Incline Bench Press (Smith Machine)",F,160.0,6.0,0,0.0,,,10
2024-03-28 15:37:28,"Chest & Biceps B 🆘",1h 2m,"Bicep Curl (Dumbbell)",F,40.0,8.0,0,0.0,"2x8-10(F), 3 mins",,10
2024-03-28 15:37:28,"Chest & Biceps B 🆘",1h 2m,"Bicep Curl (Dumbbell)",F,30.0,8.0,0,0.0,,,10
2024-03-28 15:37:28,"Chest & Biceps B 🆘",1h 2m,"Iso-Lateral Incline Press",F,230.0,6.0,0,0.0,"2x6-8(F), 4 mins",,10
2024-03-28 15:37:28,"Chest & Biceps B 🆘",1h 2m,"Iso-Lateral Incline Press",F,200.0,8.0,0,0.0,,,10
2024-03-28 15:37:28,"Chest & Biceps B 🆘",1h 2m,"Arsenal Strength Lateral Raise (Machine)",F,100.0,7.0,0,0.0,"2x8-10(F), 3 mins",,10
2024-03-28 15:37:28,"Chest & Biceps B 🆘",1h 2m,"Arsenal Strength Lateral Raise (Machine)",F,100.0,7.0,0,0.0,,,10
2024-03-28 15:37:28,"Chest & Biceps B 🆘",1h 2m,"Arsenal Strength Chest Fly (Machine)",F,240.0,6.0,0,0.0,"2x8-10(F), 3 mins",,10
2024-03-28 15:37:28,"Chest & Biceps B 🆘",1h 2m,"Arsenal Strength Chest Fly (Machine)",F,220.0,7.0,0,0.0,,,10
2024-03-28 15:37:28,"Chest & Biceps B 🆘",1h 2m,"Hammer Curl (Dumbbell)",F,35.0,10.0,0,0.0,"1x8-10(F)",,10
2024-03-28 15:37:28,"Chest & Biceps B 🆘",1h 2m,"Hammer Curl (Dumbbell)",F,30.0,6.0,0,0.0,,,10
2024-03-31 19:53:23,"Chest & Biceps A 💎 ",1h 17m,"Incline Bench Press (Smith Machine)",W,20.0,10.0,0,0.0,"2x8-10(F), 4 mins","Chest: 3, Biceps: 2, Core: 1",
2024-03-31 19:53:23,"Chest & Biceps A 💎 ",1h 17m,"Incline Bench Press (Smith Machine)",W,70.0,5.0,0,0.0,,,
2024-03-31 19:53:23,"Chest & Biceps A 💎 ",1h 17m,"Incline Bench Press (Smith Machine)",W,110.0,3.0,0,0.0,,,
2024-03-31 19:53:23,"Chest & Biceps A 💎 ",1h 17m,"Incline Bench Press (Smith Machine)",F,170.0,6.0,0,0.0,,,10
2024-03-31 19:53:23,"Chest & Biceps A 💎 ",1h 17m,"Incline Bench Press (Smith Machine)",F,160.0,7.0,0,0.0,,,10
2024-03-31 19:53:23,"Chest & Biceps A 💎 ",1h 17m,"Bicep Curl (Dumbbell)",F,40.0,9.0,0,0.0,"2x8-10(F), 3 mins",,10
2024-03-31 19:53:23,"Chest & Biceps A 💎 ",1h 17m,"Bicep Curl (Dumbbell)",F,30.0,9.0,0,0.0,,,10
2024-03-31 19:53:23,"Chest & Biceps A 💎 ",1h 17m,"Chest Press (Machine)",F,195.0,7.0,0,0.0,"2x6-8(F), 4 mins",,10
2024-03-31 19:53:23,"Chest & Biceps A 💎 ",1h 17m,"Chest Press (Machine)",F,180.0,6.0,0,0.0,,,10
2024-03-31 19:53:23,"Chest & Biceps A 💎 ",1h 17m,"Arsenal Strength Lateral Raise (Machine)",F,100.0,9.0,0,0.0,"2x8-10(F), 3 mins",,10
2024-03-31 19:53:23,"Chest & Biceps A 💎 ",1h 17m,"Arsenal Strength Lateral Raise (Machine)",F,90.0,9.0,0,0.0,,,10
2024-03-31 19:53:23,"Chest & Biceps A 💎 ",1h 17m,"Arsenal Strength Chest Fly (Machine)",F,240.0,8.0,0,0.0,"2x8-10(F), 3 mins",,10
2024-03-31 19:53:23,"Chest & Biceps A 💎 ",1h 17m,"Arsenal Strength Chest Fly (Machine)",F,220.0,7.0,0,0.0,,,10
2024-03-31 19:53:23,"Chest & Biceps A 💎 ",1h 17m,"Hammer Curl (Dumbbell)",F,40.0,8.0,0,0.0,"2x8-10(F), 3 mins",,10
2024-03-31 19:53:23,"Chest & Biceps A 💎 ",1h 17m,"Hammer Curl (Dumbbell)",F,30.0,9.0,0,0.0,,,10
2024-04-08 20:43:57,"Back & Triceps A 💠",52m,"Pull Up",F,0.0,9.0,0,0.0,"2x8-10(F), 3 mins","Back Width: 3, Triceps: 2, & Shoulders: 2",10
2024-04-08 20:43:57,"Back & Triceps A 💠",52m,"Pull Up",F,0.0,9.0,0,0.0,,,10
2024-04-08 20:43:57,"Back & Triceps A 💠",52m,"Single Arm Tricep Extension (Cable)",F,30.0,10.0,0,0.0,"2x8-10(F), 4 mins",,10
2024-04-08 20:43:57,"Back & Triceps A 💠",52m,"Seated Shoulder Press (Smith Machine)",F,130.0,8.0,0,0.0,"2x8-10, 3 mins",,10
2024-04-08 20:43:57,"Back & Triceps A 💠",52m,"Seated Shoulder Press (Smith Machine)",F,110.0,10.0,0,0.0,,,10
2024-04-08 20:43:57,"Back & Triceps A 💠",52m,"Lat Pulldown (Cable)",F,160.0,9.0,0,0.0,"2x8-10(F), 3 mins",,10
2024-04-08 20:43:57,"Back & Triceps A 💠",52m,"Lat Pulldown (Cable)",F,150.0,8.0,0,0.0,,,10
2024-04-08 20:43:57,"Back & Triceps A 💠",52m,"Bench Press - Close Grip (Smith Machine)",F,180.0,5.0,0,0.0,"2x6-8(F), 3 mins",,10
2024-04-08 20:43:57,"Back & Triceps A 💠",52m,"Bench Press - Close Grip (Smith Machine)",F,160.0,5.0,0,0.0,,,10
2024-04-08 20:43:57,"Back & Triceps A 💠",52m,"Rear Felt Fly (Machine)",F,65.0,7.0,0,0.0,"2x8-10(F), 3 mins",,10
2024-04-25 19:30:08,"Chest & Biceps B 🆘",51m,"Incline Bench Press (Smith Machine)",W,20.0,10.0,0,0.0,"2x8-10(F), 4 mins","Upper Chest: 3, Biceps: 2, Shoulders: 1",
2024-04-25 19:30:08,"Chest & Biceps B 🆘",51m,"Incline Bench Press (Smith Machine)",W,70.0,5.0,0,0.0,,,
2024-04-25 19:30:08,"Chest & Biceps B 🆘",51m,"Incline Bench Press (Smith Machine)",W,110.0,3.0,0,0.0,,,
2024-04-25 19:30:08,"Chest & Biceps B 🆘",51m,"Incline Bench Press (Smith Machine)",F,170.0,7.0,0,0.0,,,10
2024-04-25 19:30:08,"Chest & Biceps B 🆘",51m,"Incline Bench Press (Smith Machine)",F,160.0,4.0,0,0.0,,,10
2024-04-25 19:30:08,"Chest & Biceps B 🆘",51m,"Bicep Curl (Dumbbell)",F,40.0,8.0,0,0.0,"2x8-10(F), 3 mins",,10
2024-04-25 19:30:08,"Chest & Biceps B 🆘",51m,"Bicep Curl (Dumbbell)",F,30.0,7.0,0,0.0,,,10
2024-04-25 19:30:08,"Chest & Biceps B 🆘",51m,"Iso-Lateral Incline Press",F,230.0,5.0,0,0.0,"2x6-8(F), 4 mins",,10
2024-04-25 19:30:08,"Chest & Biceps B 🆘",51m,"Iso-Lateral Incline Press",F,200.0,6.0,0,0.0,,,10
2024-04-25 19:30:08,"Chest & Biceps B 🆘",51m,"Arsenal Strength Lateral Raise (Machine)",F,90.0,8.0,0,0.0,"2x8-10(F), 3 mins",,10
2024-04-25 19:30:08,"Chest & Biceps B 🆘",51m,"Arsenal Strength Lateral Raise (Machine)",F,90.0,8.0,0,0.0,,,10
2024-04-25 19:30:08,"Chest & Biceps B 🆘",51m,"Arsenal Strength Chest Fly (Machine)",F,220.0,8.0,0,0.0,"2x8-10(F), 3 mins",,10
2024-04-25 19:30:08,"Chest & Biceps B 🆘",51m,"Arsenal Strength Chest Fly (Machine)",F,220.0,4.0,0,0.0,,,10
2024-04-25 19:30:08,"Chest & Biceps B 🆘",51m,"Hammer Curl (Dumbbell)",F,40.0,5.0,0,0.0,"2x8-10(F), 3 mins",,10
2024-04-25 19:30:08,"Chest & Biceps B 🆘",51m,"Hammer Curl (Dumbbell)",F,30.0,8.0,0,0.0,,,10
2024-05-06 20:30:11,"Back & Triceps A 💠",42m,"Lat Pulldown (Cable)",W,100.0,8.0,0,0.0,"2x8-10(F), 3 mins","Back Width: 2, Triceps: 2, & Shoulders: 2",
2024-05-06 20:30:11,"Back & Triceps A 💠",42m,"Lat Pulldown (Cable)",F,145.0,10.0,0,0.0,,,10
2024-05-06 20:30:11,"Back & Triceps A 💠",42m,"Lat Pulldown (Cable)",F,150.0,4.0,0,0.0,,,10
2024-05-06 20:30:11,"Back & Triceps A 💠",42m,"Single Arm Tricep Extension (Cable)",F,25.0,8.0,0,0.0,"2x8-10(F), 4 mins",,10
2024-05-06 20:30:11,"Back & Triceps A 💠",42m,"Single Arm Tricep Extension (Cable)",F,20.0,10.0,0,0.0,,,10
2024-05-06 20:30:11,"Back & Triceps A 💠",42m,"Seated Shoulder Press (Smith Machine)",F,130.0,7.0,0,0.0,"2x8-10, 3 mins",,10
2024-05-06 20:30:11,"Back & Triceps A 💠",42m,"Seated Shoulder Press (Smith Machine)",F,110.0,8.0,0,0.0,,,10
2024-05-06 20:30:11,"Back & Triceps A 💠",42m,"Lat Pulldown (Single Arm)",F,60.0,5.0,0,0.0,"2x8-10(F), 3 mins",,10
2024-05-09 19:37:04,"Chest & Biceps B 🆘",1h 1m,"Incline Bench Press (Smith Machine)",W,20.0,10.0,0,0.0,"2x8-10(F), 4 mins","Upper Chest: 3, Biceps: 2, Shoulders: 1",
2024-05-09 19:37:04,"Chest & Biceps B 🆘",1h 1m,"Incline Bench Press (Smith Machine)",W,70.0,5.0,0,0.0,,,
2024-05-09 19:37:04,"Chest & Biceps B 🆘",1h 1m,"Incline Bench Press (Smith Machine)",W,110.0,3.0,0,0.0,,,
2024-05-09 19:37:04,"Chest & Biceps B 🆘",1h 1m,"Incline Bench Press (Smith Machine)",F,170.0,5.0,0,0.0,,,10
2024-05-09 19:37:04,"Chest & Biceps B 🆘",1h 1m,"Incline Bench Press (Smith Machine)",F,150.0,8.0,0,0.0,,,10
2024-05-09 19:37:04,"Chest & Biceps B 🆘",1h 1m,"Bicep Curl (Dumbbell)",F,40.0,7.0,0,0.0,"2x8-10(F), 3 mins",,10
2024-05-09 19:37:04,"Chest & Biceps B 🆘",1h 1m,"Bicep Curl (Dumbbell)",F,30.0,8.0,0,0.0,,,10
2024-05-09 19:37:04,"Chest & Biceps B 🆘",1h 1m,"Iso-Lateral Incline Press",F,230.0,6.0,0,0.0,"2x6-8(F), 4 mins",,10
2024-05-09 19:37:04,"Chest & Biceps B 🆘",1h 1m,"Iso-Lateral Incline Press",F,200.0,6.0,0,0.0,,,10
2024-05-09 19:37:04,"Chest & Biceps B 🆘",1h 1m,"Arsenal Strength Lateral Raise (Machine)",F,100.0,10.0,0,0.0,"2x8-10(F), 3 mins",,10
2024-05-09 19:37:04,"Chest & Biceps B 🆘",1h 1m,"Arsenal Strength Lateral Raise (Machine)",F,120.0,4.0,0,0.0,,,10
2024-05-09 19:37:04,"Chest & Biceps B 🆘",1h 1m,"Arsenal Strength Chest Fly (Machine)",F,220.0,5.0,0,0.0,"2x8-10(F), 3 mins",,10
2024-05-09 19:37:04,"Chest & Biceps B 🆘",1h 1m,"Arsenal Strength Chest Fly (Machine)",F,200.0,5.0,0,0.0,,,10
2024-05-09 19:37:04,"Chest & Biceps B 🆘",1h 1m,"Hammer Curl (Dumbbell)",F,40.0,7.0,0,0.0,"2x8-10(F), 3 mins",,10
2024-05-09 19:37:04,"Chest & Biceps B 🆘",1h 1m,"Hammer Curl (Dumbbell)",F,30.0,9.0,0,0.0,,,10
2024-05-12 19:19:14,"Chest & Biceps A 💎 ",56m,"Incline Bench Press (Smith Machine)",W,20.0,10.0,0,0.0,"2x8-10(F), 4 mins","Chest: 3, Biceps: 2, Shoulders: 1",
2024-05-12 19:19:14,"Chest & Biceps A 💎 ",56m,"Incline Bench Press (Smith Machine)",W,70.0,5.0,0,0.0,,,
2024-05-12 19:19:14,"Chest & Biceps A 💎 ",56m,"Incline Bench Press (Smith Machine)",W,110.0,3.0,0,0.0,,,
2024-05-12 19:19:14,"Chest & Biceps A 💎 ",56m,"Incline Bench Press (Smith Machine)",F,160.0,7.0,0,0.0,,,10
2024-05-12 19:19:14,"Chest & Biceps A 💎 ",56m,"Bicep Curl (Dumbbell)",F,40.0,9.0,0,0.0,"2x8-10(F), 3 mins",,10
2024-05-12 19:19:14,"Chest & Biceps A 💎 ",56m,"Bicep Curl (Dumbbell)",F,30.0,9.0,0,0.0,,,10
2024-05-12 19:19:14,"Chest & Biceps A 💎 ",56m,"Chest Press (Machine)",F,195.0,6.0,0,0.0,"2x6-8(F), 4 mins",,10
2024-05-12 19:19:14,"Chest & Biceps A 💎 ",56m,"Chest Press (Machine)",F,175.0,7.0,0,0.0,,,10
2024-05-12 19:19:14,"Chest & Biceps A 💎 ",56m,"Arsenal Strength Lateral Raise (Machine)",F,120.0,6.0,0,0.0,"2x8-10(F), 3 mins",,10
2024-05-12 19:19:14,"Chest & Biceps A 💎 ",56m,"Arsenal Strength Lateral Raise (Machine)",F,100.0,8.0,0,0.0,,,10
2024-05-12 19:19:14,"Chest & Biceps A 💎 ",56m,"Arsenal Strength Chest Fly (Machine)",F,200.0,9.0,0,0.0,"2x8-10(F), 3 mins",,10
2024-05-12 19:19:14,"Chest & Biceps A 💎 ",56m,"Hammer Curl (Dumbbell)",F,40.0,8.0,0,0.0,"2x8-10(F), 3 mins",,10
2024-05-12 19:19:14,"Chest & Biceps A 💎 ",56m,"Hammer Curl (Dumbbell)",F,30.0,9.0,0,0.0,,,10
2024-05-13 19:31:13,"Back & Triceps A 💠",50m,"Lat Pulldown (Cable)",W,100.0,8.0,0,0.0,"2x8-10(F), 3 mins","Back Width: 2, Triceps: 2, & Shoulders: 2",
2024-05-13 19:31:13,"Back & Triceps A 💠",50m,"Lat Pulldown (Cable)",F,150.0,10.0,0,0.0,,,10
2024-05-13 19:31:13,"Back & Triceps A 💠",50m,"Lat Pulldown (Cable)",F,155.0,6.0,0,0.0,,,10
2024-05-13 19:31:13,"Back & Triceps A 💠",50m,"Single Arm Tricep Extension (Cable)",F,25.0,10.0,0,0.0,"2x8-10(F), 4 mins",,10
2024-05-13 19:31:13,"Back & Triceps A 💠",50m,"Single Arm Tricep Extension (Cable)",F,30.0,4.0,0,0.0,,,10
2024-05-13 19:31:13,"Back & Triceps A 💠",50m,"Rear Felt Fly (Machine)",F,65.0,8.0,0,0.0,"2x8-10(F), 3 mins",,9
2024-05-13 19:31:13,"Back & Triceps A 💠",50m,"Rear Felt Fly (Machine)",F,65.0,12.0,0,0.0,,,10
2024-05-17 20:06:19,"Back & Triceps B 🔋",1h 14m,"Arsenal Strength Reload T Row",W,50.0,8.0,0,0.0,"2x6-8(F), 3 mins","Back Density: 2, Triceps: 2, & Shoulders: 2",
2024-05-17 20:06:19,"Back & Triceps B 🔋",1h 14m,"Arsenal Strength Reload T Row",F,100.0,9.0,0,0.0,,,9
2024-05-17 20:06:19,"Back & Triceps B 🔋",1h 14m,"Arsenal Strength Reload T Row",F,120.0,4.0,0,0.0,,,10
2024-05-17 20:06:19,"Back & Triceps B 🔋",1h 14m,"Single Arm Tricep Extension (Cable)",F,30.0,6.0,0,0.0,"2x8-10(F), 4 mins",,10
2024-05-17 20:06:19,"Back & Triceps B 🔋",1h 14m,"Single Arm Tricep Extension (Cable)",F,20.0,11.0,0,0.0,,,10
2024-05-17 20:06:19,"Back & Triceps B 🔋",1h 14m,"Seated Shoulder Press (Smith Machine)",W,70.0,8.0,0,0.0,"2x8-10, 3 mins",,
2024-05-17 20:06:19,"Back & Triceps B 🔋",1h 14m,"Seated Shoulder Press (Smith Machine)",F,130.0,10.0,0,0.0,,,10
2024-05-17 20:06:19,"Back & Triceps B 🔋",1h 14m,"Seated Shoulder Press (Smith Machine)",F,140.0,7.0,0,0.0,,,10
2024-05-17 20:06:19,"Back & Triceps B 🔋",1h 14m,"Seated Row (Cable)",F,120.0,10.0,0,0.0,"2x8-10(F), 3 mins",,10
2024-05-17 20:06:19,"Back & Triceps B 🔋",1h 14m,"Seated Row (Cable)",F,130.0,7.0,0,0.0,,,10
2024-05-17 20:06:19,"Back & Triceps B 🔋",1h 14m,"Bench Press - Close Grip (Smith Machine)",F,180.0,5.0,0,0.0,"2x6-8(F), 4 mins",,10
2024-05-17 20:06:19,"Back & Triceps B 🔋",1h 14m,"Bench Press - Close Grip (Smith Machine)",F,160.0,6.0,0,0.0,,,10
2024-05-17 20:06:19,"Back & Triceps B 🔋",1h 14m,"Rear Felt Fly (Machine)",F,70.0,11.0,0,0.0,"2x8-10(F), 3 mins",,10
2024-05-17 20:06:19,"Back & Triceps B 🔋",1h 14m,"Rear Felt Fly (Machine)",F,80.0,7.0,0,0.0,,,10
2024-05-21 20:15:29,"Quads & Core ☢️",37m,"Single-Leg Leg Curl",W,30.0,10.0,0,0.0,"2x8-10(F), 3 mins","Quads: 3, Hamstring: 1, Calves: 1, & Core: 1",
2024-05-21 20:15:29,"Quads & Core ☢️",37m,"Single-Leg Leg Curl",F,70.0,11.0,0,0.0,,,10
2024-05-21 20:15:29,"Quads & Core ☢️",37m,"Goblet Squat (Dumbbell)",W,50.0,10.0,0,0.0,"1x10(W), 3 mins",,
2024-05-21 20:15:29,"Quads & Core ☢️",37m,"Bulgarian Split Squat",F,60.0,11.0,0,0.0,"2x8-10(F), 3 mins",,10
2024-05-21 20:15:29,"Quads & Core ☢️",37m,"Bulgarian Split Squat",F,65.0,6.0,0,0.0,,,10
2024-05-23 20:19:56,"Chest & Biceps B 🆘",1h 5m,"Incline Bench Press (Smith Machine)",W,20.0,10.0,0,0.0,"2x8-10(F), 4 mins","Upper Chest: 3, Biceps: 2, Shoulders: 1",
2024-05-23 20:19:56,"Chest & Biceps B 🆘",1h 5m,"Incline Bench Press (Smith Machine)",W,70.0,5.0,0,0.0,,,
2024-05-23 20:19:56,"Chest & Biceps B 🆘",1h 5m,"Incline Bench Press (Smith Machine)",W,110.0,3.0,0,0.0,,,
2024-05-23 20:19:56,"Chest & Biceps B 🆘",1h 5m,"Incline Bench Press (Smith Machine)",F,170.0,8.0,0,0.0,,,10
2024-05-23 20:19:56,"Chest & Biceps B 🆘",1h 5m,"Incline Bench Press (Smith Machine)",F,160.0,8.0,0,0.0,,,10
2024-05-23 20:19:56,"Chest & Biceps B 🆘",1h 5m,"Bicep Curl (Dumbbell)",F,40.0,8.0,0,0.0,"2x8-10(F), 3 mins",,10
2024-05-23 20:19:56,"Chest & Biceps B 🆘",1h 5m,"Bicep Curl (Dumbbell)",F,30.0,10.0,0,0.0,,,10
2024-05-23 20:19:56,"Chest & Biceps B 🆘",1h 5m,"Iso-Lateral Incline Press",F,230.0,6.0,0,0.0,"2x6-8(F), 4 mins",,10
2024-05-23 20:19:56,"Chest & Biceps B 🆘",1h 5m,"Iso-Lateral Incline Press",F,200.0,7.0,0,0.0,,,10
2024-05-23 20:19:56,"Chest & Biceps B 🆘",1h 5m,"Arsenal Strength Lateral Raise (Machine)",F,120.0,5.0,0,0.0,"2x8-10(F), 3 mins",,10
2024-05-23 20:19:56,"Chest & Biceps B 🆘",1h 5m,"Arsenal Strength Lateral Raise (Machine)",F,100.0,8.0,0,0.0,,,10
2024-05-23 20:19:56,"Chest & Biceps B 🆘",1h 5m,"Arsenal Strength Chest Fly (Machine)",F,200.0,10.0,0,0.0,"2x8-10(F), 3 mins",,10
2024-05-23 20:19:56,"Chest & Biceps B 🆘",1h 5m,"Arsenal Strength Chest Fly (Machine)",F,210.0,5.0,0,0.0,,,10
2024-05-23 20:19:56,"Chest & Biceps B 🆘",1h 5m,"Hammer Curl (Dumbbell)",F,40.0,10.0,0,0.0,"2x8-10(F), 3 mins",,10
2024-05-23 20:19:56,"Chest & Biceps B 🆘",1h 5m,"Hammer Curl (Dumbbell)",F,45.0,3.0,0,0.0,,,10
2024-05-30 20:29:27,"Chest & Biceps B 🆘",33m,"Incline Bench Press (Smith Machine)",W,20.0,10.0,0,0.0,"2x8-10(F), 4 mins","Upper Chest: 3, Biceps: 2, Shoulders: 1",
2024-05-30 20:29:27,"Chest & Biceps B 🆘",33m,"Incline Bench Press (Smith Machine)",W,70.0,5.0,0,0.0,,,
2024-05-30 20:29:27,"Chest & Biceps B 🆘",33m,"Incline Bench Press (Smith Machine)",W,110.0,3.0,0,0.0,,,
2024-05-30 20:29:27,"Chest & Biceps B 🆘",33m,"Incline Bench Press (Smith Machine)",F,170.0,5.0,0,0.0,,,10
2024-05-30 20:29:27,"Chest & Biceps B 🆘",33m,"Incline Bench Press (Smith Machine)",F,150.0,9.0,0,0.0,,,10
2024-05-30 20:29:27,"Chest & Biceps B 🆘",33m,"Bicep Curl (Dumbbell)",F,40.0,8.0,0,0.0,"2x8-10(F), 3 mins",,10
2024-05-30 20:29:27,"Chest & Biceps B 🆘",33m,"Bicep Curl (Dumbbell)",F,30.0,8.0,0,0.0,,,10
2024-06-03 19:13:51,"Back & Triceps A 💠",58m,"Lat Pulldown (Cable)",W,100.0,8.0,0,0.0,"2x8-10(F), 3 mins","Back Width: 2, Triceps: 2, & Shoulders: 2",
2024-06-03 19:13:51,"Back & Triceps A 💠",58m,"Lat Pulldown (Cable)",F,155.0,8.0,0,0.0,,,10
2024-06-03 19:13:51,"Back & Triceps A 💠",58m,"Lat Pulldown (Cable)",F,145.0,7.0,0,0.0,,,10
2024-06-03 19:13:51,"Back & Triceps A 💠",58m,"Single Arm Tricep Extension (Cable)",F,30.0,6.0,0,0.0,"2x8-10(F), 4 mins",,10
2024-06-03 19:13:51,"Back & Triceps A 💠",58m,"Single Arm Tricep Extension (Cable)",F,20.0,10.0,0,0.0,,,10
2024-06-03 19:13:51,"Back & Triceps A 💠",58m,"Seated Shoulder Press (Smith Machine)",W,70.0,8.0,0,0.0,"2x8-10, 3 mins",,
2024-06-03 19:13:51,"Back & Triceps A 💠",58m,"Seated Shoulder Press (Smith Machine)",F,140.0,8.0,0,0.0,,,10
2024-06-03 19:13:51,"Back & Triceps A 💠",58m,"Seated Shoulder Press (Smith Machine)",F,130.0,4.0,0,0.0,,,10
2024-06-03 19:13:51,"Back & Triceps A 💠",58m,"Lat Pulldown (Single Arm)",F,60.0,8.0,0,0.0,"2x8-10(F), 3 mins",,10
2024-06-03 19:13:51,"Back & Triceps A 💠",58m,"Lat Pulldown (Single Arm)",F,60.0,7.0,0,0.0,,,10
2024-06-03 19:13:51,"Back & Triceps A 💠",58m,"Bench Press - Close Grip (Smith Machine)",F,180.0,6.0,0,0.0,"2x6-8(F), 3 mins",,10
2024-06-10 19:42:45,"Back & Triceps A 💠",31m,"Lat Pulldown (Cable)",W,100.0,8.0,0,0.0,"2x8-10(F), 3 mins","Back Width: 2, Triceps: 2, & Shoulders: 2",
2024-06-10 19:42:45,"Back & Triceps A 💠",31m,"Lat Pulldown (Cable)",F,155.0,8.0,0,0.0,,,10
2024-06-10 19:42:45,"Back & Triceps A 💠",31m,"Lat Pulldown (Cable)",F,145.0,8.0,0,0.0,,,10
2024-06-10 19:42:45,"Back & Triceps A 💠",31m,"Single Arm Tricep Extension (Cable)",F,30.0,6.0,0,0.0,"2x8-10(F), 4 mins",,10
2024-06-10 19:42:45,"Back & Triceps A 💠",31m,"Single Arm Tricep Extension (Cable)",F,25.0,8.0,0,0.0,,,10
2024-06-10 19:42:45,"Back & Triceps A 💠",31m,"Arsenal Strength Front Raise (Machine)",F,50.0,13.0,0,0.0,"2x8-10, 3 mins",,10
2024-06-10 19:42:45,"Back & Triceps A 💠",31m,"Arsenal Strength Front Raise (Machine)",F,60.0,11.0,0,0.0,,,10
2024-06-13 20:07:48,"Chest & Biceps B 🆘",37m,"Incline Bench Press (Smith Machine)",W,20.0,10.0,0,0.0,"2x8-10(F), 4 mins","Chest: 3, Biceps: 2,",
2024-06-13 20:07:48,"Chest & Biceps B 🆘",37m,"Incline Bench Press (Smith Machine)",W,70.0,5.0,0,0.0,,,
2024-06-13 20:07:48,"Chest & Biceps B 🆘",37m,"Incline Bench Press (Smith Machine)",W,110.0,3.0,0,0.0,,,
2024-06-13 20:07:48,"Chest & Biceps B 🆘",37m,"Incline Bench Press (Smith Machine)",F,160.0,8.0,0,0.0,,,10
2024-06-13 20:07:48,"Chest & Biceps B 🆘",37m,"Incline Bench Press (Smith Machine)",F,150.0,8.0,0,0.0,,,10
2024-06-13 20:07:48,"Chest & Biceps B 🆘",37m,"Bicep Curl (Dumbbell)",F,35.0,10.0,0,0.0,"2x8-10(F), 3 mins",,10
2024-06-13 20:07:48,"Chest & Biceps B 🆘",37m,"Bicep Curl (Dumbbell)",F,30.0,9.0,0,0.0,,,10
2024-06-13 20:07:48,"Chest & Biceps B 🆘",37m,"Iso-Lateral Incline Press",F,230.0,7.0,0,0.0,"2x6-8(F), 4 mins",,10
2024-06-23 18:50:40,"Chest & Biceps🃏",1h 6m,"Incline Bench Press (Smith Machine)",W,20.0,10.0,0,0.0,"2x8-10(F), 4 mins","Chest: 3 & Biceps: 2",
2024-06-23 18:50:40,"Chest & Biceps🃏",1h 6m,"Incline Bench Press (Smith Machine)",W,70.0,8.0,0,0.0,,,
2024-06-23 18:50:40,"Chest & Biceps🃏",1h 6m,"Incline Bench Press (Smith Machine)",W,110.0,3.0,0,0.0,,,
2024-06-23 18:50:40,"Chest & Biceps🃏",1h 6m,"Incline Bench Press (Smith Machine)",F,160.0,10.0,0,0.0,,,10
2024-06-23 18:50:40,"Chest & Biceps🃏",1h 6m,"Incline Bench Press (Smith Machine)",F,150.0,8.0,0,0.0,,,10
2024-06-23 18:50:40,"Chest & Biceps🃏",1h 6m,"Bicep Curl (Dumbbell)",F,40.0,9.0,0,0.0,"2x8-10(F), 3 mins",,10
2024-06-23 18:50:40,"Chest & Biceps🃏",1h 6m,"Bicep Curl (Dumbbell)",F,30.0,9.0,0,0.0,,,10
2024-06-23 18:50:40,"Chest & Biceps🃏",1h 6m,"Chest Press (Machine)",F,195.0,6.0,0,0.0,"2x6-8(F), 4 mins",,10
2024-06-23 18:50:40,"Chest & Biceps🃏",1h 6m,"Chest Press (Machine)",F,175.0,8.0,0,0.0,,,10
2024-06-23 18:50:40,"Chest & Biceps🃏",1h 6m,"Hammer Curl (Dumbbell)",F,40.0,8.0,0,0.0,"2x8-10(F), 3 mins",,10
2024-06-23 18:50:40,"Chest & Biceps🃏",1h 6m,"Hammer Curl (Dumbbell)",F,30.0,9.0,0,0.0,,,10
2024-06-23 18:50:40,"Chest & Biceps🃏",1h 6m,"Arsenal Strength Chest Fly (Machine)",F,220.0,10.0,0,0.0,"2x8-10(F), 3 mins",,10
2024-06-23 18:50:40,"Chest & Biceps🃏",1h 6m,"Arsenal Strength Chest Fly (Machine)",F,200.0,6.0,0,0.0,,,10
2024-06-25 18:43:47,"Back & Triceps♦️",1h 5m,"Lat Pulldown (Cable)",W,100.0,8.0,0,0.0,"2x8-10(F), 3 mins","Back Width: 2, Back Density: 1, & Triceps: 2",
2024-06-25 18:43:47,"Back & Triceps♦️",1h 5m,"Lat Pulldown (Cable)",F,155.0,9.0,0,0.0,,,10
2024-06-25 18:43:47,"Back & Triceps♦️",1h 5m,"Lat Pulldown (Cable)",F,145.0,8.0,0,0.0,,,10
2024-06-25 18:43:47,"Back & Triceps♦️",1h 5m,"Triceps Extension (Cable)",F,35.0,16.0,0,0.0,"2x8-10(F), 4 mins",,10
2024-06-25 18:43:47,"Back & Triceps♦️",1h 5m,"Triceps Extension (Cable)",F,50.0,11.0,0,0.0,,,10
2024-06-25 18:43:47,"Back & Triceps♦️",1h 5m,"Arsenal Strength Reload T Row",W,50.0,8.0,0,0.0,"2x6-8(F), 3 mins",,
2024-06-25 18:43:47,"Back & Triceps♦️",1h 5m,"Arsenal Strength Reload T Row",F,100.0,8.0,0,0.0,,,10
2024-06-25 18:43:47,"Back & Triceps♦️",1h 5m,"Arsenal Strength Reload T Row",F,105.0,4.0,0,0.0,,,10
2024-06-25 18:43:47,"Back & Triceps♦️",1h 5m,"Bench Press - Close Grip (Smith Machine)",F,160.0,8.0,0,0.0,"2x6-8(F), 3 mins",,10
2024-06-25 18:43:47,"Back & Triceps♦️",1h 5m,"Bench Press - Close Grip (Smith Machine)",F,180.0,3.0,0,0.0,,,10
2024-06-25 18:43:47,"Back & Triceps♦️",1h 5m,"Lat Pulldown (Single Arm)",F,60.0,10.0,0,0.0,"2x8-10(F), 3 mins",,10
2024-06-25 18:43:47,"Back & Triceps♦️",1h 5m,"Lat Pulldown (Single Arm)",F,65.0,4.0,0,0.0,,,10
2024-06-25 18:43:47,"Back & Triceps♦️",1h 5m,"Hanging Leg Raise",F,0,10.0,0,0.0,"",,
2024-06-26 18:45:31,"Quads 🐓 ",54m,"Single-Leg Leg Curl",W,30.0,10.0,0,0.0,"2x8-10(F), 3 mins","Quads: 3, Hamstring: 1, Calves: 1",
2024-06-26 18:45:31,"Quads 🐓 ",54m,"Single-Leg Leg Curl",F,75.0,8.0,0,0.0,,,10
2024-06-26 18:45:31,"Quads 🐓 ",54m,"Single-Leg Leg Curl",F,60.0,10.0,0,0.0,,,10
2024-06-26 18:45:31,"Quads 🐓 ",54m,"Goblet Squat (Dumbbell)",W,40.0,10.0,0,0.0,"1x10(W), 3 mins",,
2024-06-26 18:45:31,"Quads 🐓 ",54m,"Bulgarian Split Squat",F,65.0,11.0,0,0.0,"2x8-10(F), 3 mins",,10
2024-06-26 18:45:31,"Quads 🐓 ",54m,"Bulgarian Split Squat",F,70.0,10.0,0,0.0,,,10
2024-06-26 18:45:31,"Quads 🐓 ",54m,"Standing Calf Raise (Machine)",F,195.0,8.0,0,0.0,"2x8-10(F), 3 mins",,10
2024-06-26 18:45:31,"Quads 🐓 ",54m,"Standing Calf Raise (Machine)",F,175.0,9.0,0,0.0,,,10
2024-06-26 18:45:31,"Quads 🐓 ",54m,"Hip Adductor (Machine)",F,75.0,11.0,0,0.0,"2x8-10(F), 3 mins",,10
2024-06-26 18:45:31,"Quads 🐓 ",54m,"Hip Adductor (Machine)",F,80.0,7.0,0,0.0,,,10
2024-06-26 18:45:31,"Quads 🐓 ",54m,"Single-Leg Leg Extension (Machine)",F,80.0,9.0,0,0.0,"2x8-10(F), 3 mins",,10
2024-06-27 19:48:09,"Shoulders🪨",1h 8m,"Seated Shoulder Press (Smith Machine)",W,20.0,10.0,0,0.0,"2x8-10(F), 3 mins","Shoulders: 3",
2024-06-27 19:48:09,"Shoulders🪨",1h 8m,"Seated Shoulder Press (Smith Machine)",W,70.0,8.0,0,0.0,,,
2024-06-27 19:48:09,"Shoulders🪨",1h 8m,"Seated Shoulder Press (Smith Machine)",F,140.0,9.0,0,0.0,,,10
2024-06-27 19:48:09,"Shoulders🪨",1h 8m,"Seated Shoulder Press (Smith Machine)",F,130.0,6.0,0,0.0,,,10
2024-06-27 19:48:09,"Shoulders🪨",1h 8m,"Arsenal Strength Lateral Raise (Machine)",F,120.0,5.0,0,0.0,"3x8-10(F), 3 mins",,10
2024-06-27 19:48:09,"Shoulders🪨",1h 8m,"Arsenal Strength Lateral Raise (Machine)",F,100.0,10.0,0,0.0,,,10
2024-06-27 19:48:09,"Shoulders🪨",1h 8m,"Arsenal Strength Lateral Raise (Machine)",F,90.0,8.0,0,0.0,,,10
2024-06-27 19:48:09,"Shoulders🪨",1h 8m,"Rear Felt Fly (Machine)",F,70.0,13.0,0,0.0,"3x8-10(F), 3 mins",,10
2024-06-27 19:48:09,"Shoulders🪨",1h 8m,"Rear Felt Fly (Machine)",F,75.0,9.0,0,0.0,,,10
2024-06-27 19:48:09,"Shoulders🪨",1h 8m,"Rear Felt Fly (Machine)",F,65.0,10.0,0,0.0,,,10
2024-06-27 19:48:09,"Shoulders🪨",1h 8m,"Decline Crunch",F,25.0,8.0,0,0.0,"3x8-10(F), 3 mins",,10
2024-06-27 19:48:09,"Shoulders🪨",1h 8m,"Decline Crunch",F,20.0,9.0,0,0.0,,,10
2024-07-01 19:02:39,"Chest & Biceps🃏",1h 7m,"Incline Bench Press (Smith Machine)",W,20.0,10.0,0,0.0,"2x8-10(F), 4 mins","Chest: 3 & Biceps: 2",
2024-07-01 19:02:39,"Chest & Biceps🃏",1h 7m,"Incline Bench Press (Smith Machine)",W,70.0,8.0,0,0.0,,,
2024-07-01 19:02:39,"Chest & Biceps🃏",1h 7m,"Incline Bench Press (Smith Machine)",W,110.0,5.0,0,0.0,,,
2024-07-01 19:02:39,"Chest & Biceps🃏",1h 7m,"Incline Bench Press (Smith Machine)",F,170.0,8.0,0,0.0,,,10
2024-07-01 19:02:39,"Chest & Biceps🃏",1h 7m,"Incline Bench Press (Smith Machine)",F,150.0,7.0,0,0.0,,,10
2024-07-01 19:02:39,"Chest & Biceps🃏",1h 7m,"Bicep Curl (Dumbbell)",F,40.0,10.0,0,0.0,"2x8-10(F), 3 mins",,10
2024-07-01 19:02:39,"Chest & Biceps🃏",1h 7m,"Bicep Curl (Dumbbell)",F,45.0,4.0,0,0.0,,,10
2024-07-01 19:02:39,"Chest & Biceps🃏",1h 7m,"Chest Press (Machine)",F,195.0,8.0,0,0.0,"2x6-8(F), 4 mins",,10
2024-07-01 19:02:39,"Chest & Biceps🃏",1h 7m,"Chest Press (Machine)",F,200.0,3.0,0,0.0,,,10
2024-07-01 19:02:39,"Chest & Biceps🃏",1h 7m,"Hammer Curl (Dumbbell)",F,40.0,10.0,0,0.0,"2x8-10(F), 3 mins",,10
2024-07-01 19:02:39,"Chest & Biceps🃏",1h 7m,"Hammer Curl (Dumbbell)",F,45.0,2.0,0,0.0,,,10
2024-07-01 19:02:39,"Chest & Biceps🃏",1h 7m,"Arsenal Strength Chest Fly (Machine)",F,230.0,9.0,0,0.0,"2x8-10(F), 3 mins",,10
2024-07-01 19:02:39,"Chest & Biceps🃏",1h 7m,"Arsenal Strength Chest Fly (Machine)",F,200.0,9.0,0,0.0,,,10
2024-07-03 18:32:11,"Back & Triceps♦️",1h 12m,"Lat Pulldown (Cable)",W,100.0,8.0,0,0.0,"2x8-10(F), 3 mins","Back Width: 2, Back Density: 1, & Triceps: 2",
2024-07-03 18:32:11,"Back & Triceps♦️",1h 12m,"Lat Pulldown (Cable)",F,155.0,10.0,0,0.0,,,10
2024-07-03 18:32:11,"Back & Triceps♦️",1h 12m,"Lat Pulldown (Cable)",F,160.0,6.0,0,0.0,,,10
2024-07-03 18:32:11,"Back & Triceps♦️",1h 12m,"Triceps Extension (Cable)",F,55.0,11.0,0,0.0,"2x8-10(F), 3 mins",,10
2024-07-03 18:32:11,"Back & Triceps♦️",1h 12m,"Triceps Extension (Cable)",F,60.0,10.0,0,0.0,,,10
2024-07-03 18:32:11,"Back & Triceps♦️",1h 12m,"Arsenal Strength Reload T Row",W,50.0,8.0,0,0.0,"2x6-8(F), 3 mins",,
2024-07-03 18:32:11,"Back & Triceps♦️",1h 12m,"Arsenal Strength Reload T Row",F,105.0,9.0,0,0.0,,,10
2024-07-03 18:32:11,"Back & Triceps♦️",1h 12m,"Arsenal Strength Reload T Row",F,110.0,5.0,0,0.0,,,10
2024-07-03 18:32:11,"Back & Triceps♦️",1h 12m,"Bench Press - Close Grip (Smith Machine)",F,180.0,8.0,0,0.0,"2x6-8(F), 4 mins",,10
2024-07-03 18:32:11,"Back & Triceps♦️",1h 12m,"Bench Press - Close Grip (Smith Machine)",F,190.0,2.0,0,0.0,,,10
2024-07-03 18:32:11,"Back & Triceps♦️",1h 12m,"Lat Pulldown (Single Arm)",F,65.0,8.0,0,0.0,"2x8-10(F), 3 mins",,10
2024-07-03 18:32:11,"Back & Triceps♦️",1h 12m,"Lat Pulldown (Single Arm)",F,65.0,4.0,0,0.0,,,10
2024-07-03 18:32:11,"Back & Triceps♦️",1h 12m,"Hanging Leg Raise",F,0,11.0,0,0.0,"3x8-10(F), 3 mins",,10
2024-07-03 18:32:11,"Back & Triceps♦️",1h 12m,"Hanging Leg Raise",F,10.0,6.0,0,0.0,,,10
2024-07-03 18:32:11,"Back & Triceps♦️",1h 12m,"Hanging Leg Raise",F,10.0,6.0,0,0.0,,,10
2024-07-09 19:09:54,"Quads 🐓 ",49m,"Single-Leg Leg Curl",W,30.0,10.0,0,0.0,"2x8-10(F), 3 mins","Quads: 3, Hamstring: 1, Calves: 1",
2024-07-09 19:09:54,"Quads 🐓 ",49m,"Single-Leg Leg Curl",F,75.0,11.0,0,0.0,,,10
2024-07-09 19:09:54,"Quads 🐓 ",49m,"Single-Leg Leg Curl",F,80.0,8.0,0,0.0,,,10
2024-07-09 19:09:54,"Quads 🐓 ",49m,"Squat (Smith Machine)",W,20.0,10.0,0,0.0,"2x6-8(F), 4 mins",,
2024-07-09 19:09:54,"Quads 🐓 ",49m,"Squat (Smith Machine)",W,110.0,6.0,0,0.0,,,
2024-07-09 19:09:54,"Quads 🐓 ",49m,"Squat (Smith Machine)",F,160.0,7.0,0,0.0,,,10
2024-07-09 19:09:54,"Quads 🐓 ",49m,"Squat (Smith Machine)",F,160.0,6.0,0,0.0,,,10
2024-07-09 19:09:54,"Quads 🐓 ",49m,"Standing Calf Raise (Machine)",F,195.0,11.0,0,0.0,"2x8-10(F), 3 mins",,10
2024-07-09 19:09:54,"Quads 🐓 ",49m,"Standing Calf Raise (Machine)",F,200.0,7.0,0,0.0,,,10
2024-07-10 20:12:33,"Shoulders🪨",59m,"Seated Shoulder Press (Smith Machine)",W,20.0,10.0,0,0.0,"2x8-10(F), 3 mins","Shoulders: 3 & Core: 1",
2024-07-10 20:12:33,"Shoulders🪨",59m,"Seated Shoulder Press (Smith Machine)",W,70.0,8.0,0,0.0,,,
2024-07-10 20:12:33,"Shoulders🪨",59m,"Seated Shoulder Press (Smith Machine)",F,140.0,10.0,0,0.0,,,10
2024-07-10 20:12:33,"Shoulders🪨",59m,"Seated Shoulder Press (Smith Machine)",F,150.0,4.0,0,0.0,,,10
2024-07-10 20:12:33,"Shoulders🪨",59m,"Arsenal Strength Lateral Raise (Machine)",F,120.0,9.0,0,0.0,"3x8-10(F), 3 mins",,10
2024-07-10 20:12:33,"Shoulders🪨",59m,"Arsenal Strength Lateral Raise (Machine)",F,120.0,7.0,0,0.0,,,10
2024-07-10 20:12:33,"Shoulders🪨",59m,"Arsenal Strength Lateral Raise (Machine)",F,100.0,8.0,0,0.0,,,10
2024-07-10 20:12:33,"Shoulders🪨",59m,"Rear Felt Fly (Machine)",F,75.0,13.0,0,0.0,"3x8-10(F), 3 mins",,10
2024-07-10 20:12:33,"Shoulders🪨",59m,"Rear Felt Fly (Machine)",F,80.0,12.0,0,0.0,,,10
2024-07-10 20:12:33,"Shoulders🪨",59m,"Rear Felt Fly (Machine)",F,85.0,8.0,0,0.0,,,10
2024-07-10 20:12:33,"Shoulders🪨",59m,"Decline Crunch",F,25.0,11.0,0,0.0,"2x8-10(F), 3 mins",,10
2024-07-12 18:53:27,"Chest & Biceps🃏",1h 1m,"Incline Bench Press (Smith Machine)",W,20.0,10.0,0,0.0,"2x8-10(F), 4 mins","Chest: 3 & Biceps: 2",
2024-07-12 18:53:27,"Chest & Biceps🃏",1h 1m,"Incline Bench Press (Smith Machine)",W,70.0,8.0,0,0.0,,,
2024-07-12 18:53:27,"Chest & Biceps🃏",1h 1m,"Incline Bench Press (Smith Machine)",W,110.0,5.0,0,0.0,,,
2024-07-12 18:53:27,"Chest & Biceps🃏",1h 1m,"Incline Bench Press (Smith Machine)",F,170.0,9.0,0,0.0,,,10
2024-07-12 18:53:27,"Chest & Biceps🃏",1h 1m,"Incline Bench Press (Smith Machine)",F,160.0,7.0,0,0.0,,,10
2024-07-12 18:53:27,"Chest & Biceps🃏",1h 1m,"Bicep Curl (Dumbbell)",F,45.0,7.0,0,0.0,"2x8-10(F), 3 mins",,10
2024-07-12 18:53:27,"Chest & Biceps🃏",1h 1m,"Bicep Curl (Dumbbell)",F,35.0,7.0,0,0.0,,,10
2024-07-12 18:53:27,"Chest & Biceps🃏",1h 1m,"Chest Press (Machine)",F,200.0,8.0,0,0.0,"2x6-8(F), 4 mins",,10
2024-07-12 18:53:27,"Chest & Biceps🃏",1h 1m,"Chest Press (Machine)",F,205.0,3.0,0,0.0,,,10
2024-07-12 18:53:27,"Chest & Biceps🃏",1h 1m,"Hammer Curl (Dumbbell)",F,45.0,7.0,0,0.0,"2x8-10(F), 3 mins",,10
2024-07-12 18:53:27,"Chest & Biceps🃏",1h 1m,"Hammer Curl (Dumbbell)",F,35.0,8.0,0,0.0,,,10
2024-07-12 18:53:27,"Chest & Biceps🃏",1h 1m,"Arsenal Strength Chest Fly (Machine)",F,230.0,10.0,0,0.0,"2x8-10(F), 3 mins",,10
2024-07-12 18:53:27,"Chest & Biceps🃏",1h 1m,"Arsenal Strength Chest Fly (Machine)",F,240.0,4.0,0,0.0,,,10
2024-07-13 19:07:23,"Back & Triceps♦️",58m,"Lat Pulldown (Cable)",W,100.0,8.0,0,0.0,"2x8-10(F), 3 mins","Back Width: 2, Back Density: 1, & Triceps: 2",
2024-07-13 19:07:23,"Back & Triceps♦️",58m,"Lat Pulldown (Cable)",F,160.0,8.0,0,0.0,,,10
2024-07-13 19:07:23,"Back & Triceps♦️",58m,"Lat Pulldown (Cable)",F,145.0,8.0,0,0.0,,,10
2024-07-13 19:07:23,"Back & Triceps♦️",58m,"Triceps Extension (Cable)",F,65.0,9.0,0,0.0,"2x8-10(F), 3 mins",,10
2024-07-13 19:07:23,"Back & Triceps♦️",58m,"Triceps Extension (Cable)",F,50.0,10.0,0,0.0,,,10
2024-07-13 19:07:23,"Back & Triceps♦️",58m,"Arsenal Strength Reload T Row",W,50.0,8.0,0,0.0,"2x6-8(F), 3 mins",,
2024-07-13 19:07:23,"Back & Triceps♦️",58m,"Arsenal Strength Reload T Row",F,110.0,9.0,0,0.0,,,10
2024-07-13 19:07:23,"Back & Triceps♦️",58m,"Arsenal Strength Reload T Row",F,115.0,7.0,0,0.0,,,10
2024-07-13 19:07:23,"Back & Triceps♦️",58m,"Bench Press - Close Grip (Smith Machine)",F,190.0,5.0,0,0.0,"2x6-8(F), 4 mins",,10
2024-07-13 19:07:23,"Back & Triceps♦️",58m,"Triceps Pushdown (Cable - Straight Bar)",F,80.0,4.0,0,0.0,"",,10
2024-07-13 19:07:23,"Back & Triceps♦️",58m,"Lat Pulldown (Single Arm)",F,65.0,10.0,0,0.0,"2x8-10(F), 3 mins",,10
2024-07-13 19:07:23,"Back & Triceps♦️",58m,"Lat Pulldown (Single Arm)",F,70.0,4.0,0,0.0,,,10
2024-07-22 18:50:48,"Chest & Biceps🃏",50m,"Incline Bench Press (Smith Machine)",W,20.0,10.0,0,0.0,"2x8-10(F), 4 mins","Chest: 3 & Biceps: 2",
2024-07-22 18:50:48,"Chest & Biceps🃏",50m,"Incline Bench Press (Smith Machine)",W,70.0,8.0,0,0.0,,,
2024-07-22 18:50:48,"Chest & Biceps🃏",50m,"Incline Bench Press (Smith Machine)",W,110.0,5.0,0,0.0,,,
2024-07-22 18:50:48,"Chest & Biceps🃏",50m,"Incline Bench Press (Smith Machine)",F,170.0,6.0,0,0.0,,,10
2024-07-22 18:50:48,"Chest & Biceps🃏",50m,"Incline Bench Press (Smith Machine)",F,160.0,8.0,0,0.0,,,10
2024-07-22 18:50:48,"Chest & Biceps🃏",50m,"Bicep Curl (Dumbbell)",F,45.0,5.0,0,0.0,"2x8-10(F), 3 mins",,10
2024-07-22 18:50:48,"Chest & Biceps🃏",50m,"Bicep Curl (Dumbbell)",F,35.0,8.0,0,0.0,,,10
2024-07-22 18:50:48,"Chest & Biceps🃏",50m,"Chest Press (Machine)",F,205.0,6.0,0,0.0,"2x6-8(F), 4 mins",,10
2024-07-22 18:50:48,"Chest & Biceps🃏",50m,"Chest Press (Machine)",F,195.0,5.0,0,0.0,,,10
2024-07-22 18:50:48,"Chest & Biceps🃏",50m,"Preacher Curl (Machine)",F,140.0,6.0,0,0.0,"2x8-10(F), 3 mins",,10
2024-07-22 18:50:48,"Chest & Biceps🃏",50m,"Preacher Curl (Machine)",F,125.0,5.0,0,0.0,,,10
2024-07-22 18:50:48,"Chest & Biceps🃏",50m,"Arsenal Strength Chest Fly (Machine)",F,240.0,6.0,0,0.0,"2x8-10(F), 3 mins",,10
2024-07-23 19:12:29,"Back & Triceps♦️",51m,"Lat Pulldown (Cable)",W,100.0,8.0,0,0.0,"2x8-10(F), 4 mins","Back Width: 2, Back Density: 1, & Triceps: 2",
2024-07-23 19:12:29,"Back & Triceps♦️",51m,"Lat Pulldown (Cable)",F,160.0,9.0,0,0.0,,,10
2024-07-23 19:12:29,"Back & Triceps♦️",51m,"Lat Pulldown (Cable)",F,145.0,8.0,0,0.0,,,10
2024-07-23 19:12:29,"Back & Triceps♦️",51m,"Triceps Extension (Cable)",F,65.0,11.0,0,0.0,"2x8-10(F), 3 mins",,10
2024-07-23 19:12:29,"Back & Triceps♦️",51m,"Triceps Extension (Cable)",F,70.0,3.0,0,0.0,,,10
2024-07-23 19:12:29,"Back & Triceps♦️",51m,"Arsenal Strength Reload T Row",W,50.0,8.0,0,0.0,"2x6-8(F), 4 mins",,
2024-07-23 19:12:29,"Back & Triceps♦️",51m,"Arsenal Strength Reload T Row",F,115.0,8.0,0,0.0,,,10
2024-07-23 19:12:29,"Back & Triceps♦️",51m,"Arsenal Strength Reload T Row",F,120.0,4.0,0,0.0,,,10
2024-07-23 19:12:29,"Back & Triceps♦️",51m,"Triceps Pushdown (Cable - Straight Bar)",F,80.0,7.0,0,0.0,"2x6-8(F), 4 mins",,10
2024-07-23 19:12:29,"Back & Triceps♦️",51m,"Triceps Pushdown (Cable - Straight Bar)",F,65.0,8.0,0,0.0,,,10
2024-07-23 19:12:29,"Back & Triceps♦️",51m,"Jpg Lat Pulldown (Cable)",F,50.0,10.0,0,0.0,"2x8-10(F), 3 mins",,10
2024-07-25 19:14:31,"Quads 🐓 ",29m,"Single-Leg Leg Curl",W,30.0,10.0,0,0.0,"2x8-10(F), 3 mins","Quads: 2, Hamstring: 1, Calves: 1, & Core: 1",
2024-07-25 19:14:31,"Quads 🐓 ",29m,"Single-Leg Leg Curl",F,80.0,9.0,0,0.0,,,10
2024-07-25 19:14:31,"Quads 🐓 ",29m,"Single-Leg Leg Curl",F,70.0,10.0,0,0.0,,,10
2024-07-25 19:14:31,"Quads 🐓 ",29m,"Squat (Smith Machine)",W,20.0,10.0,0,0.0,"2x6-8(F), 4 mins",,
2024-07-25 19:14:31,"Quads 🐓 ",29m,"Standing Calf Raise (Machine)",F,200.0,10.0,0,0.0,"2x8-10(F), 3 mins",,10
2024-07-25 19:14:31,"Quads 🐓 ",29m,"Leg Extension (Machine)",F,175.0,10.0,0,0.0,"2x8-10(F), 3 mins ",,10
2024-07-25 19:14:31,"Quads 🐓 ",29m,"Leg Extension (Machine)",F,190.0,8.0,0,0.0,,,10
2024-08-06 18:52:06,"Chest & Biceps🃏",1h 20m,"Incline Bench Press (Smith Machine)",W,20.0,10.0,0,0.0,"2x8-10(F), 4 mins","Chest: 3 & Biceps: 2",
2024-08-06 18:52:06,"Chest & Biceps🃏",1h 20m,"Incline Bench Press (Smith Machine)",W,70.0,8.0,0,0.0,,,
2024-08-06 18:52:06,"Chest & Biceps🃏",1h 20m,"Incline Bench Press (Smith Machine)",W,110.0,5.0,0,0.0,,,
2024-08-06 18:52:06,"Chest & Biceps🃏",1h 20m,"Incline Bench Press (Smith Machine)",F,160.0,8.0,0,0.0,,,10
2024-08-06 18:52:06,"Chest & Biceps🃏",1h 20m,"Incline Bench Press (Smith Machine)",F,160.0,5.0,0,0.0,,,10
2024-08-06 18:52:06,"Chest & Biceps🃏",1h 20m,"Bicep Curl (Dumbbell)",F,40.0,6.0,0,0.0,"2x8-10(F), 3 mins",,10
2024-08-06 18:52:06,"Chest & Biceps🃏",1h 20m,"Bicep Curl (Dumbbell)",F,30.0,8.0,0,0.0,,,10
2024-08-06 18:52:06,"Chest & Biceps🃏",1h 20m,"Chest Press (Machine)",F,205.0,5.0,0,0.0,"2x6-8(F), 4 mins",,10
2024-08-06 18:52:06,"Chest & Biceps🃏",1h 20m,"Chest Press (Machine)",F,175.0,7.0,0,0.0,,,10
2024-08-06 18:52:06,"Chest & Biceps🃏",1h 20m,"Preacher Curl (Machine)",F,125.0,10.0,0,0.0,"2x8-10(F), 3 mins",,10
2024-08-06 18:52:06,"Chest & Biceps🃏",1h 20m,"Preacher Curl (Machine)",F,130.0,5.0,0,0.0,,,10
2024-08-06 18:52:06,"Chest & Biceps🃏",1h 20m,"Arsenal Strength Chest Fly (Machine)",F,240.0,7.0,0,0.0,"2x8-10(F), 3 mins",,10
2024-08-07 19:37:36,"Back & Triceps♦️",59m,"Lat Pulldown (Cable)",W,100.0,8.0,0,0.0,"2x8-10(F), 4 mins","Back Width: 2, Back Density: 1, & Triceps: 2",
2024-08-07 19:37:36,"Back & Triceps♦️",59m,"Lat Pulldown (Cable)",F,160.0,7.0,0,0.0,,,10
2024-08-07 19:37:36,"Back & Triceps♦️",59m,"Lat Pulldown (Cable)",F,145.0,5.0,0,0.0,,,10
2024-08-07 19:37:36,"Back & Triceps♦️",59m,"Triceps Extension (Cable)",F,70.0,5.0,0,0.0,"2x8-10(F), 3 mins",,10
2024-08-07 19:37:36,"Back & Triceps♦️",59m,"Triceps Extension (Cable)",F,55.0,10.0,0,0.0,,,10
2024-08-07 19:37:36,"Back & Triceps♦️",59m,"Arsenal Strength Reload T Row",W,50.0,8.0,0,0.0,"2x6-8(F), 4 mins",,
2024-08-07 19:37:36,"Back & Triceps♦️",59m,"Arsenal Strength Reload T Row",F,120.0,6.0,0,0.0,,,10
2024-08-07 19:37:36,"Back & Triceps♦️",59m,"Arsenal Strength Reload T Row",F,120.0,5.0,0,0.0,,,10
2024-08-07 19:37:36,"Back & Triceps♦️",59m,"Triceps Pushdown (Cable - Straight Bar)",F,80.0,6.0,0,0.0,"2x6-8(F), 4 mins",,10
2024-08-07 19:37:36,"Back & Triceps♦️",59m,"Triceps Pushdown (Cable - Straight Bar)",F,65.0,8.0,0,0.0,,,10
2024-08-08 19:06:35,"Quads 🐓 ",58m,"Single-Leg Leg Curl",W,30.0,10.0,0,0.0,"2x8-10(F), 3 mins","Quads: 2, Hamstring: 1, Calves: 1, & Core: 1",
2024-08-08 19:06:35,"Quads 🐓 ",58m,"Single-Leg Leg Curl",F,80.0,10.0,0,0.0,,,10
2024-08-08 19:06:35,"Quads 🐓 ",58m,"Single-Leg Leg Curl",F,85.0,3.0,0,0.0,,,10
2024-08-08 19:06:35,"Quads 🐓 ",58m,"Bulgarian Split Squat",F,70.0,12.0,0,0.0,"2x8-10(F), 4 mins",,10
2024-08-08 19:06:35,"Quads 🐓 ",58m,"Bulgarian Split Squat",F,75.0,9.0,0,0.0,,,10
2024-08-08 19:06:35,"Quads 🐓 ",58m,"Standing Calf Raise (Machine)",F,210.0,12.0,0,0.0,"2x8-10(F), 3 mins",,10
2024-08-08 19:06:35,"Quads 🐓 ",58m,"Standing Calf Raise (Machine)",F,215.0,11.0,0,0.0,,,10
2024-08-08 19:06:35,"Quads 🐓 ",58m,"Leg Extension (Machine)",F,190.0,11.0,0,0.0,"2x8-10(F), 3 mins ",,10
2024-08-08 19:06:35,"Quads 🐓 ",58m,"Leg Extension (Machine)",F,205.0,8.0,0,0.0,,,10
2024-08-10 18:49:16,"Shoulders🪨",39m,"Seated Shoulder Press (Smith Machine)",W,20.0,10.0,0,0.0,"2x8-10(F), 3 mins","Shoulders: 3 & Core: 1",
2024-08-10 18:49:16,"Shoulders🪨",39m,"Seated Shoulder Press (Smith Machine)",W,70.0,8.0,0,0.0,,,
2024-08-10 18:49:16,"Shoulders🪨",39m,"Seated Shoulder Press (Smith Machine)",F,150.0,5.0,0,0.0,,,10
2024-08-10 18:49:16,"Shoulders🪨",39m,"Seated Shoulder Press (Smith Machine)",F,130.0,5.0,0,0.0,,,9
2024-08-10 18:49:16,"Shoulders🪨",39m,"Arsenal Strength Lateral Raise (Machine)",F,120.0,6.0,0,0.0,"3x8-10(F), 3 mins",,10
2024-08-10 18:49:16,"Shoulders🪨",39m,"Arsenal Strength Lateral Raise (Machine)",F,100.0,10.0,0,0.0,,,10
2024-08-10 18:49:16,"Shoulders🪨",39m,"Arsenal Strength Lateral Raise (Machine)",F,100.0,7.0,0,0.0,,,10
2024-08-10 18:49:16,"Shoulders🪨",39m,"Incline Leg Raise",F,0,15.0,0,0.0,"",,
2024-08-10 18:49:16,"Shoulders🪨",39m,"Incline Leg Raise",F,0,15.0,0,0.0,,,
2024-08-12 19:05:20,"Chest & Biceps🃏",56m,"Incline Bench Press (Smith Machine)",W,20.0,10.0,0,0.0,"2x8-10(F), 4 mins","Chest: 3 & Biceps: 2",
2024-08-12 19:05:20,"Chest & Biceps🃏",56m,"Incline Bench Press (Smith Machine)",W,70.0,8.0,0,0.0,,,
2024-08-12 19:05:20,"Chest & Biceps🃏",56m,"Incline Bench Press (Smith Machine)",W,110.0,5.0,0,0.0,,,
2024-08-12 19:05:20,"Chest & Biceps🃏",56m,"Incline Bench Press (Smith Machine)",F,170.0,7.0,0,0.0,,,10
2024-08-12 19:05:20,"Chest & Biceps🃏",56m,"Incline Bench Press (Smith Machine)",F,160.0,8.0,0,0.0,,,10
2024-08-12 19:05:20,"Chest & Biceps🃏",56m,"Bicep Curl (Dumbbell)",F,45.0,6.0,0,0.0,"2x8-10(F), 3 mins",,10
2024-08-12 19:05:20,"Chest & Biceps🃏",56m,"Bicep Curl (Dumbbell)",F,30.0,9.0,0,0.0,,,10
2024-08-12 19:05:20,"Chest & Biceps🃏",56m,"Chest Press (Machine)",F,205.0,6.0,0,0.0,"2x6-8(F), 4 mins",,10
2024-08-12 19:05:20,"Chest & Biceps🃏",56m,"Chest Press (Machine)",F,190.0,6.0,0,0.0,,,10
2024-08-12 19:05:20,"Chest & Biceps🃏",56m,"Preacher Curl (Machine)",F,130.0,9.0,0,0.0,"2x8-10(F), 3 mins",,10
2024-08-12 19:05:20,"Chest & Biceps🃏",56m,"Preacher Curl (Machine)",F,110.0,6.0,0,0.0,,,10
2024-08-12 19:05:20,"Chest & Biceps🃏",56m,"Arsenal Strength Chest Fly (Machine)",F,240.0,6.0,0,0.0,"2x8-10(F), 3 mins",,9
2024-08-13 18:42:55,"Back & Triceps♦️",57m,"Lat Pulldown (Cable)",W,100.0,8.0,0,0.0,"2x8-10(F), 4 mins","Back Width: 2, Back Density: 1, & Triceps: 2",
2024-08-13 18:42:55,"Back & Triceps♦️",57m,"Lat Pulldown (Cable)",F,160.0,10.0,0,0.0,,,10
2024-08-13 18:42:55,"Back & Triceps♦️",57m,"Lat Pulldown (Cable)",F,165.0,4.0,0,0.0,,,10
2024-08-13 18:42:55,"Back & Triceps♦️",57m,"Triceps Extension (Cable)",F,70.0,8.0,0,0.0,"2x8-10(F), 3 mins",,10
2024-08-13 18:42:55,"Back & Triceps♦️",57m,"Triceps Extension (Cable)",F,55.0,8.0,0,0.0,,,10
2024-08-13 18:42:55,"Back & Triceps♦️",57m,"Arsenal Strength Reload T Row",W,50.0,8.0,0,0.0,"2x6-8(F), 4 mins",,
2024-08-13 18:42:55,"Back & Triceps♦️",57m,"Arsenal Strength Reload T Row",F,120.0,7.0,0,0.0,,,10
2024-08-13 18:42:55,"Back & Triceps♦️",57m,"Arsenal Strength Reload T Row",F,120.0,6.0,0,0.0,,,10
2024-08-13 18:42:55,"Back & Triceps♦️",57m,"Triceps Pushdown (Cable - Straight Bar)",F,80.0,7.0,0,0.0,"2x6-8(F), 4 mins",,10
2024-08-13 18:42:55,"Back & Triceps♦️",57m,"Triceps Pushdown (Cable - Straight Bar)",F,70.0,9.0,0,0.0,,,10
2024-08-13 18:42:55,"Back & Triceps♦️",57m,"Jpg Lat Pulldown (Cable)",F,55.0,10.0,0,0.0,"2x8-10(F), 3 mins",,10
2024-08-13 18:42:55,"Back & Triceps♦️",57m,"Jpg Lat Pulldown (Cable)",F,60.0,6.0,0,0.0,,,10
2024-08-14 19:14:11,"Quads 🐓 ",1h 10m,"Single-Leg Leg Curl",W,30.0,10.0,0,0.0,"2x8-10(F), 3 mins","Quads: 2, Hamstring: 1, Calves: 1, & Core: 1",
2024-08-14 19:14:11,"Quads 🐓 ",1h 10m,"Single-Leg Leg Curl",F,85.0,9.0,0,0.0,,,10
2024-08-14 19:14:11,"Quads 🐓 ",1h 10m,"Single-Leg Leg Curl",F,70.0,11.0,0,0.0,,,10
2024-08-14 19:14:11,"Quads 🐓 ",1h 10m,"Bulgarian Split Squat",F,75.0,12.0,0,0.0,"2x8-10(F), 4 mins",,10
2024-08-14 19:14:11,"Quads 🐓 ",1h 10m,"Bulgarian Split Squat",F,80.0,8.0,0,0.0,,,10
2024-08-14 19:14:11,"Quads 🐓 ",1h 10m,"Standing Calf Raise (Machine)",F,220.0,11.0,0,0.0,"2x8-10(F), 3 mins",,10
2024-08-14 19:14:11,"Quads 🐓 ",1h 10m,"Standing Calf Raise (Machine)",F,230.0,9.0,0,0.0,,,10
2024-08-14 19:14:11,"Quads 🐓 ",1h 10m,"Leg Extension (Machine)",F,205.0,10.0,0,0.0,"2x8-10(F), 3 mins ",,10
2024-08-14 19:14:11,"Quads 🐓 ",1h 10m,"Leg Extension (Machine)",F,220.0,6.0,0,0.0,,,10
2024-08-14 19:14:11,"Quads 🐓 ",1h 10m,"Cable Crunch",F,65.0,10.0,0,0.0,"3x8-10(F), 3 mins",,10
2024-08-14 19:14:11,"Quads 🐓 ",1h 10m,"Cable Crunch",F,70.0,10.0,0,0.0,,,10
2024-08-19 18:37:00,"Shoulders🪨",56m,"Seated Shoulder Press (Smith Machine)",W,20.0,10.0,0,0.0,"2x8-10(F), 3 mins","Shoulders: 3 & Core: 1",
2024-08-19 18:37:00,"Shoulders🪨",56m,"Seated Shoulder Press (Smith Machine)",W,70.0,8.0,0,0.0,,,
2024-08-19 18:37:00,"Shoulders🪨",56m,"Seated Shoulder Press (Smith Machine)",F,150.0,6.0,0,0.0,,,10
2024-08-19 18:37:00,"Shoulders🪨",56m,"Seated Shoulder Press (Smith Machine)",F,130.0,4.0,0,0.0,,,10
2024-08-19 18:37:00,"Shoulders🪨",56m,"Arsenal Strength Lateral Raise (Machine)",W,40.0,10.0,0,0.0,"3x8-10(F), 3 mins",,
2024-08-19 18:37:00,"Shoulders🪨",56m,"Arsenal Strength Lateral Raise (Machine)",F,120.0,7.0,0,0.0,,,10
2024-08-19 18:37:00,"Shoulders🪨",56m,"Arsenal Strength Lateral Raise (Machine)",F,100.0,10.0,0,0.0,,,10
2024-08-19 18:37:00,"Shoulders🪨",56m,"Arsenal Strength Lateral Raise (Machine)",F,100.0,7.0,0,0.0,,,10
2024-08-19 18:37:00,"Shoulders🪨",56m,"Rear Felt Fly (Machine)",F,80.0,9.0,0,0.0,"3x8-10(F), 3 mins",,10
2024-08-19 18:37:00,"Shoulders🪨",56m,"Rear Felt Fly (Machine)",F,65.0,9.0,0,0.0,,,10
2024-08-19 18:37:00,"Shoulders🪨",56m,"Incline Leg Raise",1,0,10.0,0,0.0,"3x15, 3 mins",,
2024-08-19 18:37:00,"Shoulders🪨",56m,"Incline Leg Raise",F,0,10.0,0,0.0,,,10
2024-08-19 18:37:00,"Shoulders🪨",56m,"Incline Leg Raise",F,0,7.0,0,0.0,,,10
2024-08-21 17:17:27,"Chest & Biceps🃏",55m,"Incline Bench Press (Smith Machine)",W,20.0,10.0,0,0.0,"2x8-10(F), 4 mins","Chest: 3 & Biceps: 2",
2024-08-21 17:17:27,"Chest & Biceps🃏",55m,"Incline Bench Press (Smith Machine)",W,70.0,8.0,0,0.0,,,
2024-08-21 17:17:27,"Chest & Biceps🃏",55m,"Incline Bench Press (Smith Machine)",W,110.0,5.0,0,0.0,,,
2024-08-21 17:17:27,"Chest & Biceps🃏",55m,"Incline Bench Press (Smith Machine)",F,170.0,7.0,0,0.0,,,10
2024-08-21 17:17:27,"Chest & Biceps🃏",55m,"Incline Bench Press (Smith Machine)",F,160.0,6.0,0,0.0,,,10
2024-08-21 17:17:27,"Chest & Biceps🃏",55m,"Bicep Curl (Dumbbell)",F,45.0,6.0,0,0.0,"2x8-10(F), 3 mins",,10
2024-08-21 17:17:27,"Chest & Biceps🃏",55m,"Bicep Curl (Dumbbell)",F,35.0,7.0,0,0.0,,,10
2024-08-21 17:17:27,"Chest & Biceps🃏",55m,"Chest Press (Machine)",F,205.0,7.0,0,0.0,"2x6-8(F), 4 mins",,10
2024-08-21 17:17:27,"Chest & Biceps🃏",55m,"Chest Press (Machine)",F,190.0,6.0,0,0.0,,,10
2024-08-21 17:17:27,"Chest & Biceps🃏",55m,"Preacher Curl (Machine)",F,130.0,10.0,0,0.0,"2x8-10(F), 3 mins",,10
2024-08-21 17:17:27,"Chest & Biceps🃏",55m,"Preacher Curl (Machine)",F,135.0,6.0,0,0.0,,,10
2024-08-21 17:17:27,"Chest & Biceps🃏",55m,"Arsenal Strength Chest Fly (Machine)",F,240.0,8.0,0,0.0,"2x8-10(F), 3 mins",,10
2024-08-21 17:17:27,"Chest & Biceps🃏",55m,"Arsenal Strength Chest Fly (Machine)",F,210.0,6.0,0,0.0,,,10
2024-08-22 20:43:34,"Back & Triceps♦️",59m,"Lat Pulldown (Cable)",W,100.0,8.0,0,0.0,"2x8-10(F), 4 mins","Back Width: 2, Back Density: 1, & Triceps: 2",
2024-08-22 20:43:34,"Back & Triceps♦️",59m,"Lat Pulldown (Cable)",F,165.0,8.0,0,0.0,,,10
2024-08-22 20:43:34,"Back & Triceps♦️",59m,"Lat Pulldown (Cable)",F,145.0,8.0,0,0.0,,,10
2024-08-22 20:43:34,"Back & Triceps♦️",59m,"Triceps Extension (Cable)",F,70.0,10.0,0,0.0,"2x8-10(F), 3 mins",,10
2024-08-22 20:43:34,"Back & Triceps♦️",59m,"Triceps Extension (Cable)",F,50.0,9.0,0,0.0,,,10
2024-08-22 20:43:34,"Back & Triceps♦️",59m,"Arsenal Strength Reload T Row",W,50.0,8.0,0,0.0,"2x6-8(F), 4 mins",,
2024-08-22 20:43:34,"Back & Triceps♦️",59m,"Arsenal Strength Reload T Row",F,120.0,8.0,0,0.0,,,10
2024-08-22 20:43:34,"Back & Triceps♦️",59m,"Arsenal Strength Reload T Row",F,125.0,4.0,0,0.0,,,10
2024-08-22 20:43:34,"Back & Triceps♦️",59m,"Triceps Pushdown (Cable - Straight Bar)",F,80.0,10.0,0,0.0,"2x6-8(F), 4 mins",,10
2024-08-22 20:43:34,"Back & Triceps♦️",59m,"Triceps Pushdown (Cable - Straight Bar)",F,85.0,4.0,0,0.0,,,10
2024-08-22 20:43:34,"Back & Triceps♦️",59m,"Lat Pulldown (Single Arm)",F,70.0,6.0,0,0.0,"2x8-10(F), 3 mins",,10
2024-08-28 19:23:30,"Chest & Biceps🃏",50m,"Incline Bench Press (Smith Machine)",W,20.0,10.0,0,0.0,"2x8-10(F), 4 mins","Chest: 3 & Biceps: 2",
2024-08-28 19:23:30,"Chest & Biceps🃏",50m,"Incline Bench Press (Smith Machine)",W,70.0,8.0,0,0.0,,,
2024-08-28 19:23:30,"Chest & Biceps🃏",50m,"Incline Bench Press (Smith Machine)",W,110.0,5.0,0,0.0,,,
2024-08-28 19:23:30,"Chest & Biceps🃏",50m,"Incline Bench Press (Smith Machine)",F,170.0,6.0,0,0.0,,,10
2024-08-28 19:23:30,"Chest & Biceps🃏",50m,"Incline Bench Press (Smith Machine)",F,150.0,8.0,0,0.0,,,10
2024-08-28 19:23:30,"Chest & Biceps🃏",50m,"Single Arm Bicep Curl (Cable)",F,25.0,10.0,0,0.0,"2x8-10(F), 3 mins",,10
2024-08-28 19:23:30,"Chest & Biceps🃏",50m,"Single Arm Bicep Curl (Cable)",F,30.0,4.0,0,0.0,,,10
2024-08-28 19:23:30,"Chest & Biceps🃏",50m,"Chest Press (Machine)",F,205.0,4.0,0,0.0,"2x6-8(F), 4 mins",,10
2024-08-28 19:23:30,"Chest & Biceps🃏",50m,"Chest Press (Machine)",F,175.0,7.0,0,0.0,,,10
2024-08-28 19:23:30,"Chest & Biceps🃏",50m,"Preacher Curl (Machine)",F,135.0,8.0,0,0.0,"2x8-10(F), 3 mins",,10
2024-08-28 19:23:30,"Chest & Biceps🃏",50m,"Preacher Curl (Machine)",F,110.0,8.0,0,0.0,,,10
2024-09-03 20:10:52,"Back & Triceps♦️",46m,"Lat Pulldown (Cable)",W,100.0,8.0,0,0.0,"2x8-10(F), 4 mins","Back Width: 2, Back Density: 1, & Triceps: 2",
2024-09-03 20:10:52,"Back & Triceps♦️",46m,"Lat Pulldown (Cable)",F,165.0,7.0,0,0.0,,,10
2024-09-03 20:10:52,"Back & Triceps♦️",46m,"Lat Pulldown (Cable)",F,145.0,9.0,0,0.0,,,10
2024-09-03 20:10:52,"Back & Triceps♦️",46m,"Triceps Extension (Cable)",F,75.0,8.0,0,0.0,"2x8-10(F), 3 mins",,10
2024-09-03 20:10:52,"Back & Triceps♦️",46m,"Triceps Extension (Cable)",F,55.0,10.0,0,0.0,,,10
2024-09-03 20:10:52,"Back & Triceps♦️",46m,"Arsenal Strength Reload T Row",W,50.0,8.0,0,0.0,"2x6-8(F), 4 mins",,
2024-09-03 20:10:52,"Back & Triceps♦️",46m,"Arsenal Strength Reload T Row",F,125.0,6.0,0,0.0,,,10
2024-09-03 20:10:52,"Back & Triceps♦️",46m,"Arsenal Strength Reload T Row",F,105.0,9.0,0,0.0,,,10
2024-09-03 20:10:52,"Back & Triceps♦️",46m,"Triceps Pushdown (Cable - Straight Bar)",F,85.0,3.0,0,0.0,"2x6-8(F), 4 mins",,9
2024-09-04 18:52:48,"Quads 🐓 ",47m,"Single-Leg Leg Curl",W,30.0,10.0,0,0.0,"2x8-10(F), 3 mins","Quads: 2, Hamstring: 1, Calves: 1, & Core: 1",
2024-09-04 18:52:48,"Quads 🐓 ",47m,"Single-Leg Leg Curl",F,85.0,10.0,0,0.0,,,10
2024-09-04 18:52:48,"Quads 🐓 ",47m,"Single-Leg Leg Curl",F,90.0,4.0,0,0.0,,,10
2024-09-04 18:52:48,"Quads 🐓 ",47m,"Bulgarian Split Squat",F,80.0,11.0,0,0.0,"2x8-10(F), 4 mins",,10
2024-09-04 18:52:48,"Quads 🐓 ",47m,"Bulgarian Split Squat",F,85.0,4.0,0,0.0,,,10
2024-09-04 18:52:48,"Quads 🐓 ",47m,"Standing Calf Raise (Machine)",F,230.0,11.0,0,0.0,"2x8-10(F), 3 mins",,10
2024-09-04 18:52:48,"Quads 🐓 ",47m,"Standing Calf Raise (Machine)",F,240.0,9.0,0,0.0,,,10
2024-09-04 18:52:48,"Quads 🐓 ",47m,"Leg Extension (Machine)",F,220.0,8.0,0,0.0,"2x8-10(F), 3 mins ",,10
2024-09-04 18:52:48,"Quads 🐓 ",47m,"Leg Extension (Machine)",F,205.0,6.0,0,0.0,,,10
2024-09-05 18:10:07,"Shoulders🪨",28m,"Seated Shoulder Press (Smith Machine)",W,20.0,10.0,0,0.0,"2x8-10(F), 3 mins","Shoulders: 3 & Core: 1",
2024-09-05 18:10:07,"Shoulders🪨",28m,"Seated Shoulder Press (Smith Machine)",W,70.0,8.0,0,0.0,,,
2024-09-05 18:10:07,"Shoulders🪨",28m,"Seated Shoulder Press (Smith Machine)",F,150.0,7.0,0,0.0,,,10
2024-09-05 18:10:07,"Shoulders🪨",28m,"Seated Shoulder Press (Smith Machine)",F,130.0,8.0,0,0.0,,,10
2024-09-05 18:10:07,"Shoulders🪨",28m,"Arsenal Strength Lateral Raise (Machine)",F,120.0,9.0,0,0.0,"3x8-10(F), 3 mins",,10
2024-09-05 18:10:07,"Shoulders🪨",28m,"Arsenal Strength Lateral Raise (Machine)",F,100.0,6.0,0,0.0,,,10
2024-09-05 18:10:07,"Shoulders🪨",28m,"Arsenal Strength Lateral Raise (Machine)",F,100.0,7.0,0,0.0,,,10
2024-09-11 18:41:58,"Chest & Biceps🃏",58m,"Incline Bench Press (Smith Machine)",W,20.0,10.0,0,0.0,"2x8-10(F), 4 mins","Chest: 3 & Biceps: 2",
2024-09-11 18:41:58,"Chest & Biceps🃏",58m,"Incline Bench Press (Smith Machine)",W,70.0,8.0,0,0.0,,,
2024-09-11 18:41:58,"Chest & Biceps🃏",58m,"Incline Bench Press (Smith Machine)",W,110.0,5.0,0,0.0,,,
2024-09-11 18:41:58,"Chest & Biceps🃏",58m,"Incline Bench Press (Smith Machine)",F,170.0,6.0,0,0.0,,,10
2024-09-11 18:41:58,"Chest & Biceps🃏",58m,"Incline Bench Press (Smith Machine)",F,150.0,7.0,0,0.0,,,10
2024-09-11 18:41:58,"Chest & Biceps🃏",58m,"Single Arm Bicep Curl (Cable)",F,30.0,7.0,0,0.0,"2x8-10(F), 3 mins",,10
2024-09-11 18:41:58,"Chest & Biceps🃏",58m,"Single Arm Bicep Curl (Cable)",F,20.0,9.0,0,0.0,,,10
2024-09-11 18:41:58,"Chest & Biceps🃏",58m,"Chest Press (Machine)",F,205.0,6.0,0,0.0,"2x6-8(F), 4 mins",,10
2024-09-11 18:41:58,"Chest & Biceps🃏",58m,"Chest Press (Machine)",F,190.0,5.0,0,0.0,,,
2024-09-11 18:41:58,"Chest & Biceps🃏",58m,"Preacher Curl (Machine)",F,135.0,10.0,0,0.0,"2x8-10(F), 3 mins",,10
2024-09-11 18:41:58,"Chest & Biceps🃏",58m,"Preacher Curl (Machine)",F,140.0,4.0,0,0.0,,,10
2024-09-11 18:41:58,"Chest & Biceps🃏",58m,"Arsenal Strength Chest Fly (Machine)",F,240.0,7.0,0,0.0,"2x8-10(F), 3 mins",,10
2024-09-11 18:41:58,"Chest & Biceps🃏",58m,"Arsenal Strength Chest Fly (Machine)",F,200.0,7.0,0,0.0,,,10
2024-09-16 19:00:26,"Chest & Biceps🃏",46m,"Single Arm Bicep Curl (Cable)",W,5.0,8.0,0,0.0,"2x8-10(F), 3 mins","Chest: 3 & Biceps: 2",
2024-09-16 19:00:26,"Chest & Biceps🃏",46m,"Single Arm Bicep Curl (Cable)",F,30.0,8.0,0,0.0,,,10
2024-09-16 19:00:26,"Chest & Biceps🃏",46m,"Single Arm Bicep Curl (Cable)",F,20.0,10.0,0,0.0,,,10
2024-09-16 19:00:26,"Chest & Biceps🃏",46m,"Chest Press (Machine)",F,205.0,7.0,0,0.0,"2x6-8(F), 4 mins",,10
2024-09-16 19:00:26,"Chest & Biceps🃏",46m,"Chest Press (Machine)",F,190.0,6.0,0,0.0,,,10
2024-09-16 19:00:26,"Chest & Biceps🃏",46m,"Preacher Curl (Machine)",F,140.0,9.0,0,0.0,"2x8-10(F), 3 mins",,10
2024-09-16 19:00:26,"Chest & Biceps🃏",46m,"Preacher Curl (Machine)",F,95.0,11.0,0,0.0,,,10
2024-09-16 19:00:26,"Chest & Biceps🃏",46m,"Arsenal Strength Chest Fly (Machine)",F,240.0,8.0,0,0.0,"2x8-10(F), 3 mins",,10
2024-09-16 19:00:26,"Chest & Biceps🃏",46m,"Arsenal Strength Chest Fly (Machine)",F,200.0,9.0,0,0.0,,,10
2024-09-18 18:55:36,"Back & Triceps♦️",58m,"Lat Pulldown (Cable)",W,100.0,8.0,0,0.0,"2x8-10(F), 4 mins","Back Width: 2, Back Density: 1, & Triceps: 2",
2024-09-18 18:55:36,"Back & Triceps♦️",58m,"Lat Pulldown (Cable)",F,165.0,6.0,0,0.0,,,10
2024-09-18 18:55:36,"Back & Triceps♦️",58m,"Lat Pulldown (Cable)",F,145.0,9.0,0,0.0,,,10
2024-09-18 18:55:36,"Back & Triceps♦️",58m,"Triceps Extension (Cable)",F,75.0,9.0,0,0.0,"2x8-10(F), 3 mins",,10
2024-09-18 18:55:36,"Back & Triceps♦️",58m,"Triceps Extension (Cable)",F,60.0,7.0,0,0.0,,,10
2024-09-18 18:55:36,"Back & Triceps♦️",58m,"Arsenal Strength Reload T Row",W,50.0,8.0,0,0.0,"2x6-8(F), 4 mins",,
2024-09-18 18:55:36,"Back & Triceps♦️",58m,"Arsenal Strength Reload T Row",F,125.0,6.0,0,0.0,,,10
2024-09-18 18:55:36,"Back & Triceps♦️",58m,"Arsenal Strength Reload T Row",F,100.0,9.0,0,0.0,,,10
2024-09-18 18:55:36,"Back & Triceps♦️",58m,"Bench Press - Close Grip (Smith Machine)",F,190.0,3.0,0,0.0,"2x6-8(F), 4 mins",,10
2024-09-18 18:55:36,"Back & Triceps♦️",58m,"Bench Press - Close Grip (Smith Machine)",F,160.0,7.0,0,0.0,,,10
2024-09-20 19:37:22,"Shoulders🪨",36m,"Seated Shoulder Press (Smith Machine)",W,20.0,10.0,0,0.0,"2x8-10(F), 3 mins","Shoulders: 3 & Core: 1",
2024-09-20 19:37:22,"Shoulders🪨",36m,"Seated Shoulder Press (Smith Machine)",W,70.0,8.0,0,0.0,,,
2024-09-20 19:37:22,"Shoulders🪨",36m,"Seated Shoulder Press (Smith Machine)",F,150.0,6.0,0,0.0,,,10
2024-09-20 19:37:22,"Shoulders🪨",36m,"Arsenal Strength Lateral Raise (Machine)",F,120.0,9.0,0,0.0,"3x8-10(F), 3 mins",,10
2024-09-20 19:37:22,"Shoulders🪨",36m,"Arsenal Strength Lateral Raise (Machine)",F,100.0,10.0,0,0.0,,,10
2024-09-20 19:37:22,"Shoulders🪨",36m,"Arsenal Strength Lateral Raise (Machine)",F,100.0,8.0,0,0.0,,,10
2024-09-20 19:37:22,"Shoulders🪨",36m,"Rear Felt Fly (Machine)",F,80.0,10.0,0,0.0,"3x8-10(F), 3 mins",,10
2024-09-30 18:46:14,"Chest & Biceps🃏",1h 2m,"Chest Press (Machine)",W,70.0,8.0,0,0.0,"2x6-8(F), 4 mins","Chest: 3 & Biceps: 2",
2024-09-30 18:46:14,"Chest & Biceps🃏",1h 2m,"Chest Press (Machine)",W,100.0,8.0,0,0.0,,,
2024-09-30 18:46:14,"Chest & Biceps🃏",1h 2m,"Chest Press (Machine)",F,205.0,7.0,0,0.0,,,10
2024-09-30 18:46:14,"Chest & Biceps🃏",1h 2m,"Chest Press (Machine)",F,190.0,6.0,0,0.0,,,10
2024-09-30 18:46:14,"Chest & Biceps🃏",1h 2m,"Single Arm Bicep Curl (Cable)",W,5.0,8.0,0,0.0,"2x8-10(F), 3 mins",,
2024-09-30 18:46:14,"Chest & Biceps🃏",1h 2m,"Single Arm Bicep Curl (Cable)",F,30.0,9.0,0,0.0,,,10
2024-09-30 18:46:14,"Chest & Biceps🃏",1h 2m,"Single Arm Bicep Curl (Cable)",F,20.0,9.0,0,0.0,,,10
2024-09-30 18:46:14,"Chest & Biceps🃏",1h 2m,"Incline Bench Press (Smith Machine)",F,170.0,5.0,0,0.0,"2x6-8(F), 4 mins",,10
2024-09-30 18:46:14,"Chest & Biceps🃏",1h 2m,"Incline Bench Press (Smith Machine)",F,150.0,7.0,0,0.0,,,10
2024-09-30 18:46:14,"Chest & Biceps🃏",1h 2m,"Preacher Curl (Machine)",F,140.0,9.0,0,0.0,"2x8-10(F), 3 mins",,10
2024-09-30 18:46:14,"Chest & Biceps🃏",1h 2m,"Preacher Curl (Machine)",F,100.0,10.0,0,0.0,,,10
2024-09-30 18:46:14,"Chest & Biceps🃏",1h 2m,"Arsenal Strength Chest Fly (Machine)",F,240.0,5.0,0,0.0,"2x8-10(F), 3 mins",,10
2024-09-30 18:46:14,"Chest & Biceps🃏",1h 2m,"Arsenal Strength Chest Fly (Machine)",F,210.0,7.0,0,0.0,,,10
2024-10-16 18:16:18,"Chest & Biceps🃏",44m,"Chest Press (Machine)",W,70.0,8.0,0,0.0,"2x6-8(F), 4 mins","Chest: 3 & Biceps: 2",
2024-10-16 18:16:18,"Chest & Biceps🃏",44m,"Chest Press (Machine)",W,100.0,8.0,0,0.0,,,
2024-10-16 18:16:18,"Chest & Biceps🃏",44m,"Chest Press (Machine)",F,205.0,4.0,0,0.0,,,10
2024-10-16 18:16:18,"Chest & Biceps🃏",44m,"Chest Press (Machine)",F,185.0,6.0,0,0.0,,,10
2024-10-16 18:16:18,"Chest & Biceps🃏",44m,"Single Arm Bicep Curl (Cable)",W,5.0,8.0,0,0.0,"2x8-10(F), 3 mins",,
2024-10-16 18:16:18,"Chest & Biceps🃏",44m,"Single Arm Bicep Curl (Cable)",F,30.0,7.0,0,0.0,,,10
2024-10-16 18:16:18,"Chest & Biceps🃏",44m,"Single Arm Bicep Curl (Cable)",F,20.0,10.0,0,0.0,,,10
2024-10-16 18:16:18,"Chest & Biceps🃏",44m,"Incline Bench Press (Smith Machine)",F,160.0,6.0,0,0.0,"2x6-8(F), 4 mins",,10
2024-10-16 18:16:18,"Chest & Biceps🃏",44m,"Incline Bench Press (Smith Machine)",F,150.0,8.0,0,0.0,,,10
2024-10-16 18:16:18,"Chest & Biceps🃏",44m,"Preacher Curl (Machine)",F,140.0,5.0,0,0.0,"2x8-10(F), 3 mins",,10
2024-10-16 18:16:18,"Chest & Biceps🃏",44m,"Preacher Curl (Machine)",F,110.0,8.0,0,0.0,,,10
2024-10-21 18:23:31,"Back & Triceps♦️",18m,"Arsenal Strength Reload T Row",W,50.0,8.0,0,0.0,"2x6-8(F), 4 mins","Back Width: 2, Back Density: 1, & Triceps: 2",
2024-10-21 18:23:31,"Back & Triceps♦️",18m,"Arsenal Strength Reload T Row",F,120.0,6.0,0,0.0,,,10
2024-10-21 18:23:31,"Back & Triceps♦️",18m,"Arsenal Strength Reload T Row",F,95.0,8.0,0,0.0,,,9
2024-10-21 18:23:31,"Back & Triceps♦️",18m,"Triceps Pushdown (Cable - Straight Bar)",F,80.0,5.0,0,0.0,"2x6-8(F), 4 mins",,10
2024-10-21 18:23:31,"Back & Triceps♦️",18m,"Triceps Pushdown (Cable - Straight Bar)",F,65.0,8.0,0,0.0,,,10
2024-10-29 19:25:31,"Chest & Biceps🃏",28m,"Chest Press (Machine)",W,70.0,8.0,0,0.0,"2x6-8(F), 4 mins","Chest: 3 & Biceps: 2",
2024-10-29 19:25:31,"Chest & Biceps🃏",28m,"Chest Press (Machine)",W,100.0,8.0,0,0.0,,,
2024-10-29 19:25:31,"Chest & Biceps🃏",28m,"Chest Press (Machine)",F,190.0,6.0,0,0.0,,,10
2024-10-29 19:25:31,"Chest & Biceps🃏",28m,"Chest Press (Machine)",F,160.0,8.0,0,0.0,,,10
2024-10-29 19:25:31,"Chest & Biceps🃏",28m,"Bayesian Bicep Curl (Cable)",W,5.0,8.0,0,0.0,"2x8-10(F), 3 mins",,
2024-10-29 19:25:31,"Chest & Biceps🃏",28m,"Bayesian Bicep Curl (Cable)",F,20.0,9.0,0,0.0,,,10
2024-10-30 19:32:22,"Back & Triceps♦️",54m,"Lat Pulldown (Cable)",W,100.0,8.0,0,0.0,"2x8-10(F), 4 mins","Back Width: 2, Back Density: 1, & Triceps: 2",
2024-10-30 19:32:22,"Back & Triceps♦️",54m,"Lat Pulldown (Cable)",F,145.0,8.0,0,0.0,,,10
2024-10-30 19:32:22,"Back & Triceps♦️",54m,"Lat Pulldown (Cable)",F,130.0,8.0,0,0.0,,,9
2024-10-30 19:32:22,"Back & Triceps♦️",54m,"Triceps Extension (Cable)",F,70.0,4.0,0,0.0,"2x8-10(F), 3 mins",,10
2024-10-30 19:32:22,"Back & Triceps♦️",54m,"Triceps Extension (Cable)",F,60.0,8.0,0,0.0,,,10
2024-10-30 19:32:22,"Back & Triceps♦️",54m,"Arsenal Strength Reload T Row",W,50.0,8.0,0,0.0,"2x6-8(F), 4 mins",,
2024-10-30 19:32:22,"Back & Triceps♦️",54m,"Arsenal Strength Reload T Row",F,120.0,6.0,0,0.0,,,10
2024-10-30 19:32:22,"Back & Triceps♦️",54m,"Arsenal Strength Reload T Row",F,95.0,8.0,0,0.0,,,9
2024-10-30 19:32:22,"Back & Triceps♦️",54m,"Triceps Pushdown (Cable - Straight Bar)",F,80.0,6.0,0,0.0,"2x6-8(F), 4 mins",,10
2024-10-30 19:32:22,"Back & Triceps♦️",54m,"Triceps Pushdown (Cable - Straight Bar)",F,65.0,8.0,0,0.0,,,10
2024-10-30 19:32:22,"Back & Triceps♦️",54m,"Lat Pulldown (Single Arm)",F,70.0,4.0,0,0.0,"2x8-10(F), 3 mins",,10
2024-11-04 20:37:27,"Chest & Biceps🃏",50m,"Chest Press (Machine)",W,70.0,8.0,0,0.0,"2x6-8(F), 4 mins","Chest: 3 & Biceps: 2",
2024-11-04 20:37:27,"Chest & Biceps🃏",50m,"Chest Press (Machine)",W,100.0,8.0,0,0.0,,,
2024-11-04 20:37:27,"Chest & Biceps🃏",50m,"Chest Press (Machine)",F,190.0,7.0,0,0.0,,,10
2024-11-04 20:37:27,"Chest & Biceps🃏",50m,"Chest Press (Machine)",F,160.0,7.0,0,0.0,,,10
2024-11-04 20:37:27,"Chest & Biceps🃏",50m,"Bayesian Bicep Curl (Cable)",W,5.0,8.0,0,0.0,"2x8-10(F), 3 mins",,
2024-11-04 20:37:27,"Chest & Biceps🃏",50m,"Bayesian Bicep Curl (Cable)",F,20.0,11.0,0,0.0,,,10
2024-11-04 20:37:27,"Chest & Biceps🃏",50m,"Bayesian Bicep Curl (Cable)",F,25.0,5.0,0,0.0,,,10
2024-11-04 20:37:27,"Chest & Biceps🃏",50m,"Incline Bench Press (Smith Machine)",F,160.0,5.0,0,0.0,"2x6-8(F), 4 mins",,10
2024-11-04 20:37:27,"Chest & Biceps🃏",50m,"Incline Bench Press (Smith Machine)",F,150.0,6.0,0,0.0,,,10
2024-11-04 20:37:27,"Chest & Biceps🃏",50m,"Preacher Curl (Machine)",F,140.0,7.0,0,0.0,"2x8-10(F), 3 mins",,10
2024-11-04 20:37:27,"Chest & Biceps🃏",50m,"Preacher Curl (Machine)",F,100.0,10.0,0,0.0,,,10
2024-11-06 18:53:39,"Back & Triceps♦️",34m,"Lat Pulldown (Cable)",W,100.0,8.0,0,0.0,"2x8-10(F), 4 mins","Back Width: 2, Back Density: 1, & Triceps: 2",
2024-11-06 18:53:39,"Back & Triceps♦️",34m,"Lat Pulldown (Cable)",F,130.0,8.0,0,0.0,,,10
2024-11-06 18:53:39,"Back & Triceps♦️",34m,"Lat Pulldown (Cable)",F,130.0,6.0,0,0.0,,,10
2024-11-06 18:53:39,"Back & Triceps♦️",34m,"Arsenal Strength Reload T Row",W,50.0,8.0,0,0.0,"2x6-8(F), 4 mins",,
2024-11-06 18:53:39,"Back & Triceps♦️",34m,"Arsenal Strength Reload T Row",F,100.0,8.0,0,0.0,,,10
2024-11-06 18:53:39,"Back & Triceps♦️",34m,"Arsenal Strength Reload T Row",F,100.0,9.0,0,0.0,,,10
2024-11-06 18:53:39,"Back & Triceps♦️",34m,"Triceps Pushdown (Cable - Straight Bar)",F,80.0,6.0,0,0.0,"2x6-8(F), 4 mins",,10
2024-11-06 18:53:39,"Back & Triceps♦️",34m,"Triceps Pushdown (Cable - Straight Bar)",F,65.0,9.0,0,0.0,,,10
2024-11-10 18:48:13,"Chest & Biceps🃏",1h 2m,"Incline Bench Press (Smith Machine)",W,20.0,10.0,0,0.0,"2x6-8(F), 4 mins","Chest: 3 & Biceps: 2",
2024-11-10 18:48:13,"Chest & Biceps🃏",1h 2m,"Incline Bench Press (Smith Machine)",W,70.0,8.0,0,0.0,,,
2024-11-10 18:48:13,"Chest & Biceps🃏",1h 2m,"Incline Bench Press (Smith Machine)",W,110.0,5.0,0,0.0,,,
2024-11-10 18:48:13,"Chest & Biceps🃏",1h 2m,"Incline Bench Press (Smith Machine)",F,160.0,6.0,0,0.0,,,10
2024-11-10 18:48:13,"Chest & Biceps🃏",1h 2m,"Incline Bench Press (Smith Machine)",F,150.0,8.0,0,0.0,,,10
2024-11-10 18:48:13,"Chest & Biceps🃏",1h 2m,"Bayesian Bicep Curl (Cable)",W,5.0,8.0,0,0.0,"2x8-10(F), 3 mins",,
2024-11-10 18:48:13,"Chest & Biceps🃏",1h 2m,"Bayesian Bicep Curl (Cable)",F,25.0,8.0,0,0.0,,,10
2024-11-10 18:48:13,"Chest & Biceps🃏",1h 2m,"Bayesian Bicep Curl (Cable)",F,15.0,9.0,0,0.0,,,10
2024-11-10 18:48:13,"Chest & Biceps🃏",1h 2m,"Chest Press (Machine)",F,190.0,7.0,0,0.0,"2x6-8(F), 4 mins",,10
2024-11-10 18:48:13,"Chest & Biceps🃏",1h 2m,"Chest Press (Machine)",F,160.0,7.0,0,0.0,,,10
2024-11-10 18:48:13,"Chest & Biceps🃏",1h 2m,"Preacher Curl (Machine)",F,140.0,8.0,0,0.0,"2x8-10(F), 3 mins",,10
2024-11-10 18:48:13,"Chest & Biceps🃏",1h 2m,"Preacher Curl (Machine)",F,100.0,8.0,0,0.0,,,10
2024-11-10 18:48:13,"Chest & Biceps🃏",1h 2m,"Arsenal Strength Chest Fly (Machine)",F,200.0,7.0,0,0.0,"2x8-10(F), 3 mins",,10
2024-11-11 19:08:25,"Back & Triceps♦️",59m,"Iso-Lateral Row (Machine)",W,55.0,10.0,0,0.0,"2x6-8(F), 4 mins","Back Width: 2, Back Density: 1, & Triceps: 2",
2024-11-11 19:08:25,"Back & Triceps♦️",59m,"Iso-Lateral Row (Machine)",F,115.0,8.0,0,0.0,,,10
2024-11-11 19:08:25,"Back & Triceps♦️",59m,"Iso-Lateral Row (Machine)",F,130.0,6.0,0,0.0,,,10
2024-11-11 19:08:25,"Back & Triceps♦️",59m,"Triceps Extension (Machine)",W,20.0,10.0,0,0.0,"2x8-10(F), 3 mins",,
2024-11-11 19:08:25,"Back & Triceps♦️",59m,"Triceps Extension (Machine)",F,80.0,6.0,0,0.0,,,10
2024-11-11 19:08:25,"Back & Triceps♦️",59m,"Triceps Extension (Machine)",F,65.0,10.0,0,0.0,,,10
2024-11-11 19:08:25,"Back & Triceps♦️",59m,"Arsenal Strength Reload T Row",W,50.0,8.0,0,0.0,"2x6-8(F), 4 mins",,
2024-11-11 19:08:25,"Back & Triceps♦️",59m,"Arsenal Strength Reload T Row",F,105.0,7.0,0,0.0,,,10
2024-11-11 19:08:25,"Back & Triceps♦️",59m,"Arsenal Strength Reload T Row",F,95.0,8.0,0,0.0,,,10
2024-11-11 19:08:25,"Back & Triceps♦️",59m,"Triceps Pushdown (Cable - Straight Bar)",F,80.0,7.0,0,0.0,"2x6-8(F), 4 mins",,10
2024-11-11 19:08:25,"Back & Triceps♦️",59m,"Triceps Pushdown (Cable - Straight Bar)",F,65.0,11.0,0,0.0,,,10
2024-11-11 19:08:25,"Back & Triceps♦️",59m,"Lat Pulldown (Cable)",F,130.0,9.0,0,0.0,"2x8-10(F), 4 mins",,10
2024-11-11 19:08:25,"Back & Triceps♦️",59m,"Lat Pulldown (Cable)",F,115.0,8.0,0,0.0,,,10
2024-11-19 18:52:27,"Quads 🐓 ",40m,"Single-Leg Leg Curl",W,30.0,10.0,0,0.0,"2x8-10(F), 3 mins","Quads: 2, Hamstring: 1, Calves: 1, & Core: 1",
2024-11-19 18:52:27,"Quads 🐓 ",40m,"Single-Leg Leg Curl",F,90.0,6.0,0,0.0,,,10
2024-11-19 18:52:27,"Quads 🐓 ",40m,"Single-Leg Leg Curl",F,70.0,8.0,0,0.0,,,10
2024-11-19 18:52:27,"Quads 🐓 ",40m,"Bulgarian Split Squat",F,80.0,11.0,0,0.0,"2x8-10(F), 4 mins",,10
2024-11-19 18:52:27,"Quads 🐓 ",40m,"Standing Calf Raise (Machine)",F,240.0,11.0,0,0.0,"2x8-10(F), 3 mins",,10
2024-11-19 18:52:27,"Quads 🐓 ",40m,"Cable Crunch",F,50.0,12.0,0,0.0,"3x8-10(F), 3 mins",,10
2024-11-19 18:52:27,"Quads 🐓 ",40m,"Cable Crunch",F,55.0,14.0,0,0.0,,,10
2024-11-19 18:52:27,"Quads 🐓 ",40m,"Cable Crunch",F,65.0,10.0,0,0.0,,,10
2024-11-25 18:19:25,"Shoulders🪨",23m,"Arsenal Strength Lateral Raise (Machine)",W,40.0,10.0,0,0.0,"3x8-10(F), 3 mins","Shoulders: 3 & Core: 1",
2024-11-25 18:19:25,"Shoulders🪨",23m,"Arsenal Strength Lateral Raise (Machine)",F,100.0,8.0,0,0.0,,,10
2024-11-25 18:19:25,"Shoulders🪨",23m,"Arsenal Strength Lateral Raise (Machine)",F,100.0,9.0,0,0.0,,,10
2024-11-25 18:19:25,"Shoulders🪨",23m,"Arsenal Strength Lateral Raise (Machine)",F,80.0,9.0,0,0.0,,,10
2024-11-25 18:19:25,"Shoulders🪨",23m,"Hanging Leg Raise",F,0,7.0,0,0.0,"",,10
2024-11-25 18:19:25,"Shoulders🪨",23m,"Hanging Leg Raise",F,0,8.0,0,0.0,,,10
2024-11-25 18:19:25,"Shoulders🪨",23m,"Hanging Leg Raise",F,0,10.0,0,0.0,,,10
2024-12-08 17:52:56,"Chest & Biceps🃏",45m,"Incline Bench Press (Smith Machine)",W,20.0,10.0,0,0.0,"2x6-8(F), 4 mins","Chest: 3 & Biceps: 2",
2024-12-08 17:52:56,"Chest & Biceps🃏",45m,"Incline Bench Press (Smith Machine)",W,70.0,8.0,0,0.0,,,
2024-12-08 17:52:56,"Chest & Biceps🃏",45m,"Incline Bench Press (Smith Machine)",W,110.0,5.0,0,0.0,,,
2024-12-08 17:52:56,"Chest & Biceps🃏",45m,"Incline Bench Press (Smith Machine)",F,160.0,6.0,0,0.0,,,10
2024-12-08 17:52:56,"Chest & Biceps🃏",45m,"Incline Bench Press (Smith Machine)",F,150.0,5.0,0,0.0,,,10
2024-12-08 17:52:56,"Chest & Biceps🃏",45m,"Bayesian Bicep Curl (Cable)",W,5.0,8.0,0,0.0,"2x8-10(F), 3 mins",,
2024-12-08 17:52:56,"Chest & Biceps🃏",45m,"Bayesian Bicep Curl (Cable)",F,20.0,10.0,0,0.0,,,10
2024-12-08 17:52:56,"Chest & Biceps🃏",45m,"Bayesian Bicep Curl (Cable)",F,15.0,8.0,0,0.0,,,10
2024-12-08 17:52:56,"Chest & Biceps🃏",45m,"Chest Press (Machine)",F,190.0,3.0,0,0.0,"2x6-8(F), 4 mins",,10
2024-12-08 17:52:56,"Chest & Biceps🃏",45m,"Chest Press (Machine)",F,175.0,4.0,0,0.0,,,10
2024-12-18 17:22:02,"Chest & Biceps🃏",46m,"Incline Bench Press (Smith Machine)",W,20.0,10.0,0,0.0,"2x6-8(F), 4 mins","Chest: 3 & Biceps: 2",
2024-12-18 17:22:02,"Chest & Biceps🃏",46m,"Incline Bench Press (Smith Machine)",W,70.0,8.0,0,0.0,,,
2024-12-18 17:22:02,"Chest & Biceps🃏",46m,"Incline Bench Press (Smith Machine)",W,110.0,5.0,0,0.0,,,
2024-12-18 17:22:02,"Chest & Biceps🃏",46m,"Incline Bench Press (Smith Machine)",F,160.0,3.0,0,0.0,,,10
2024-12-18 17:22:02,"Chest & Biceps🃏",46m,"Incline Bench Press (Smith Machine)",F,150.0,6.0,0,0.0,,,10
2024-12-18 17:22:02,"Chest & Biceps🃏",46m,"Chest Press (Machine)",F,175.0,6.0,0,0.0,"2x6-8(F), 4 mins",,10
2024-12-18 17:22:02,"Chest & Biceps🃏",46m,"Chest Press (Machine)",F,160.0,7.0,0,0.0,,,10
2024-12-18 17:22:02,"Chest & Biceps🃏",46m,"Preacher Curl (Machine)",F,140.0,4.0,0,0.0,"2x8-10(F), 3 mins",,10
2024-12-18 17:22:02,"Chest & Biceps🃏",46m,"Preacher Curl (Machine)",F,110.0,8.0,0,0.0,,,10
2024-12-21 15:16:25,"Back & Triceps♦️",50m,"Iso-Lateral Row (Machine)",W,55.0,10.0,0,0.0,"2x6-8(F), 4 mins","Back Width: 2, Back Density: 1, & Triceps: 2",
2024-12-21 15:16:25,"Back & Triceps♦️",50m,"Iso-Lateral Row (Machine)",W,85.0,8.0,0,0.0,,,
2024-12-21 15:16:25,"Back & Triceps♦️",50m,"Iso-Lateral Row (Machine)",F,130.0,7.0,0,0.0,,,10
2024-12-21 15:16:25,"Back & Triceps♦️",50m,"Iso-Lateral Row (Machine)",F,115.0,7.0,0,0.0,,,10
2024-12-21 15:16:25,"Back & Triceps♦️",50m,"Triceps Extension (Machine)",W,20.0,10.0,0,0.0,"2x8-10(F), 3 mins",,
2024-12-21 15:16:25,"Back & Triceps♦️",50m,"Triceps Extension (Machine)",F,65.0,10.0,0,0.0,,,10
2024-12-21 15:16:25,"Back & Triceps♦️",50m,"Triceps Extension (Machine)",F,70.0,6.0,0,0.0,,,10
2024-12-21 15:16:25,"Back & Triceps♦️",50m,"Arsenal Strength Reload T Row",W,50.0,8.0,0,0.0,"2x6-8(F), 4 mins",,
2024-12-21 15:16:25,"Back & Triceps♦️",50m,"Arsenal Strength Reload T Row",F,95.0,7.0,0,0.0,,,10
2024-12-21 15:16:25,"Back & Triceps♦️",50m,"Arsenal Strength Reload T Row",F,95.0,6.0,0,0.0,,,10
2024-12-21 15:16:25,"Back & Triceps♦️",50m,"Carter Extension (Cable)",F,20.0,8.0,0,0.0,"2x6-8(F), 4 mins",,10
2024-12-21 15:16:25,"Back & Triceps♦️",50m,"Carter Extension (Cable)",F,15.0,10.0,0,0.0,,,10
2024-12-29 17:44:47,"Chest & Biceps🃏",58m,"Incline Bench Press (Smith Machine)",W,20.0,10.0,0,0.0,"2x6-8(F), 4 mins","Chest: 2 & Biceps: 2",
2024-12-29 17:44:47,"Chest & Biceps🃏",58m,"Incline Bench Press (Smith Machine)",W,70.0,8.0,0,0.0,,,
2024-12-29 17:44:47,"Chest & Biceps🃏",58m,"Incline Bench Press (Smith Machine)",W,110.0,5.0,0,0.0,,,
2024-12-29 17:44:47,"Chest & Biceps🃏",58m,"Incline Bench Press (Smith Machine)",F,160.0,4.0,0,0.0,,,10
2024-12-29 17:44:47,"Chest & Biceps🃏",58m,"Incline Bench Press (Smith Machine)",F,130.0,9.0,0,0.0,,,10
2024-12-29 17:44:47,"Chest & Biceps🃏",58m,"Bayesian Bicep Curl (Cable)",W,5.0,8.0,0,0.0,"2x8-10(F), 3 mins",,
2024-12-29 17:44:47,"Chest & Biceps🃏",58m,"Bayesian Bicep Curl (Cable)",F,20.0,6.0,0,0.0,,,10
2024-12-29 17:44:47,"Chest & Biceps🃏",58m,"Arsenal Strength Chest Fly (Machine)",F,190.0,8.0,0,0.0,"2x8-10(F), 3 mins",,10
2024-12-29 17:44:47,"Chest & Biceps🃏",58m,"Arsenal Strength Chest Fly (Machine)",F,190.0,5.0,0,0.0,,,10
2024-12-29 17:44:47,"Chest & Biceps🃏",58m,"Single Arm Preacher Curl (Machine)",F,50.0,6.0,0,0.0,"2x6-8(F), 3 mins",,10
2024-12-29 17:44:47,"Chest & Biceps🃏",58m,"Single Arm Preacher Curl (Machine)",F,40.0,8.0,0,0.0,,,10
2024-12-30 17:40:51,"Back & Triceps✝️",50m,"Iso-Lateral Row (Machine)",W,55.0,10.0,0,0.0,"2x6-8(F), 4 mins","Back Width: 2, Back Density: 1, & Triceps: 2",
2024-12-30 17:40:51,"Back & Triceps✝️",50m,"Iso-Lateral Row (Machine)",W,85.0,8.0,0,0.0,,,
2024-12-30 17:40:51,"Back & Triceps✝️",50m,"Iso-Lateral Row (Machine)",F,130.0,7.0,0,0.0,,,10
2024-12-30 17:40:51,"Back & Triceps✝️",50m,"Iso-Lateral Row (Machine)",F,130.0,5.0,0,0.0,,,10
2024-12-30 17:40:51,"Back & Triceps✝️",50m,"Triceps Extension (Machine)",W,20.0,10.0,0,0.0,"2x8-10(F), 3 mins",,
2024-12-30 17:40:51,"Back & Triceps✝️",50m,"Triceps Extension (Machine)",F,70.0,11.0,0,0.0,,,10
2024-12-30 17:40:51,"Back & Triceps✝️",50m,"Triceps Extension (Machine)",F,75.0,5.0,0,0.0,,,10
2024-12-30 17:40:51,"Back & Triceps✝️",50m,"Arsenal Strength Reload T Row",W,50.0,8.0,0,0.0,"2x6-8(F), 4 mins",,
2024-12-30 17:40:51,"Back & Triceps✝️",50m,"Arsenal Strength Reload T Row",F,95.0,8.0,0,0.0,,,10
2024-12-30 17:40:51,"Back & Triceps✝️",50m,"Arsenal Strength Reload T Row",F,100.0,4.0,0,0.0,,,10
2024-12-30 17:40:51,"Back & Triceps✝️",50m,"Carter Extension (Cable)",F,20.0,6.0,0,0.0,"2x6-8(F), 3 mins",,10
2024-12-30 17:40:51,"Back & Triceps✝️",50m,"Carter Extension (Cable)",F,20.0,7.0,0,0.0,,,10
2024-12-30 17:40:51,"Back & Triceps✝️",50m,"Pull Up",1,0,7.0,0,0.0,"",,10
2025-01-06 19:12:30,"Chest & Biceps🃏",39m,"Incline Bench Press (Smith Machine)",W,20.0,10.0,0,0.0,"2x6-8(F), 4 mins","Chest: 2 & Biceps: 2",
2025-01-06 19:12:30,"Chest & Biceps🃏",39m,"Incline Bench Press (Smith Machine)",W,70.0,8.0,0,0.0,,,
2025-01-06 19:12:30,"Chest & Biceps🃏",39m,"Incline Bench Press (Smith Machine)",W,110.0,5.0,0,0.0,,,
2025-01-06 19:12:30,"Chest & Biceps🃏",39m,"Incline Bench Press (Smith Machine)",F,160.0,5.0,0,0.0,,,10
2025-01-06 19:12:30,"Chest & Biceps🃏",39m,"Incline Bench Press (Smith Machine)",F,130.0,10.0,0,0.0,,,10
2025-01-06 19:12:30,"Chest & Biceps🃏",39m,"Arsenal Strength Chest Fly (Machine)",F,190.0,6.0,0,0.0,"2x8-10(F), 3 mins",,10
2025-01-06 19:12:30,"Chest & Biceps🃏",39m,"Single Arm Preacher Curl (Machine)",F,50.0,9.0,0,0.0,"2x6-8(F), 3 mins",,10
2025-01-06 19:12:30,"Chest & Biceps🃏",39m,"Single Arm Preacher Curl (Machine)",F,55.0,4.0,0,0.0,,,10
2025-01-07 18:52:53,"Back & Triceps✝️",55m,"Iso-Lateral Row (Machine)",W,55.0,10.0,0,0.0,"2x6-8(F), 4 mins","Back Width: 2, Back Density: 1, & Triceps: 2",
2025-01-07 18:52:53,"Back & Triceps✝️",55m,"Iso-Lateral Row (Machine)",W,85.0,8.0,0,0.0,,,
2025-01-07 18:52:53,"Back & Triceps✝️",55m,"Iso-Lateral Row (Machine)",F,130.0,9.0,0,0.0,,,10
2025-01-07 18:52:53,"Back & Triceps✝️",55m,"Iso-Lateral Row (Machine)",F,135.0,6.0,0,0.0,,,10
2025-01-07 18:52:53,"Back & Triceps✝️",55m,"Triceps Extension (Machine)",W,20.0,10.0,0,0.0,"2x8-10(F), 3 mins",,
2025-01-07 18:52:53,"Back & Triceps✝️",55m,"Triceps Extension (Machine)",F,75.0,10.0,0,0.0,,,10
2025-01-07 18:52:53,"Back & Triceps✝️",55m,"Triceps Extension (Machine)",F,80.0,9.0,0,0.0,,,10
2025-01-07 18:52:53,"Back & Triceps✝️",55m,"Arsenal Strength Reload T Row",W,50.0,8.0,0,0.0,"2x6-8(F), 4 mins",,
2025-01-07 18:52:53,"Back & Triceps✝️",55m,"Arsenal Strength Reload T Row",F,100.0,6.0,0,0.0,,,10
2025-01-07 18:52:53,"Back & Triceps✝️",55m,"Arsenal Strength Reload T Row",F,95.0,4.0,0,0.0,,,10
2025-01-07 18:52:53,"Back & Triceps✝️",55m,"Carter Extension (Cable)",F,25.0,4.0,0,0.0,"2x6-8(F), 3 mins",,10
2025-01-07 18:52:53,"Back & Triceps✝️",55m,"Pull Up (Assisted)",F,19.0,8.0,0,0.0,"",,10
2025-01-07 18:52:53,"Back & Triceps✝️",55m,"Pull Up (Assisted)",F,26.0,9.0,0,0.0,,,10
2025-01-13 18:17:00,"Chest & Biceps🃏",27m,"Incline Bench Press (Smith Machine)",W,20.0,10.0,0,0.0,"2x6-8(F), 4 mins","Chest: 2 & Biceps: 2",
2025-01-13 18:17:00,"Chest & Biceps🃏",27m,"Incline Bench Press (Smith Machine)",W,70.0,8.0,0,0.0,,,
2025-01-13 18:17:00,"Chest & Biceps🃏",27m,"Incline Bench Press (Smith Machine)",W,110.0,5.0,0,0.0,,,
2025-01-13 18:17:00,"Chest & Biceps🃏",27m,"Incline Bench Press (Smith Machine)",F,160.0,4.0,0,0.0,,,10
2025-01-13 18:17:00,"Chest & Biceps🃏",27m,"Incline Bench Press (Smith Machine)",F,130.0,8.0,0,0.0,,,10
2025-01-13 18:17:00,"Chest & Biceps🃏",27m,"Bicep Curl (Dumbbell)",F,30.0,11.0,0,0.0,"2x8-10(F), 3 mins",,10
2025-01-13 18:17:00,"Chest & Biceps🃏",27m,"Bicep Curl (Dumbbell)",F,35.0,3.0,0,0.0,,,10
2025-01-15 17:40:16,"Back & Triceps✝️",1h,"Iso-Lateral Row (Machine)",W,55.0,10.0,0,0.0,"2x6-8(F), 4 mins","Back Width: 2, Back Density: 1, & Triceps: 2",
2025-01-15 17:40:16,"Back & Triceps✝️",1h,"Iso-Lateral Row (Machine)",W,85.0,8.0,0,0.0,,,
2025-01-15 17:40:16,"Back & Triceps✝️",1h,"Iso-Lateral Row (Machine)",F,135.0,8.0,0,0.0,,,10
2025-01-15 17:40:16,"Back & Triceps✝️",1h,"Iso-Lateral Row (Machine)",F,140.0,4.0,0,0.0,,,10
2025-01-15 17:40:16,"Back & Triceps✝️",1h,"Triceps Extension (Machine)",W,20.0,10.0,0,0.0,"2x8-10(F), 3 mins",,
2025-01-15 17:40:16,"Back & Triceps✝️",1h,"Triceps Extension (Machine)",F,80.0,11.0,0,0.0,,,10
2025-01-15 17:40:16,"Back & Triceps✝️",1h,"Triceps Extension (Machine)",F,85.0,6.0,0,0.0,,,10
2025-01-15 17:40:16,"Back & Triceps✝️",1h,"Arsenal Strength Reload T Row",W,50.0,8.0,0,0.0,"2x6-8(F), 4 mins",,
2025-01-15 17:40:16,"Back & Triceps✝️",1h,"Arsenal Strength Reload T Row",F,100.0,6.0,0,0.0,,,10
2025-01-15 17:40:16,"Back & Triceps✝️",1h,"Carter Extension (Cable)",F,20.0,9.0,0,0.0,"2x6-8(F), 3 mins",,10
2025-01-15 17:40:16,"Back & Triceps✝️",1h,"Carter Extension (Cable)",F,22.5,4.0,0,0.0,,,10
2025-01-15 17:40:16,"Back & Triceps✝️",1h,"Lat Pulldown (Cable)",W,100.0,8.0,0,0.0,"2x8-10(F), 4 mins",,
2025-01-15 17:40:16,"Back & Triceps✝️",1h,"Lat Pulldown (Cable)",F,130.0,6.0,0,0.0,,,10
2025-01-15 17:40:16,"Back & Triceps✝️",1h,"Lat Pulldown (Cable)",F,115.0,8.0,0,0.0,,,10
2025-01-21 18:11:22,"Legs 🐓 ",32m,"Single-Leg Leg Curl",W,30.0,10.0,0,0.0,"2x8-10(F), 3 mins","Quads: 2, Hamstring: 1, Calves: 1, & Core: 1",
2025-01-21 18:11:22,"Legs 🐓 ",32m,"Single-Leg Leg Curl",F,90.0,4.0,0,0.0,,,10
2025-01-21 18:11:22,"Legs 🐓 ",32m,"Single-Leg Leg Curl",F,70.0,9.0,0,0.0,,,10
2025-01-21 18:11:22,"Legs 🐓 ",32m,"Hack Squat",W,90.0,10.0,0,0.0,"2x6-8(F), 4 mins",,
2025-01-21 18:11:22,"Legs 🐓 ",32m,"Hack Squat",W,180.0,8.0,0,0.0,,,
2025-01-21 18:11:22,"Legs 🐓 ",32m,"Hack Squat",F,270.0,6.0,0,0.0,,,10
2025-01-25 18:24:39,"Shoulders🪨",54m,"Leg Raise (Captain’s Chair)",F,0,8.0,0,0.0,"3xFailure, 3 mins","Shoulders: 3 & Core: 1",10
2025-01-25 18:24:39,"Shoulders🪨",54m,"Leg Raise (Captain’s Chair)",F,0,9.0,0,0.0,,,10
2025-01-25 18:24:39,"Shoulders🪨",54m,"Leg Raise (Captain’s Chair)",F,0,7.0,0,0.0,,,10
2025-01-25 18:24:39,"Shoulders🪨",54m,"Seated Shoulder Press (Smith Machine)",W,20.0,10.0,0,0.0,"2x6-8(F), 3 mins",,
2025-01-25 18:24:39,"Shoulders🪨",54m,"Seated Shoulder Press (Smith Machine)",W,70.0,8.0,0,0.0,,,
2025-01-25 18:24:39,"Shoulders🪨",54m,"Seated Shoulder Press (Smith Machine)",F,110.0,8.0,0,0.0,,,10
2025-01-25 18:24:39,"Shoulders🪨",54m,"Seated Shoulder Press (Smith Machine)",F,120.0,6.0,0,0.0,,,10
2025-01-25 18:24:39,"Shoulders🪨",54m,"Lateral Raise (Cable)",1,10.0,8.0,0,0.0,"2x8-10(F), 3 mins",,10
2025-01-25 18:24:39,"Shoulders🪨",54m,"Lateral Raise (Cable)",F,7.5,10.0,0,0.0,,,10
2025-01-25 18:24:39,"Shoulders🪨",54m,"Rear Felt Fly (Machine)",F,80.0,6.0,0,0.0,"3x8-10(F), 3 mins",,10
2025-01-25 18:24:39,"Shoulders🪨",54m,"Rear Felt Fly (Machine)",F,65.0,8.0,0,0.0,,,10
2025-01-27 17:56:00,"Chest & Biceps🃏",52m,"Incline Bench Press (Smith Machine)",W,20.0,10.0,0,0.0,"2x6-8(F), 4 mins","Chest: 2 & Biceps: 2",
2025-01-27 17:56:00,"Chest & Biceps🃏",52m,"Incline Bench Press (Smith Machine)",W,70.0,8.0,0,0.0,,,
2025-01-27 17:56:00,"Chest & Biceps🃏",52m,"Incline Bench Press (Smith Machine)",W,110.0,5.0,0,0.0,,,
2025-01-27 17:56:00,"Chest & Biceps🃏",52m,"Incline Bench Press (Smith Machine)",F,160.0,5.0,0,0.0,,,10
2025-01-27 17:56:00,"Chest & Biceps🃏",52m,"Incline Bench Press (Smith Machine)",F,110.0,14.0,0,0.0,,,9
2025-01-27 17:56:00,"Chest & Biceps🃏",52m,"Bicep Curl (Dumbbell)",W,10.0,10.0,0,0.0,"2x8-10(F), 3 mins",,
2025-01-27 17:56:00,"Chest & Biceps🃏",52m,"Bicep Curl (Dumbbell)",F,30.0,9.0,0,0.0,,,10
2025-01-27 17:56:00,"Chest & Biceps🃏",52m,"Bicep Curl (Dumbbell)",F,20.0,10.0,0,0.0,,,10
2025-01-27 17:56:00,"Chest & Biceps🃏",52m,"Arsenal Strength Chest Fly (Machine)",F,190.0,9.0,0,0.0,"2x8-10(F), 3 mins",,10
2025-01-27 17:56:00,"Chest & Biceps🃏",52m,"Arsenal Strength Chest Fly (Machine)",F,190.0,5.0,0,0.0,,,10
2025-01-27 17:56:00,"Chest & Biceps🃏",52m,"Single Arm Preacher Curl (Machine)",F,55.0,7.0,0,0.0,"2x6-8(F), 3 mins",,10
2025-01-27 17:56:00,"Chest & Biceps🃏",52m,"Single Arm Preacher Curl (Machine)",F,40.0,11.0,0,0.0,,,10
2025-01-28 16:45:09,"Back & Triceps✝️",26m,"Triceps Extension (Machine)",W,20.0,10.0,0,0.0,"2x8-10(F), 3 mins","Back Width: 2, Back Density: 1, & Triceps: 2",
2025-01-28 16:45:09,"Back & Triceps✝️",26m,"Lat Pulldown (Cable)",W,100.0,8.0,0,0.0,"2x6-8(F), 4 mins",,
2025-01-28 16:45:09,"Back & Triceps✝️",26m,"Lat Pulldown (Cable)",F,130.0,7.0,0,0.0,,,10
2025-01-30 18:11:43,"Legs 🐓 ",35m,"Single-Leg Leg Curl",W,30.0,10.0,0,0.0,"2x8-10(F), 3 mins","Quads: 2, Hamstring: 1, Calves: 1, & Core: 1",
2025-01-30 18:11:43,"Legs 🐓 ",35m,"Single-Leg Leg Curl",F,90.0,7.0,0,0.0,,,10
2025-01-30 18:11:43,"Legs 🐓 ",35m,"Single-Leg Leg Curl",F,80.0,7.0,0,0.0,,,10
2025-01-30 18:11:43,"Legs 🐓 ",35m,"Hack Squat",W,90.0,10.0,0,0.0,"2x6-8(F), 4 mins",,
2025-01-30 18:11:43,"Legs 🐓 ",35m,"Hack Squat",W,180.0,8.0,0,0.0,,,
2025-01-30 18:11:43,"Legs 🐓 ",35m,"Hack Squat",F,270.0,9.0,0,0.0,,,10
2025-01-31 17:43:22,"Shoulders🪨",50m,"Leg Raise (Captain’s Chair)",F,0,8.0,0,0.0,"3xFailure, 3 mins","Shoulders: 3 & Core: 1",10
2025-01-31 17:43:22,"Shoulders🪨",50m,"Leg Raise (Captain’s Chair)",F,0,10.0,0,0.0,,,10
2025-01-31 17:43:22,"Shoulders🪨",50m,"Seated Shoulder Press (Smith Machine)",W,20.0,10.0,0,0.0,"2x6-8(F), 3 mins",,
2025-01-31 17:43:22,"Shoulders🪨",50m,"Seated Shoulder Press (Smith Machine)",W,70.0,8.0,0,0.0,,,
2025-01-31 17:43:22,"Shoulders🪨",50m,"Seated Shoulder Press (Smith Machine)",F,120.0,8.0,0,0.0,,,10
2025-01-31 17:43:22,"Shoulders🪨",50m,"Seated Shoulder Press (Smith Machine)",F,130.0,4.0,0,0.0,,,10
2025-01-31 17:43:22,"Shoulders🪨",50m,"Lateral Raise (Cable)",1,10.0,11.0,0,0.0,"2x8-10(F), 3 mins",,10
2025-02-06 18:18:20,"Chest & Biceps🃏",27m,"Incline Bench Press (Smith Machine)",W,20.0,10.0,0,0.0,"2x6-8(F), 4 mins","Chest: 2 & Biceps: 2",
2025-02-06 18:18:20,"Chest & Biceps🃏",27m,"Incline Bench Press (Smith Machine)",W,70.0,8.0,0,0.0,,,
2025-02-06 18:18:20,"Chest & Biceps🃏",27m,"Incline Bench Press (Smith Machine)",W,110.0,5.0,0,0.0,,,
2025-02-06 18:18:20,"Chest & Biceps🃏",27m,"Incline Bench Press (Smith Machine)",F,160.0,7.0,0,0.0,,,10
2025-02-06 18:18:20,"Chest & Biceps🃏",27m,"Incline Bench Press (Smith Machine)",F,160.0,4.0,0,0.0,,,10
2025-02-06 18:18:20,"Chest & Biceps🃏",27m,"Bayesian Bicep Curl (Cable)",W,5.0,8.0,0,0.0,"2x8-10(F), 3 mins",,
2025-02-06 18:18:20,"Chest & Biceps🃏",27m,"Bayesian Bicep Curl (Cable)",F,20.0,11.0,0,0.0,,,10
2025-02-10 18:27:03,"Back & Triceps✝️",1h 12m,"Arsenal Strength Reloaded Iso Multi Row",W,25.0,10.0,0,0.0,"2x6-8(F), 4 mins","Back Width: 2, Back Density: 1, & Triceps: 2",
2025-02-10 18:27:03,"Back & Triceps✝️",1h 12m,"Arsenal Strength Reloaded Iso Multi Row",W,45.0,8.0,0,0.0,,,
2025-02-10 18:27:03,"Back & Triceps✝️",1h 12m,"Arsenal Strength Reloaded Iso Multi Row",F,90.0,10.0,0,0.0,,,10
2025-02-10 18:27:03,"Back & Triceps✝️",1h 12m,"Arsenal Strength Reloaded Iso Multi Row",F,100.0,8.0,0,0.0,,,10
2025-02-10 18:27:03,"Back & Triceps✝️",1h 12m,"Triceps Extension (Machine)",W,20.0,10.0,0,0.0,"2x8-10(F), 3 mins",,
2025-02-10 18:27:03,"Back & Triceps✝️",1h 12m,"Triceps Extension (Machine)",F,85.0,8.0,0,0.0,,,10
2025-02-10 18:27:03,"Back & Triceps✝️",1h 12m,"Triceps Extension (Machine)",F,70.0,10.0,0,0.0,,,10
2025-02-10 18:27:03,"Back & Triceps✝️",1h 12m,"Arsenal Strength Reload T Row",W,50.0,8.0,0,0.0,"2x6-8(F), 4 mins",,
2025-02-10 18:27:03,"Back & Triceps✝️",1h 12m,"Arsenal Strength Reload T Row",F,100.0,7.0,0,0.0,,,10
2025-02-10 18:27:03,"Back & Triceps✝️",1h 12m,"Arsenal Strength Reload T Row",F,100.0,6.0,0,0.0,,,10
2025-02-10 18:27:03,"Back & Triceps✝️",1h 12m,"Carter Extension (Cable)",F,22.5,10.0,0,0.0,"2x6-8(F), 3 mins",,10
2025-02-10 18:27:03,"Back & Triceps✝️",1h 12m,"Lat Pulldown (Cable)",W,100.0,8.0,0,0.0,"2x6-8(F), 4 mins",,
2025-02-10 18:27:03,"Back & Triceps✝️",1h 12m,"Lat Pulldown (Cable)",F,130.0,7.0,0,0.0,,,10
2025-02-12 18:09:31,"Legs 🐓 ",31m,"Single-Leg Leg Curl",W,30.0,10.0,0,0.0,"2x8-10(F), 3 mins","Quads: 2, Hamstring: 1, Calves: 1, & Core: 1",
2025-02-12 18:09:31,"Legs 🐓 ",31m,"Single-Leg Leg Curl",F,90.0,6.0,0,0.0,,,10
2025-02-12 18:09:31,"Legs 🐓 ",31m,"Hack Squat",W,90.0,10.0,0,0.0,"2x6-8(F), 4 mins",,
2025-02-12 18:09:31,"Legs 🐓 ",31m,"Hack Squat",W,180.0,8.0,0,0.0,,,
2025-02-12 18:09:31,"Legs 🐓 ",31m,"Hack Squat",F,270.0,9.0,0,0.0,,,10
2025-02-13 20:59:15,"Shoulders🪨",47m,"Leg Raise (Captain’s Chair)",F,0,10.0,0,0.0,"3xFailure, 3 mins","Shoulders: 3 & Core: 1",
2025-02-13 20:59:15,"Shoulders🪨",47m,"Leg Raise (Captain’s Chair)",F,0,9.0,0,0.0,,,
2025-02-13 20:59:15,"Shoulders🪨",47m,"Leg Raise (Captain’s Chair)",F,0,7.0,0,0.0,,,
2025-02-13 20:59:15,"Shoulders🪨",47m,"Seated Shoulder Press (Smith Machine)",W,20.0,10.0,0,0.0,"2x6-8(F), 3 mins",,
2025-02-13 20:59:15,"Shoulders🪨",47m,"Seated Shoulder Press (Smith Machine)",W,70.0,8.0,0,0.0,,,
2025-02-13 20:59:15,"Shoulders🪨",47m,"Seated Shoulder Press (Smith Machine)",F,130.0,6.0,0,0.0,,,10
2025-02-13 20:59:15,"Shoulders🪨",47m,"Seated Shoulder Press (Smith Machine)",F,110.0,8.0,0,0.0,,,10
2025-02-13 20:59:15,"Shoulders🪨",47m,"Lateral Raise (Cable)",F,12.5,12.0,0,0.0,"2x8-10(F), 3 mins",,10
2025-02-13 20:59:15,"Shoulders🪨",47m,"Lateral Raise (Cable)",F,15.0,8.0,0,0.0,,,10
2025-02-13 20:59:15,"Shoulders🪨",47m,"Rear Felt Fly (Machine)",F,80.0,6.0,0,0.0,"3x8-10(F), 3 mins",,10
2025-02-17 17:43:38,"Chest & Biceps🃏",56m,"Incline Bench Press (Smith Machine)",W,20.0,10.0,0,0.0,"2x6-8(F), 4 mins","Chest: 2 & Biceps: 2",
2025-02-17 17:43:38,"Chest & Biceps🃏",56m,"Incline Bench Press (Smith Machine)",W,70.0,8.0,0,0.0,,,
2025-02-17 17:43:38,"Chest & Biceps🃏",56m,"Incline Bench Press (Smith Machine)",W,110.0,5.0,0,0.0,,,
2025-02-17 17:43:38,"Chest & Biceps🃏",56m,"Incline Bench Press (Smith Machine)",F,160.0,8.0,0,0.0,,,10
2025-02-17 17:43:38,"Chest & Biceps🃏",56m,"Incline Bench Press (Smith Machine)",F,150.0,6.0,0,0.0,,,10
2025-02-17 17:43:38,"Chest & Biceps🃏",56m,"Bayesian Bicep Curl (Cable)",W,5.0,8.0,0,0.0,"2x8-10(F), 3 mins",,
2025-02-17 17:43:38,"Chest & Biceps🃏",56m,"Bayesian Bicep Curl (Cable)",F,22.5,9.0,0,0.0,,,10
2025-02-17 17:43:38,"Chest & Biceps🃏",56m,"Bayesian Bicep Curl (Cable)",F,15.0,8.0,0,0.0,,,10
2025-02-17 17:43:38,"Chest & Biceps🃏",56m,"Arsenal Strength Chest Fly (Machine)",F,190.0,10.0,0,0.0,"2x8-10(F), 3 mins",,10
2025-02-17 17:43:38,"Chest & Biceps🃏",56m,"Arsenal Strength Chest Fly (Machine)",F,200.0,5.0,0,0.0,,,10
2025-02-17 17:43:38,"Chest & Biceps🃏",56m,"Single Arm Preacher Curl (Machine)",F,55.0,9.0,0,0.0,"2x6-8(F), 3 mins",,10
2025-02-17 17:43:38,"Chest & Biceps🃏",56m,"Single Arm Preacher Curl (Machine)",F,60.0,4.0,0,0.0,,,10
2025-02-18 17:37:30,"Back & Triceps✝️",1h 6m,"Arsenal Strength Reloaded Iso Multi Row",W,25.0,10.0,0,0.0,"2x6-8(F), 4 mins","Back Width: 2, Back Density: 1, & Triceps: 2",
2025-02-18 17:37:30,"Back & Triceps✝️",1h 6m,"Arsenal Strength Reloaded Iso Multi Row",W,45.0,8.0,0,0.0,,,
2025-02-18 17:37:30,"Back & Triceps✝️",1h 6m,"Arsenal Strength Reloaded Iso Multi Row",F,110.0,6.0,0,0.0,,,10
2025-02-18 17:37:30,"Back & Triceps✝️",1h 6m,"Arsenal Strength Reloaded Iso Multi Row",F,90.0,7.0,0,0.0,,,10
2025-02-18 17:37:30,"Back & Triceps✝️",1h 6m,"Triceps Extension (Machine)",W,20.0,10.0,0,0.0,"2x8-10(F), 3 mins",,
2025-02-18 17:37:30,"Back & Triceps✝️",1h 6m,"Triceps Extension (Machine)",F,85.0,10.0,0,0.0,,,10
2025-02-18 17:37:30,"Back & Triceps✝️",1h 6m,"Triceps Extension (Machine)",F,90.0,6.0,0,0.0,,,10
2025-02-18 17:37:30,"Back & Triceps✝️",1h 6m,"Arsenal Strength Reload T Row",W,50.0,8.0,0,0.0,"2x6-8(F), 4 mins",,
2025-02-18 17:37:30,"Back & Triceps✝️",1h 6m,"Arsenal Strength Reload T Row",F,105.0,5.0,0,0.0,,,10
2025-02-18 17:37:30,"Back & Triceps✝️",1h 6m,"Arsenal Strength Reload T Row",F,95.0,7.0,0,0.0,,,10
2025-02-18 17:37:30,"Back & Triceps✝️",1h 6m,"Carter Extension (Cable)",F,25.0,10.0,0,0.0,"2x6-8(F), 3 mins",,10
2025-02-18 17:37:30,"Back & Triceps✝️",1h 6m,"Carter Extension (Cable)",F,27.5,9.0,0,0.0,,,10
2025-02-18 17:37:30,"Back & Triceps✝️",1h 6m,"Lat Pulldown (Cable)",W,100.0,8.0,0,0.0,"2x6-8(F), 4 mins",,
2025-02-18 17:37:30,"Back & Triceps✝️",1h 6m,"Lat Pulldown (Cable)",F,130.0,8.0,0,0.0,,,10
2025-02-22 17:11:17,"Legs 🐓 ",45m,"Single-Leg Leg Curl",W,30.0,10.0,0,0.0,"2x8-10(F), 3 mins","Quads: 2, Hamstring: 1, Calves: 1, & Core: 1",
2025-02-22 17:11:17,"Legs 🐓 ",45m,"Single-Leg Leg Curl",F,90.0,7.0,0,0.0,,,10
2025-02-22 17:11:17,"Legs 🐓 ",45m,"Single-Leg Leg Curl",F,70.0,8.0,0,0.0,,,10
2025-02-22 17:11:17,"Legs 🐓 ",45m,"Hack Squat",W,90.0,10.0,0,0.0,"2x6-8(F), 4 mins",,
2025-02-22 17:11:17,"Legs 🐓 ",45m,"Hack Squat",W,180.0,8.0,0,0.0,,,
2025-02-22 17:11:17,"Legs 🐓 ",45m,"Hack Squat",F,290.0,5.0,0,0.0,,,10
2025-02-22 17:11:17,"Legs 🐓 ",45m,"Standing Calf Raise (Machine)",F,250.0,10.0,0,0.0,"2x8-10(F), 3 mins",,10
2025-02-22 17:11:17,"Legs 🐓 ",45m,"Standing Calf Raise (Machine)",F,255.0,9.0,0,0.0,,,10
2025-02-22 17:11:17,"Legs 🐓 ",45m,"Single-Leg Leg Extension (Machine)",F,80.0,7.0,0,0.0,"2x6-8(F), 3 mins ",,10
2025-02-22 17:11:17,"Legs 🐓 ",45m,"Single-Leg Leg Extension (Machine)",F,70.0,9.0,0,0.0,,,10
2025-02-24 17:21:42,"Shoulders🪨",57m,"Leg Raise (Captain’s Chair)",F,0,13.0,0,0.0,"3xFailure, 3 mins","Shoulders: 3 & Core: 1",
2025-02-24 17:21:42,"Shoulders🪨",57m,"Leg Raise (Captain’s Chair)",F,0,11.0,0,0.0,,,
2025-02-24 17:21:42,"Shoulders🪨",57m,"Leg Raise (Captain’s Chair)",F,0,5.0,0,0.0,,,
2025-02-24 17:21:42,"Shoulders🪨",57m,"Seated Shoulder Press (Smith Machine)",W,20.0,10.0,0,0.0,"2x6-8(F), 3 mins",,
2025-02-24 17:21:42,"Shoulders🪨",57m,"Seated Shoulder Press (Smith Machine)",W,70.0,8.0,0,0.0,,,
2025-02-24 17:21:42,"Shoulders🪨",57m,"Seated Shoulder Press (Smith Machine)",F,130.0,7.0,0,0.0,,,10
2025-02-24 17:21:42,"Shoulders🪨",57m,"Seated Shoulder Press (Smith Machine)",F,110.0,6.0,0,0.0,,,10
2025-02-24 17:21:42,"Shoulders🪨",57m,"Lateral Raise (Cable)",F,15.0,8.0,0,0.0,"2x8-10(F), 3 mins",,10
2025-02-24 17:21:42,"Shoulders🪨",57m,"Lateral Raise (Cable)",F,12.5,11.0,0,0.0,,,10
2025-02-24 17:21:42,"Shoulders🪨",57m,"Rear Delt Fly (Cable)",F,20.0,7.0,0,0.0,"2x8-10(F), 3 mins",,10
2025-02-24 17:21:42,"Shoulders🪨",57m,"Rear Delt Fly (Cable)",F,15.0,10.0,0,0.0,,,10
2025-02-26 19:52:05,"Chest & Biceps🃏",1h 9m,"Incline Bench Press (Smith Machine)",W,20.0,10.0,0,0.0,"2x6-8(F), 4 mins","Chest: 2 & Biceps: 2",
2025-02-26 19:52:05,"Chest & Biceps🃏",1h 9m,"Incline Bench Press (Smith Machine)",W,70.0,8.0,0,0.0,,,
2025-02-26 19:52:05,"Chest & Biceps🃏",1h 9m,"Incline Bench Press (Smith Machine)",W,110.0,5.0,0,0.0,,,
2025-02-26 19:52:05,"Chest & Biceps🃏",1h 9m,"Incline Bench Press (Smith Machine)",F,170.0,4.0,0,0.0,,,10
2025-02-26 19:52:05,"Chest & Biceps🃏",1h 9m,"Incline Bench Press (Smith Machine)",F,150.0,8.0,0,0.0,,,10
2025-02-26 19:52:05,"Chest & Biceps🃏",1h 9m,"Bayesian Bicep Curl (Cable)",W,5.0,8.0,0,0.0,"2x8-10(F), 3 mins",,
2025-02-26 19:52:05,"Chest & Biceps🃏",1h 9m,"Bayesian Bicep Curl (Cable)",F,22.5,11.0,0,0.0,,,10
2025-02-26 19:52:05,"Chest & Biceps🃏",1h 9m,"Bayesian Bicep Curl (Cable)",F,25.0,7.0,0,0.0,,,10
2025-02-26 19:52:05,"Chest & Biceps🃏",1h 9m,"Arsenal Strength Chest Fly (Machine)",F,200.0,10.0,0,0.0,"2x8-10(F), 3 mins",,10
2025-02-26 19:52:05,"Chest & Biceps🃏",1h 9m,"Arsenal Strength Chest Fly (Machine)",F,210.0,5.0,0,0.0,,,10
2025-02-26 19:52:05,"Chest & Biceps🃏",1h 9m,"Single Arm Preacher Curl (Machine)",F,60.0,7.0,0,0.0,"2x6-8(F), 3 mins",,10
2025-02-26 19:52:05,"Chest & Biceps🃏",1h 9m,"Single Arm Preacher Curl (Machine)",F,50.0,8.0,0,0.0,,,10
2025-03-03 17:24:43,"Chest & Biceps🃏",53m,"Incline Bench Press (Smith Machine)",W,20.0,10.0,0,0.0,"2x6-8(F), 4 mins","Chest: 2 & Biceps: 2",
2025-03-03 17:24:43,"Chest & Biceps🃏",53m,"Incline Bench Press (Smith Machine)",W,70.0,8.0,0,0.0,,,
2025-03-03 17:24:43,"Chest & Biceps🃏",53m,"Incline Bench Press (Smith Machine)",W,110.0,5.0,0,0.0,,,
2025-03-03 17:24:43,"Chest & Biceps🃏",53m,"Incline Bench Press (Smith Machine)",F,170.0,6.0,0,0.0,,,10
2025-03-03 17:24:43,"Chest & Biceps🃏",53m,"Incline Bench Press (Smith Machine)",F,150.0,4.0,0,0.0,,,10
2025-03-03 17:24:43,"Chest & Biceps🃏",53m,"Bayesian Bicep Curl (Cable)",W,5.0,8.0,0,0.0,"2x8-10(F), 3 mins",,
2025-03-03 17:24:43,"Chest & Biceps🃏",53m,"Bayesian Bicep Curl (Cable)",F,25.0,8.0,0,0.0,,,10
2025-03-03 17:24:43,"Chest & Biceps🃏",53m,"Bayesian Bicep Curl (Cable)",F,20.0,9.0,0,0.0,,,10
2025-03-03 17:24:43,"Chest & Biceps🃏",53m,"Arsenal Strength Chest Fly (Machine)",F,210.0,8.0,0,0.0,"2x8-10(F), 3 mins",,10
2025-03-03 17:24:43,"Chest & Biceps🃏",53m,"Arsenal Strength Chest Fly (Machine)",F,190.0,5.0,0,0.0,,,10
2025-03-03 17:24:43,"Chest & Biceps🃏",53m,"Single Arm Preacher Curl (Machine)",F,60.0,7.0,0,0.0,"2x6-8(F), 3 mins",,10
2025-03-03 17:24:43,"Chest & Biceps🃏",53m,"Single Arm Preacher Curl (Machine)",F,50.0,9.0,0,0.0,,,10
2025-03-04 21:03:18,"Back & Triceps✝️",47m,"Pull Up",1,0,7.0,0,0.0,"2x6-8(F), 3 mins","Back Width: 2, Back Density: 1, & Triceps: 2",10
2025-03-04 21:03:18,"Back & Triceps✝️",47m,"Pull Up",F,0,6.0,0,0.0,,,10
2025-03-04 21:03:18,"Back & Triceps✝️",47m,"Triceps Extension (Machine)",W,20.0,10.0,0,0.0,"2x8-10(F), 3 mins",,
2025-03-04 21:03:18,"Back & Triceps✝️",47m,"Triceps Extension (Machine)",F,90.0,9.0,0,0.0,,,10
2025-03-04 21:03:18,"Back & Triceps✝️",47m,"Triceps Extension (Machine)",F,80.0,9.0,0,0.0,,,10
2025-03-04 21:03:18,"Back & Triceps✝️",47m,"Arsenal Strength Reload T Row",W,50.0,8.0,0,0.0,"2x6-8(F), 4 mins",,
2025-03-04 21:03:18,"Back & Triceps✝️",47m,"Arsenal Strength Reload T Row",F,105.0,7.0,0,0.0,,,10
2025-03-04 21:03:18,"Back & Triceps✝️",47m,"Arsenal Strength Reload T Row",F,95.0,5.0,0,0.0,,,10
2025-03-04 21:03:18,"Back & Triceps✝️",47m,"Carter Extension (Cable)",F,30.0,6.0,0,0.0,"2x6-8(F), 3 mins",,10
2025-03-04 21:03:18,"Back & Triceps✝️",47m,"Carter Extension (Cable)",F,20.0,10.0,0,0.0,,,10
2025-03-04 21:03:18,"Back & Triceps✝️",47m,"Lat Pulldown (Cable)",F,135.0,7.0,0,0.0,"2x6-8(F), 4 mins",,10
2025-03-05 21:08:42,"Legs 🐓 ",53m,"Single-Leg Leg Curl",W,30.0,10.0,0,0.0,"2x8-10(F), 3 mins","Quads: 2, Hamstring: 1, Calves: 1, & Core: 1",
2025-03-05 21:08:42,"Legs 🐓 ",53m,"Single-Leg Leg Curl",F,90.0,7.0,0,0.0,,,10
2025-03-05 21:08:42,"Legs 🐓 ",53m,"Hack Squat",W,90.0,10.0,0,0.0,"2x6-8(F), 4 mins",,
2025-03-05 21:08:42,"Legs 🐓 ",53m,"Hack Squat",W,180.0,8.0,0,0.0,,,
2025-03-05 21:08:42,"Legs 🐓 ",53m,"Hack Squat",F,290.0,9.0,0,0.0,,,10
2025-03-05 21:08:42,"Legs 🐓 ",53m,"Hack Squat",F,300.0,8.0,0,0.0,,,10
2025-03-05 21:08:42,"Legs 🐓 ",53m,"Standing Calf Raise (Machine)",F,250.0,9.0,0,0.0,"2x8-10(F), 3 mins",,10
2025-03-05 21:08:42,"Legs 🐓 ",53m,"Standing Calf Raise (Machine)",F,255.0,11.0,0,0.0,,,10
2025-03-05 21:08:42,"Legs 🐓 ",53m,"Single-Leg Leg Extension (Machine)",F,80.0,8.0,0,0.0,"2x6-8(F), 3 mins",,10
2025-03-05 21:08:42,"Legs 🐓 ",53m,"Single-Leg Leg Extension (Machine)",F,85.0,7.0,0,0.0,,,10
2025-03-06 21:35:03,"Shoulders🪨",50m,"Leg Raise (Captain’s Chair)",F,0,13.0,0,0.0,"3xFailure, 3 mins","Shoulders: 3 & Core: 1",10
2025-03-06 21:35:03,"Shoulders🪨",50m,"Leg Raise (Captain’s Chair)",F,0,10.0,0,0.0,,,10
2025-03-06 21:35:03,"Shoulders🪨",50m,"Leg Raise (Captain’s Chair)",F,0,7.0,0,0.0,,,10
2025-03-06 21:35:03,"Shoulders🪨",50m,"Seated Shoulder Press (Smith Machine)",W,20.0,10.0,0,0.0,"2x6-8(F), 3 mins",,
2025-03-06 21:35:03,"Shoulders🪨",50m,"Seated Shoulder Press (Smith Machine)",W,70.0,8.0,0,0.0,,,
2025-03-06 21:35:03,"Shoulders🪨",50m,"Seated Shoulder Press (Smith Machine)",F,130.0,7.0,0,0.0,,,10
2025-03-06 21:35:03,"Shoulders🪨",50m,"Seated Shoulder Press (Smith Machine)",F,110.0,8.0,0,0.0,,,10
2025-03-06 21:35:03,"Shoulders🪨",50m,"Lateral Raise (Cable)",F,15.0,9.0,0,0.0,"2x8-10(F), 3 mins",,10
2025-03-06 21:35:03,"Shoulders🪨",50m,"Lateral Raise (Cable)",F,15.0,7.0,0,0.0,,,10
2025-03-06 21:35:03,"Shoulders🪨",50m,"Rear Delt Fly (Cable)",F,20.0,7.0,0,0.0,"2x8-10(F), 3 mins",,10
2025-03-06 21:35:03,"Shoulders🪨",50m,"Rear Delt Fly (Cable)",F,15.0,11.0,0,0.0,,,10
2025-03-08 15:36:44,"Chest & Biceps🃏",1h 15m,"Bench Press (Barbell)",W,45.0,10.0,0,0.0,"","Chest: 2 & Biceps: 2",
2025-03-08 15:36:44,"Chest & Biceps🃏",1h 15m,"Bench Press (Barbell)",W,135.0,6.0,0,0.0,,,
2025-03-08 15:36:44,"Chest & Biceps🃏",1h 15m,"Bench Press (Barbell)",W,185.0,2.0,0,0.0,,,
2025-03-08 15:36:44,"Chest & Biceps🃏",1h 15m,"Bench Press (Barbell)",1,225.0,1.0,0,0.0,,,9
2025-03-08 15:36:44,"Chest & Biceps🃏",1h 15m,"Bench Press (Barbell)",F,245.0,0.0,0,0.0,,,10
2025-03-08 15:36:44,"Chest & Biceps🃏",1h 15m,"Incline Bench Press (Smith Machine)",F,170.0,3.0,0,0.0,"2x6-8(F), 4 mins",,10
2025-03-08 15:36:44,"Chest & Biceps🃏",1h 15m,"Bayesian Bicep Curl (Cable)",W,5.0,8.0,0,0.0,"2x8-10(F), 3 mins",,
2025-03-08 15:36:44,"Chest & Biceps🃏",1h 15m,"Bayesian Bicep Curl (Cable)",F,25.0,11.0,0,0.0,,,10
2025-03-08 15:36:44,"Chest & Biceps🃏",1h 15m,"Bayesian Bicep Curl (Cable)",F,27.5,7.0,0,0.0,,,10
2025-03-08 15:36:44,"Chest & Biceps🃏",1h 15m,"Arsenal Strength Chest Fly (Machine)",F,210.0,10.0,0,0.0,"2x8-10(F), 3 mins",,10
2025-03-08 15:36:44,"Chest & Biceps🃏",1h 15m,"Arsenal Strength Chest Fly (Machine)",F,220.0,3.0,0,0.0,,,10
2025-03-08 15:36:44,"Chest & Biceps🃏",1h 15m,"Single Arm Preacher Curl (Machine)",F,60.0,8.0,0,0.0,"2x6-8(F), 3 mins",,10
2025-03-08 15:36:44,"Chest & Biceps🃏",1h 15m,"Single Arm Preacher Curl (Machine)",F,65.0,4.0,0,0.0,,,10
2025-03-17 17:33:00,"Chest & Biceps🃏",59m,"Incline Bench Press (Smith Machine)",W,20.0,10.0,0,0.0,"2x6-8(F), 4 mins","Chest: 2 & Biceps: 2",
2025-03-17 17:33:00,"Chest & Biceps🃏",59m,"Incline Bench Press (Smith Machine)",W,70.0,8.0,0,0.0,,,
2025-03-17 17:33:00,"Chest & Biceps🃏",59m,"Incline Bench Press (Smith Machine)",W,110.0,5.0,0,0.0,,,
2025-03-17 17:33:00,"Chest & Biceps🃏",59m,"Incline Bench Press (Smith Machine)",F,170.0,4.0,0,0.0,,,10
2025-03-17 17:33:00,"Chest & Biceps🃏",59m,"Incline Bench Press (Smith Machine)",F,150.0,8.0,0,0.0,,,10
2025-03-17 17:33:00,"Chest & Biceps🃏",59m,"Bayesian Bicep Curl (Cable)",W,5.0,8.0,0,0.0,"2x8-10(F), 3 mins",,
2025-03-17 17:33:00,"Chest & Biceps🃏",59m,"Bayesian Bicep Curl (Cable)",F,27.5,8.0,0,0.0,,,10
2025-03-17 17:33:00,"Chest & Biceps🃏",59m,"Bayesian Bicep Curl (Cable)",F,20.0,10.0,0,0.0,,,10
2025-03-17 17:33:00,"Chest & Biceps🃏",59m,"Arsenal Strength Chest Fly (Machine)",F,220.0,8.0,0,0.0,"2x8-10(F), 3 mins",,10
2025-03-17 17:33:00,"Chest & Biceps🃏",59m,"Arsenal Strength Chest Fly (Machine)",F,200.0,8.0,0,0.0,,,10
2025-03-19 17:39:09,"Back & Triceps✝️",1h 11m,"Pull Up",F,0,10.0,0,0.0,"","Back Width: 2, Back Density: 1, & Triceps: 2",10
2025-03-19 17:39:09,"Back & Triceps✝️",1h 11m,"Pull Up",F,0,8.0,0,0.0,,,10
2025-03-19 17:39:09,"Back & Triceps✝️",1h 11m,"Single Arm Tricep Extension (Machine)",W,20.0,10.0,0,0.0,"2x6-8(F), 3 mins",,
2025-03-19 17:39:09,"Back & Triceps✝️",1h 11m,"Single Arm Tricep Extension (Machine)",F,30.0,12.0,0,0.0,,,10
2025-03-19 17:39:09,"Back & Triceps✝️",1h 11m,"Single Arm Tricep Extension (Machine)",F,35.0,7.0,0,0.0,,,10
2025-03-19 17:39:09,"Back & Triceps✝️",1h 11m,"Row (Smith Machine)",1,110.0,7.0,0,0.0,"2x6-8(F), 4 mins",,10
2025-03-19 17:39:09,"Back & Triceps✝️",1h 11m,"Row (Smith Machine)",2,110.0,7.0,0,0.0,,,10
2025-03-19 17:39:09,"Back & Triceps✝️",1h 11m,"Jm Press (Machine)",F,85.0,6.0,0,0.0,"2x6-8(F), 3 mins",,10
2025-03-19 17:39:09,"Back & Triceps✝️",1h 11m,"Jm Press (Machine)",F,85.0,8.0,0,0.0,,,10
2025-03-19 17:39:09,"Back & Triceps✝️",1h 11m,"Lat Pulldown (Cable)",F,135.0,7.0,0,0.0,"2x6-8(F), 4 mins",,10
2025-03-19 17:39:09,"Back & Triceps✝️",1h 11m,"Lat Pulldown (Cable)",F,115.0,6.0,0,0.0,,,10
2025-03-20 18:08:02,"Legs 🐓 ",32m,"Single-Leg Leg Curl",W,30.0,10.0,0,0.0,"2x8-10(F), 3 mins","Quads: 2, Hamstring: 1, Calves: 1",
2025-03-20 18:08:02,"Legs 🐓 ",32m,"Single-Leg Leg Curl",F,90.0,8.0,0,0.0,,,10
2025-03-20 18:08:02,"Legs 🐓 ",32m,"Hack Squat",W,90.0,10.0,0,0.0,"2x6-8(F), 4 mins",,
2025-03-20 18:08:02,"Legs 🐓 ",32m,"Hack Squat",W,180.0,8.0,0,0.0,,,
2025-03-20 18:08:02,"Legs 🐓 ",32m,"Hack Squat",F,310.0,9.0,0,0.0,,,10
2025-03-20 18:08:02,"Legs 🐓 ",32m,"Hack Squat",F,320.0,4.0,0,0.0,,,10
2025-03-21 19:39:37,"Shoulders🪨",42m,"Leg Raise (Captain’s Chair)",F,0,17.0,0,0.0,"3xFailure, 3 mins","Shoulders: 3 & Core: 1",10
2025-03-21 19:39:37,"Shoulders🪨",42m,"Leg Raise (Captain’s Chair)",F,0,10.0,0,0.0,,,10
2025-03-21 19:39:37,"Shoulders🪨",42m,"Leg Raise (Captain’s Chair)",F,0,8.0,0,0.0,,,10
2025-03-21 19:39:37,"Shoulders🪨",42m,"Seated Shoulder Press (Smith Machine)",W,20.0,10.0,0,0.0,"2x6-8(F), 3 mins",,
2025-03-21 19:39:37,"Shoulders🪨",42m,"Seated Shoulder Press (Smith Machine)",W,70.0,8.0,0,0.0,,,
2025-03-21 19:39:37,"Shoulders🪨",42m,"Seated Shoulder Press (Smith Machine)",F,130.0,8.0,0,0.0,,,10
2025-03-21 19:39:37,"Shoulders🪨",42m,"Seated Shoulder Press (Smith Machine)",F,140.0,2.0,0,0.0,,,10
2025-03-21 19:39:37,"Shoulders🪨",42m,"Lateral Raise (Cable)",F,15.0,10.0,0,0.0,"2x8-10(F), 3 mins",,10
2025-03-21 19:39:37,"Shoulders🪨",42m,"Rear Delt Fly (Cable)",F,20.0,8.0,0,0.0,"2x8-10(F), 3 mins",,10
2025-03-24 17:26:52,"Chest & Biceps🃏",53m,"Incline Bench Press (Smith Machine)",W,20.0,10.0,0,0.0,"2x6-8(F), 4 mins","Chest: 2 & Biceps: 2",
2025-03-24 17:26:52,"Chest & Biceps🃏",53m,"Incline Bench Press (Smith Machine)",W,70.0,8.0,0,0.0,,,
2025-03-24 17:26:52,"Chest & Biceps🃏",53m,"Incline Bench Press (Smith Machine)",W,110.0,5.0,0,0.0,,,
2025-03-24 17:26:52,"Chest & Biceps🃏",53m,"Incline Bench Press (Smith Machine)",F,170.0,5.0,0,0.0,,,10
2025-03-24 17:26:52,"Chest & Biceps🃏",53m,"Incline Bench Press (Smith Machine)",F,150.0,7.0,0,0.0,,,10
2025-03-24 17:26:52,"Chest & Biceps🃏",53m,"Bayesian Bicep Curl (Cable)",W,5.0,8.0,0,0.0,"2x8-10(F), 3 mins",,
2025-03-24 17:26:52,"Chest & Biceps🃏",53m,"Bayesian Bicep Curl (Cable)",F,27.5,9.0,0,0.0,,,10
2025-03-24 17:26:52,"Chest & Biceps🃏",53m,"Arsenal Strength Chest Fly (Machine)",F,220.0,7.0,0,0.0,"2x8-10(F), 3 mins",,10
2025-03-24 17:26:52,"Chest & Biceps🃏",53m,"Single Arm Preacher Curl (Machine)",F,65.0,6.0,0,0.0,"2x6-8(F), 3 mins",,10
2025-03-24 17:26:52,"Chest & Biceps🃏",53m,"Single Arm Preacher Curl (Machine)",F,50.0,8.0,0,0.0,,,10
2025-03-26 18:56:11,"Back & Triceps✝️",1h 3m,"Pull Up",F,0,10.0,0,0.0,"","Back Width: 2, Back Density: 1, & Triceps: 2",10
2025-03-26 18:56:11,"Back & Triceps✝️",1h 3m,"Pull Up",F,0,9.0,0,0.0,,,10
2025-03-26 18:56:11,"Back & Triceps✝️",1h 3m,"Single Arm Tricep Extension (Machine)",W,20.0,10.0,0,0.0,"2x6-8(F), 3 mins",,
2025-03-26 18:56:11,"Back & Triceps✝️",1h 3m,"Single Arm Tricep Extension (Machine)",F,35.0,10.0,0,0.0,,,10
2025-03-26 18:56:11,"Back & Triceps✝️",1h 3m,"Single Arm Tricep Extension (Machine)",F,40.0,7.0,0,0.0,,,10
2025-03-26 18:56:11,"Back & Triceps✝️",1h 3m,"Row (Smith Machine)",1,110.0,8.0,0,0.0,"2x6-8(F), 4 mins",,10
2025-03-26 18:56:11,"Back & Triceps✝️",1h 3m,"Row (Smith Machine)",2,120.0,5.0,0,0.0,,,10
2025-03-26 18:56:11,"Back & Triceps✝️",1h 3m,"Jm Press (Machine)",F,90.0,8.0,0,0.0,"2x6-8(F), 3 mins",,10
2025-03-26 18:56:11,"Back & Triceps✝️",1h 3m,"Jm Press (Machine)",F,95.0,7.0,0,0.0,,,10
2025-03-26 18:56:11,"Back & Triceps✝️",1h 3m,"Lat Pulldown (Cable)",F,135.0,8.0,0,0.0,"2x6-8(F), 4 mins",,10
2025-03-26 18:56:11,"Back & Triceps✝️",1h 3m,"Lat Pulldown (Cable)",F,140.0,4.0,0,0.0,,,10
2025-04-21 18:42:31,"Chest & Biceps🃏",42m,"Incline Bench Press (Dumbbell)",W,40.0,8.0,0,0.0,"2x6-8(F), 4 mins","Chest: 2 & Biceps: 2",
2025-04-21 18:42:31,"Chest & Biceps🃏",42m,"Bicep Curl (Dumbbell)",W,10.0,10.0,0,0.0,"2x6-8(F), 3 mins",,
2025-04-21 18:42:31,"Chest & Biceps🃏",42m,"Bicep Curl (Dumbbell)",F,30.0,7.0,0,0.0,,,10
2025-04-21 18:42:31,"Chest & Biceps🃏",42m,"Bicep Curl (Dumbbell)",F,30.0,6.0,0,0.0,,,10
2025-04-21 18:42:31,"Chest & Biceps🃏",42m,"Arsenal Strength Chest Fly (Machine)",F,220.0,8.0,0,0.0,"2x8-10(F), 3 mins",,10
2025-04-21 18:42:31,"Chest & Biceps🃏",42m,"Arsenal Strength Chest Fly (Machine)",F,200.0,5.0,0,0.0,,,10
2025-04-22 18:07:01,"Back & Triceps✝️",34m,"Shrug (Machine)",W,25.0,10.0,0,0.0,"1x6-8","Back Width: 2, Back Density: 1, & Triceps: 2",
2025-04-22 18:07:01,"Back & Triceps✝️",34m,"Shrug (Machine)",W,115.0,8.0,0,0.0,,,
2025-04-22 18:07:01,"Back & Triceps✝️",34m,"Shrug (Machine)",F,205.0,9.0,0,0.0,,,10
2025-04-22 18:07:01,"Back & Triceps✝️",34m,"Single Arm Tricep Extension (Machine)",W,20.0,10.0,0,0.0,"2x6-8(F), 3 mins",,
2025-04-22 18:07:01,"Back & Triceps✝️",34m,"Single Arm Tricep Extension (Machine)",F,40.0,8.0,0,0.0,,,10
2025-04-22 18:07:01,"Back & Triceps✝️",34m,"Single Arm Tricep Extension (Machine)",F,30.0,11.0,0,0.0,,,10
2025-04-22 18:07:01,"Back & Triceps✝️",34m,"Arsenal Strength Reload T Row",F,105.0,6.0,0,0.0,"2x6-8(F), 4 mins",,10
2025-04-22 18:07:01,"Back & Triceps✝️",34m,"Arsenal Strength Reload T Row",F,95.0,5.0,0,0.0,,,10
2025-04-22 18:07:01,"Back & Triceps✝️",34m,"Jm Press (Machine)",F,95.0,7.0,0,0.0,"2x6-8(F), 3 mins",,10
2025-04-28 17:23:18,"Chest & Biceps🃏",29m,"Iso-Lateral Incline Press",F,180.0,6.0,0,0.0,"2x6-8(F), 4 mins","Chest: 2 & Biceps: 2",10
2025-04-28 17:23:18,"Chest & Biceps🃏",29m,"Iso-Lateral Incline Press",F,180.0,8.0,0,0.0,,,10
2025-04-28 17:23:18,"Chest & Biceps🃏",29m,"Bicep Curl (Dumbbell)",W,10.0,10.0,0,0.0,"2x6-8(F), 3 mins",,
2025-04-28 17:23:18,"Chest & Biceps🃏",29m,"Bicep Curl (Dumbbell)",F,30.0,8.0,0,0.0,,,10
2025-04-28 17:23:18,"Chest & Biceps🃏",29m,"Bicep Curl (Dumbbell)",F,35.0,3.0,0,0.0,,,10
2025-04-28 17:23:18,"Chest & Biceps🃏",29m,"Single Arm Preacher Curl (Machine)",F,65.0,6.0,0,0.0,"2x6-8(F), 3 mins",,10
2025-04-28 17:23:18,"Chest & Biceps🃏",29m,"Single Arm Preacher Curl (Machine)",F,50.0,7.0,0,0.0,,,10
2025-05-05 17:50:02,"Chest & Biceps🃏",53m,"Incline Bench Press (Smith Machine)",W,20.0,10.0,0,0.0,"2x6-8(F), 4 mins","Chest: 2 & Biceps: 2",
2025-05-05 17:50:02,"Chest & Biceps🃏",53m,"Incline Bench Press (Smith Machine)",W,70.0,8.0,0,0.0,,,
2025-05-05 17:50:02,"Chest & Biceps🃏",53m,"Incline Bench Press (Smith Machine)",W,110.0,5.0,0,0.0,,,
2025-05-05 17:50:02,"Chest & Biceps🃏",53m,"Incline Bench Press (Smith Machine)",F,160.0,4.0,0,0.0,,,10
2025-05-05 17:50:02,"Chest & Biceps🃏",53m,"Incline Bench Press (Smith Machine)",F,150.0,5.0,0,0.0,,,10
2025-05-05 17:50:02,"Chest & Biceps🃏",53m,"Bayesian Bicep Curl (Cable)",W,5.0,8.0,0,0.0,"2x6-8(F), 3 mins",,
2025-05-05 17:50:02,"Chest & Biceps🃏",53m,"Bayesian Bicep Curl (Cable)",F,25.0,8.0,0,0.0,,,10
2025-05-05 17:50:02,"Chest & Biceps🃏",53m,"Bayesian Bicep Curl (Cable)",F,27.5,8.0,0,0.0,,,10
2025-05-05 17:50:02,"Chest & Biceps🃏",53m,"Arsenal Strength Chest Fly (Machine)",F,210.0,8.0,0,0.0,"2x8-10(F), 3 mins",,10
2025-05-05 17:50:02,"Chest & Biceps🃏",53m,"Arsenal Strength Chest Fly (Machine)",F,210.0,4.0,0,0.0,,,10
2025-05-05 17:50:02,"Chest & Biceps🃏",53m,"Single Arm Preacher Curl (Machine)",F,65.0,4.0,0,0.0,"2x6-8(F), 3 mins",,10
2025-05-05 17:50:02,"Chest & Biceps🃏",53m,"Single Arm Preacher Curl (Machine)",F,50.0,9.0,0,0.0,,,10
2025-05-12 16:22:54,"Chest & Biceps🃏",48m,"Incline Bench Press (Smith Machine)",W,20.0,10.0,0,0.0,"2x6-8(F), 4 mins","Chest: 2 & Biceps: 2",
2025-05-12 16:22:54,"Chest & Biceps🃏",48m,"Incline Bench Press (Smith Machine)",Rest Timer,0,0.0,0,180.0,,,
2025-05-12 16:22:54,"Chest & Biceps🃏",48m,"Incline Bench Press (Smith Machine)",W,70.0,8.0,0,0.0,,,
2025-05-12 16:22:54,"Chest & Biceps🃏",48m,"Incline Bench Press (Smith Machine)",Rest Timer,0,0.0,0,180.0,,,
2025-05-12 16:22:54,"Chest & Biceps🃏",48m,"Incline Bench Press (Smith Machine)",W,110.0,5.0,0,0.0,,,
2025-05-12 16:22:54,"Chest & Biceps🃏",48m,"Incline Bench Press (Smith Machine)",Rest Timer,0,0.0,0,180.0,,,
2025-05-12 16:22:54,"Chest & Biceps🃏",48m,"Incline Bench Press (Smith Machine)",F,160.0,4.0,0,0.0,,,10
2025-05-12 16:22:54,"Chest & Biceps🃏",48m,"Incline Bench Press (Smith Machine)",Rest Timer,0,0.0,0,240.0,,,
2025-05-12 16:22:54,"Chest & Biceps🃏",48m,"Incline Bench Press (Smith Machine)",F,150.0,3.0,0,0.0,,,10
2025-05-12 16:22:54,"Chest & Biceps🃏",48m,"Incline Bench Press (Smith Machine)",Rest Timer,0,0.0,0,240.0,,,
2025-05-12 16:22:54,"Chest & Biceps🃏",48m,"Bayesian Bicep Curl (Cable)",W,5.0,8.0,0,0.0,"2x6-8(F), 3 mins",,
2025-05-12 16:22:54,"Chest & Biceps🃏",48m,"Bayesian Bicep Curl (Cable)",Rest Timer,0,0.0,0,120.0,,,
2025-05-12 16:22:54,"Chest & Biceps🃏",48m,"Bayesian Bicep Curl (Cable)",F,30.0,6.0,0,0.0,,,10
2025-05-12 16:22:54,"Chest & Biceps🃏",48m,"Bayesian Bicep Curl (Cable)",Rest Timer,0,0.0,0,180.0,,,
2025-05-12 16:22:54,"Chest & Biceps🃏",48m,"Bayesian Bicep Curl (Cable)",F,20.0,10.0,0,0.0,,,10
2025-05-12 16:22:54,"Chest & Biceps🃏",48m,"Bayesian Bicep Curl (Cable)",Rest Timer,0,0.0,0,180.0,,,
2025-05-12 16:22:54,"Chest & Biceps🃏",48m,"Arsenal Strength Chest Fly (Machine)",F,220.0,8.0,0,0.0,"2x8-10(F), 3 mins",,10
2025-05-12 16:22:54,"Chest & Biceps🃏",48m,"Arsenal Strength Chest Fly (Machine)",Rest Timer,0,0.0,0,180.0,,,
2025-05-12 16:22:54,"Chest & Biceps🃏",48m,"Arsenal Strength Chest Fly (Machine)",F,210.0,6.0,0,0.0,,,10
2025-05-12 16:22:54,"Chest & Biceps🃏",48m,"Arsenal Strength Chest Fly (Machine)",Rest Timer,0,0.0,0,180.0,,,
2025-05-18 14:37:32,"Back & Triceps✝️",51m,"Lat Pulldown (Cable)",W,100.0,8.0,0,0.0,"2x6-8(F), 4 mins","Back Width: 1\nBack Thickness: 2\nTriceps: 2",
2025-05-18 14:37:32,"Back & Triceps✝️",51m,"Lat Pulldown (Cable)",Rest Timer,0,0.0,0,180.0,,,
2025-05-18 14:37:32,"Back & Triceps✝️",51m,"Lat Pulldown (Cable)",F,140.0,5.0,0,0.0,,,10
2025-05-18 14:37:32,"Back & Triceps✝️",51m,"Lat Pulldown (Cable)",Rest Timer,0,0.0,0,240.0,,,
2025-05-18 14:37:32,"Back & Triceps✝️",51m,"Lat Pulldown (Cable)",F,120.0,9.0,0,0.0,,,10
2025-05-18 14:37:32,"Back & Triceps✝️",51m,"Lat Pulldown (Cable)",Rest Timer,0,0.0,0,0.0,,,
2025-05-18 14:37:32,"Back & Triceps✝️",51m,"Single Arm Tricep Extension (Machine)",W,20.0,10.0,0,0.0,"2x6-8(F), 3 mins",,
2025-05-18 14:37:32,"Back & Triceps✝️",51m,"Single Arm Tricep Extension (Machine)",Rest Timer,0,0.0,0,120.0,,,
2025-05-18 14:37:32,"Back & Triceps✝️",51m,"Single Arm Tricep Extension (Machine)",F,42.5,8.0,0,0.0,,,10
2025-05-18 14:37:32,"Back & Triceps✝️",51m,"Single Arm Tricep Extension (Machine)",Rest Timer,0,0.0,0,180.0,,,
2025-05-18 14:37:32,"Back & Triceps✝️",51m,"Single Arm Tricep Extension (Machine)",F,45.0,4.0,0,0.0,,,10
2025-05-18 14:37:32,"Back & Triceps✝️",51m,"Single Arm Tricep Extension (Machine)",Rest Timer,0,0.0,0,0.0,,,
2025-05-18 14:37:32,"Back & Triceps✝️",51m,"Arsenal Strength Reload T Row",W,50.0,8.0,0,0.0,"2x6-8(F), 4 mins",,
2025-05-18 14:37:32,"Back & Triceps✝️",51m,"Arsenal Strength Reload T Row",Rest Timer,0,0.0,0,120.0,,,
2025-05-18 14:37:32,"Back & Triceps✝️",51m,"Arsenal Strength Reload T Row",F,105.0,4.0,0,0.0,,,10
2025-05-18 14:37:32,"Back & Triceps✝️",51m,"Arsenal Strength Reload T Row",Rest Timer,0,0.0,0,240.0,,,
2025-05-18 14:37:32,"Back & Triceps✝️",51m,"Arsenal Strength Reload T Row",F,95.0,8.0,0,0.0,,,10
2025-05-18 14:37:32,"Back & Triceps✝️",51m,"Arsenal Strength Reload T Row",Rest Timer,0,0.0,0,0.0,,,
2025-05-18 14:37:32,"Back & Triceps✝️",51m,"Jm Press (Machine)",F,95.0,8.0,0,0.0,"2x6-8(F), 3 mins",,10
2025-05-18 14:37:32,"Back & Triceps✝️",51m,"Jm Press (Machine)",Rest Timer,0,0.0,0,180.0,,,
2025-05-18 14:37:32,"Back & Triceps✝️",51m,"Jm Press (Machine)",F,100.0,5.0,0,0.0,,,10
2025-05-18 14:37:32,"Back & Triceps✝️",51m,"Jm Press (Machine)",Rest Timer,0,0.0,0,0.0,,,
2025-05-18 14:37:32,"Back & Triceps✝️",51m,"Shrug (Machine)",F,205.0,7.0,0,0.0,"2x6-8(F), 3 mins",,10
2025-05-18 14:37:32,"Back & Triceps✝️",51m,"Shrug (Machine)",Rest Timer,0,0.0,0,180.0,,,
2025-05-23 15:42:56,"Legs 🐓 ",43m,"Walking (Treadmill)",W,0,0.0,0,300.0,"Backwards, Incline: 3, Speed: .5-1","Quads: 2\nHamstring: 1\nCalves: 1",
2025-05-23 15:42:56,"Legs 🐓 ",43m,"Single-Leg Leg Curl",W,30.0,10.0,0,0.0,"2x8-10(F), 3 mins",,
2025-05-23 15:42:56,"Legs 🐓 ",43m,"Single-Leg Leg Curl",Rest Timer,0,0.0,0,120.0,,,
2025-05-23 15:42:56,"Legs 🐓 ",43m,"Single-Leg Leg Curl",F,90.0,4.0,0,0.0,,,10
2025-05-23 15:42:56,"Legs 🐓 ",43m,"Single-Leg Leg Curl",Rest Timer,0,0.0,0,180.0,,,
2025-05-23 15:42:56,"Legs 🐓 ",43m,"Single-Leg Leg Curl",F,80.0,8.0,0,0.0,,,10
2025-05-23 15:42:56,"Legs 🐓 ",43m,"Single-Leg Leg Curl",Rest Timer,0,0.0,0,0.0,,,
2025-05-23 15:42:56,"Legs 🐓 ",43m,"Hack Squat",W,90.0,10.0,0,0.0,"2x6-8(F), 4 mins",,
2025-05-23 15:42:56,"Legs 🐓 ",43m,"Hack Squat",Rest Timer,0,0.0,0,180.0,,,
2025-05-23 15:42:56,"Legs 🐓 ",43m,"Hack Squat",W,180.0,8.0,0,0.0,,,
2025-05-23 15:42:56,"Legs 🐓 ",43m,"Hack Squat",Rest Timer,0,0.0,0,180.0,,,
2025-05-23 15:42:56,"Legs 🐓 ",43m,"Hack Squat",F,320.0,6.0,0,0.0,,,10
2025-05-23 15:42:56,"Legs 🐓 ",43m,"Hack Squat",Rest Timer,0,0.0,0,240.0,,,
2025-05-23 15:42:56,"Legs 🐓 ",43m,"Standing Calf Raise (Machine)",F,250.0,9.0,0,0.0,"2x8-10(F), 3 mins",,10
2025-05-23 15:42:56,"Legs 🐓 ",43m,"Standing Calf Raise (Machine)",Rest Timer,0,0.0,0,180.0,,,
2025-05-23 15:42:56,"Legs 🐓 ",43m,"Standing Calf Raise (Machine)",F,250.0,7.0,0,0.0,,,10
2025-05-23 15:42:56,"Legs 🐓 ",43m,"Standing Calf Raise (Machine)",Rest Timer,0,0.0,0,0.0,,,
2025-05-24 12:26:55,"Shoulders🪨",51m,"Leg Raise (Captain’s Chair)",F,0,14.0,0,0.0,"3xFailure, 3 mins","Shoulders: 3\nCore: 1",10
2025-05-24 12:26:55,"Shoulders🪨",51m,"Leg Raise (Captain’s Chair)",Rest Timer,0,0.0,0,180.0,,,
2025-05-24 12:26:55,"Shoulders🪨",51m,"Leg Raise (Captain’s Chair)",F,0,10.0,0,0.0,,,10
2025-05-24 12:26:55,"Shoulders🪨",51m,"Leg Raise (Captain’s Chair)",Rest Timer,0,0.0,0,180.0,,,
2025-05-24 12:26:55,"Shoulders🪨",51m,"Leg Raise (Captain’s Chair)",F,0,9.0,0,0.0,,,10
2025-05-24 12:26:55,"Shoulders🪨",51m,"Leg Raise (Captain’s Chair)",Rest Timer,0,0.0,0,0.0,,,
2025-05-24 12:26:55,"Shoulders🪨",51m,"Seated Shoulder Press (Smith Machine)",W,20.0,10.0,0,0.0,"2x6-8(F), 3 mins",,
2025-05-24 12:26:55,"Shoulders🪨",51m,"Seated Shoulder Press (Smith Machine)",Rest Timer,0,0.0,0,180.0,,,
2025-05-24 12:26:55,"Shoulders🪨",51m,"Seated Shoulder Press (Smith Machine)",W,70.0,8.0,0,0.0,,,
2025-05-24 12:26:55,"Shoulders🪨",51m,"Seated Shoulder Press (Smith Machine)",Rest Timer,0,0.0,0,180.0,,,
2025-05-24 12:26:55,"Shoulders🪨",51m,"Seated Shoulder Press (Smith Machine)",F,130.0,5.0,0,0.0,,,10
2025-05-24 12:26:55,"Shoulders🪨",51m,"Seated Shoulder Press (Smith Machine)",Rest Timer,0,0.0,0,240.0,,,
2025-05-24 12:26:55,"Shoulders🪨",51m,"Seated Shoulder Press (Smith Machine)",F,110.0,9.0,0,0.0,,,10
2025-05-24 12:26:55,"Shoulders🪨",51m,"Seated Shoulder Press (Smith Machine)",Rest Timer,0,0.0,0,120.0,,,
2025-05-24 12:26:55,"Shoulders🪨",51m,"Lateral Raise (Cable)",F,15.0,10.0,0,0.0,"2x8-10(F), 3 mins",,10
2025-05-24 12:26:55,"Shoulders🪨",51m,"Lateral Raise (Cable)",Rest Timer,0,0.0,0,180.0,,,
2025-05-24 12:26:55,"Shoulders🪨",51m,"Lateral Raise (Cable)",F,17.5,5.0,0,0.0,,,10
2025-05-24 12:26:55,"Shoulders🪨",51m,"Lateral Raise (Cable)",Rest Timer,0,0.0,0,180.0,,,
2025-05-24 12:26:55,"Shoulders🪨",51m,"Rear Delt Fly (Cable)",F,20.0,10.0,0,0.0,"2x8-10(F), 3 mins",,10
2025-05-24 12:26:55,"Shoulders🪨",51m,"Rear Delt Fly (Cable)",Rest Timer,0,0.0,0,180.0,,,
2025-05-26 14:57:11,"Chest & Biceps🃏",35m,"Incline Bench Press (Smith Machine)",W,20.0,10.0,0,0.0,"2x6-8(F), 4 mins","Chest: 2\nBiceps: 2",
2025-05-26 14:57:11,"Chest & Biceps🃏",35m,"Incline Bench Press (Smith Machine)",Rest Timer,0,0.0,0,180.0,,,
2025-05-26 14:57:11,"Chest & Biceps🃏",35m,"Incline Bench Press (Smith Machine)",W,70.0,8.0,0,0.0,,,
2025-05-26 14:57:11,"Chest & Biceps🃏",35m,"Incline Bench Press (Smith Machine)",Rest Timer,0,0.0,0,180.0,,,
2025-05-26 14:57:11,"Chest & Biceps🃏",35m,"Incline Bench Press (Smith Machine)",W,110.0,5.0,0,0.0,,,
2025-05-26 14:57:11,"Chest & Biceps🃏",35m,"Incline Bench Press (Smith Machine)",Rest Timer,0,0.0,0,180.0,,,
2025-05-26 14:57:11,"Chest & Biceps🃏",35m,"Incline Bench Press (Smith Machine)",F,170.0,6.0,0,0.0,,,10
2025-05-26 14:57:11,"Chest & Biceps🃏",35m,"Incline Bench Press (Smith Machine)",Rest Timer,0,0.0,0,240.0,,,
2025-05-26 14:57:11,"Chest & Biceps🃏",35m,"Incline Bench Press (Smith Machine)",F,150.0,7.0,0,0.0,,,10
2025-05-26 14:57:11,"Chest & Biceps🃏",35m,"Incline Bench Press (Smith Machine)",Rest Timer,0,0.0,0,0.0,,,
2025-05-26 14:57:11,"Chest & Biceps🃏",35m,"Single Arm Preacher Curl (Machine)",F,65.0,6.0,0,0.0,"2x6-8(F), 3 mins",,10
2025-05-26 14:57:11,"Chest & Biceps🃏",35m,"Single Arm Preacher Curl (Machine)",Rest Timer,0,0.0,0,180.0,,,
2025-05-26 14:57:11,"Chest & Biceps🃏",35m,"Single Arm Preacher Curl (Machine)",F,50.0,9.0,0,0.0,,,10
2025-05-26 14:57:11,"Chest & Biceps🃏",35m,"Single Arm Preacher Curl (Machine)",Rest Timer,0,0.0,0,0.0,,,
2025-05-26 14:57:11,"Chest & Biceps🃏",35m,"Arsenal Strength Chest Fly (Machine)",F,220.0,7.0,0,0.0,"2x8-10(F), 3 mins",,10
2025-05-26 14:57:11,"Chest & Biceps🃏",35m,"Arsenal Strength Chest Fly (Machine)",Rest Timer,0,0.0,0,180.0,,,
2025-05-27 19:27:57,"Back & Triceps✝️",57m,"Lat Pulldown (Cable)",W,100.0,8.0,0,0.0,"2x6-8(F), 4 mins","Back Width: 1\nBack Thickness: 2\nTriceps: 2",
2025-05-27 19:27:57,"Back & Triceps✝️",57m,"Lat Pulldown (Cable)",Rest Timer,0,0.0,0,180.0,,,
2025-05-27 19:27:57,"Back & Triceps✝️",57m,"Lat Pulldown (Cable)",F,140.0,10.0,0,0.0,,,10
2025-05-27 19:27:57,"Back & Triceps✝️",57m,"Lat Pulldown (Cable)",Rest Timer,0,0.0,0,240.0,,,
2025-05-27 19:27:57,"Back & Triceps✝️",57m,"Lat Pulldown (Cable)",F,145.0,8.0,0,0.0,,,10
2025-05-27 19:27:57,"Back & Triceps✝️",57m,"Lat Pulldown (Cable)",Rest Timer,0,0.0,0,0.0,,,
2025-05-27 19:27:57,"Back & Triceps✝️",57m,"Single Arm Tricep Extension (Machine)",W,20.0,10.0,0,0.0,"2x6-8(F), 3 mins",,
2025-05-27 19:27:57,"Back & Triceps✝️",57m,"Single Arm Tricep Extension (Machine)",Rest Timer,0,0.0,0,120.0,,,
2025-05-27 19:27:57,"Back & Triceps✝️",57m,"Single Arm Tricep Extension (Machine)",F,42.5,10.0,0,0.0,,,10
2025-05-27 19:27:57,"Back & Triceps✝️",57m,"Single Arm Tricep Extension (Machine)",Rest Timer,0,0.0,0,180.0,,,
2025-05-27 19:27:57,"Back & Triceps✝️",57m,"Single Arm Tricep Extension (Machine)",F,50.0,7.0,0,0.0,,,10
2025-05-27 19:27:57,"Back & Triceps✝️",57m,"Single Arm Tricep Extension (Machine)",Rest Timer,0,0.0,0,0.0,,,
2025-05-27 19:27:57,"Back & Triceps✝️",57m,"Seated Row (Machine)",F,150.0,5.0,0,0.0,"2x6-8(F), 4 mins",,10
2025-05-27 19:27:57,"Back & Triceps✝️",57m,"Seated Row (Machine)",Rest Timer,0,0.0,0,240.0,,,
2025-05-27 19:27:57,"Back & Triceps✝️",57m,"Seated Row (Machine)",F,120.0,6.0,0,0.0,,,10
2025-05-27 19:27:57,"Back & Triceps✝️",57m,"Seated Row (Machine)",Rest Timer,0,0.0,0,240.0,,,
2025-05-27 19:27:57,"Back & Triceps✝️",57m,"Jm Press (Machine)",F,100.0,6.0,0,0.0,"2x6-8(F), 3 mins",,10
2025-05-27 19:27:57,"Back & Triceps✝️",57m,"Jm Press (Machine)",Rest Timer,0,0.0,0,180.0,,,
2025-05-27 19:27:57,"Back & Triceps✝️",57m,"Jm Press (Machine)",F,80.0,5.0,0,0.0,,,10
2025-05-27 19:27:57,"Back & Triceps✝️",57m,"Jm Press (Machine)",Rest Timer,0,0.0,0,0.0,,,
2025-05-27 19:27:57,"Back & Triceps✝️",57m,"Shrug (Machine)",F,200.0,8.0,0,0.0,"2x6-8(F), 3 mins",,10
2025-05-27 19:27:57,"Back & Triceps✝️",57m,"Shrug (Machine)",Rest Timer,0,0.0,0,180.0,,,
2025-05-27 19:27:57,"Back & Triceps✝️",57m,"Shrug (Machine)",F,205.0,7.0,0,0.0,,,10
2025-05-27 19:27:57,"Back & Triceps✝️",57m,"Shrug (Machine)",Rest Timer,0,0.0,0,0.0,,,
2025-05-28 17:58:21,"Legs 🐓 ",43m,"Walking (Treadmill)",W,0,0.0,0,300.0,"Incline: 3, Speed: .5-1, Backwards","Quads: 2\nHamstring: 1\nCalves: 1",
2025-05-28 17:58:21,"Legs 🐓 ",43m,"Lying Leg Curl (Machine)",W,30.0,8.0,0,0.0,"2x8-10(F), 3 mins",,
2025-05-28 17:58:21,"Legs 🐓 ",43m,"Lying Leg Curl (Machine)",Rest Timer,0,0.0,0,120.0,,,
2025-05-28 17:58:21,"Legs 🐓 ",43m,"Lying Leg Curl (Machine)",F,80.0,8.0,0,0.0,,,10
2025-05-28 17:58:21,"Legs 🐓 ",43m,"Lying Leg Curl (Machine)",Rest Timer,0,0.0,0,180.0,,,
2025-05-28 17:58:21,"Legs 🐓 ",43m,"Lying Leg Curl (Machine)",F,65.0,11.0,0,0.0,,,10
2025-05-28 17:58:21,"Legs 🐓 ",43m,"Lying Leg Curl (Machine)",Rest Timer,0,0.0,0,180.0,,,
2025-05-28 17:58:21,"Legs 🐓 ",43m,"Squat (Smith Machine)",W,20.0,10.0,0,0.0,"2x6-8(F), 4 mins",,
2025-05-28 17:58:21,"Legs 🐓 ",43m,"Squat (Smith Machine)",Rest Timer,0,0.0,0,180.0,,,
2025-05-28 17:58:21,"Legs 🐓 ",43m,"Squat (Smith Machine)",W,110.0,8.0,0,0.0,,,
2025-05-28 17:58:21,"Legs 🐓 ",43m,"Squat (Smith Machine)",Rest Timer,0,0.0,0,180.0,,,
2025-05-28 17:58:21,"Legs 🐓 ",43m,"Squat (Smith Machine)",F,200.0,2.0,0,0.0,,,9
2025-05-28 17:58:21,"Legs 🐓 ",43m,"Squat (Smith Machine)",Rest Timer,0,0.0,0,240.0,,,
2025-05-28 17:58:21,"Legs 🐓 ",43m,"Leg Extension (Machine)",F,220.0,6.0,0,0.0,"2x6-8(F), 3 mins",,10
2025-05-28 17:58:21,"Legs 🐓 ",43m,"Leg Extension (Machine)",Rest Timer,0,0.0,0,180.0,,,
2025-05-28 17:58:21,"Legs 🐓 ",43m,"Leg Extension (Machine)",F,205.0,8.0,0,0.0,,,10
2025-05-28 17:58:21,"Legs 🐓 ",43m,"Leg Extension (Machine)",Rest Timer,0,0.0,0,180.0,,,
2025-05-29 19:23:39,"Shoulders🪨",52m,"Leg Raise (Captain’s Chair)",F,0,15.0,0,0.0,"3xFailure, 3 mins","Shoulders: 3\nCore: 1",10
2025-05-29 19:23:39,"Shoulders🪨",52m,"Leg Raise (Captain’s Chair)",Rest Timer,0,0.0,0,180.0,,,
2025-05-29 19:23:39,"Shoulders🪨",52m,"Leg Raise (Captain’s Chair)",F,0,10.0,0,0.0,,,10
2025-05-29 19:23:39,"Shoulders🪨",52m,"Leg Raise (Captain’s Chair)",Rest Timer,0,0.0,0,180.0,,,
2025-05-29 19:23:39,"Shoulders🪨",52m,"Leg Raise (Captain’s Chair)",F,0,11.0,0,0.0,,,10
2025-05-29 19:23:39,"Shoulders🪨",52m,"Leg Raise (Captain’s Chair)",Rest Timer,0,0.0,0,0.0,,,
2025-05-29 19:23:39,"Shoulders🪨",52m,"Seated Shoulder Press (Smith Machine)",W,20.0,10.0,0,0.0,"2x6-8(F), 3 mins",,
2025-05-29 19:23:39,"Shoulders🪨",52m,"Seated Shoulder Press (Smith Machine)",Rest Timer,0,0.0,0,180.0,,,
2025-05-29 19:23:39,"Shoulders🪨",52m,"Seated Shoulder Press (Smith Machine)",W,70.0,8.0,0,0.0,,,
2025-05-29 19:23:39,"Shoulders🪨",52m,"Seated Shoulder Press (Smith Machine)",Rest Timer,0,0.0,0,180.0,,,
2025-05-29 19:23:39,"Shoulders🪨",52m,"Seated Shoulder Press (Smith Machine)",F,130.0,6.0,0,0.0,,,10
2025-05-29 19:23:39,"Shoulders🪨",52m,"Seated Shoulder Press (Smith Machine)",Rest Timer,0,0.0,0,240.0,,,
2025-05-29 19:23:39,"Shoulders🪨",52m,"Seated Shoulder Press (Smith Machine)",F,110.0,7.0,0,0.0,,,10
2025-05-29 19:23:39,"Shoulders🪨",52m,"Seated Shoulder Press (Smith Machine)",Rest Timer,0,0.0,0,240.0,,,
2025-05-29 19:23:39,"Shoulders🪨",52m,"Lateral Raise (Cable)",F,17.5,7.0,0,0.0,"2x8-10(F), 3 mins",,10
2025-05-29 19:23:39,"Shoulders🪨",52m,"Lateral Raise (Cable)",Rest Timer,0,0.0,0,180.0,,,
2025-05-29 19:23:39,"Shoulders🪨",52m,"Lateral Raise (Cable)",F,10.0,13.0,0,0.0,,,10
2025-05-29 19:23:39,"Shoulders🪨",52m,"Lateral Raise (Cable)",Rest Timer,0,0.0,0,180.0,,,
2025-05-29 19:23:39,"Shoulders🪨",52m,"Rear Delt Fly (Cable)",F,22.5,7.0,0,0.0,"2x8-10(F), 3 mins",,10
2025-05-29 19:23:39,"Shoulders🪨",52m,"Rear Delt Fly (Cable)",Rest Timer,0,0.0,0,180.0,,,
2025-05-29 19:23:39,"Shoulders🪨",52m,"Rear Delt Fly (Cable)",F,15.0,10.0,0,0.0,,,10
2025-05-29 19:23:39,"Shoulders🪨",52m,"Rear Delt Fly (Cable)",Rest Timer,0,0.0,0,0.0,,,
2025-06-01 13:19:05,"Chest & Biceps🃏",51m,"Incline Bench Press (Smith Machine)",W,20.0,10.0,0,0.0,"2x6-8(F), 4 mins","Chest: 2\nBiceps: 2",
2025-06-01 13:19:05,"Chest & Biceps🃏",51m,"Incline Bench Press (Smith Machine)",Rest Timer,0,0.0,0,180.0,,,
2025-06-01 13:19:05,"Chest & Biceps🃏",51m,"Incline Bench Press (Smith Machine)",W,70.0,8.0,0,0.0,,,
2025-06-01 13:19:05,"Chest & Biceps🃏",51m,"Incline Bench Press (Smith Machine)",Rest Timer,0,0.0,0,180.0,,,
2025-06-01 13:19:05,"Chest & Biceps🃏",51m,"Incline Bench Press (Smith Machine)",W,110.0,5.0,0,0.0,,,
2025-06-01 13:19:05,"Chest & Biceps🃏",51m,"Incline Bench Press (Smith Machine)",Rest Timer,0,0.0,0,180.0,,,
2025-06-01 13:19:05,"Chest & Biceps🃏",51m,"Incline Bench Press (Smith Machine)",F,170.0,6.0,0,0.0,,,10
2025-06-01 13:19:05,"Chest & Biceps🃏",51m,"Incline Bench Press (Smith Machine)",Rest Timer,0,0.0,0,240.0,,,
2025-06-01 13:19:05,"Chest & Biceps🃏",51m,"Incline Bench Press (Smith Machine)",F,150.0,6.0,0,0.0,,,9
2025-06-01 13:19:05,"Chest & Biceps🃏",51m,"Incline Bench Press (Smith Machine)",Rest Timer,0,0.0,0,0.0,,,
2025-06-01 13:19:05,"Chest & Biceps🃏",51m,"Bayesian Bicep Curl (Cable)",W,5.0,8.0,0,0.0,"2x6-8(F), 3 mins",,
2025-06-01 13:19:05,"Chest & Biceps🃏",51m,"Bayesian Bicep Curl (Cable)",Rest Timer,0,0.0,0,120.0,,,
2025-06-01 13:19:05,"Chest & Biceps🃏",51m,"Bayesian Bicep Curl (Cable)",F,30.0,7.0,0,0.0,,,10
2025-06-01 13:19:05,"Chest & Biceps🃏",51m,"Bayesian Bicep Curl (Cable)",Rest Timer,0,0.0,0,180.0,,,
2025-06-01 13:19:05,"Chest & Biceps🃏",51m,"Bayesian Bicep Curl (Cable)",F,20.0,11.0,0,0.0,,,10
2025-06-01 13:19:05,"Chest & Biceps🃏",51m,"Bayesian Bicep Curl (Cable)",Rest Timer,0,0.0,0,0.0,,,
2025-06-01 13:19:05,"Chest & Biceps🃏",51m,"Arsenal Strength Chest Fly (Machine)",F,220.0,8.0,0,0.0,"2x8-10(F), 3 mins",,10
2025-06-01 13:19:05,"Chest & Biceps🃏",51m,"Arsenal Strength Chest Fly (Machine)",Rest Timer,0,0.0,0,180.0,,,
2025-06-01 13:19:05,"Chest & Biceps🃏",51m,"Arsenal Strength Chest Fly (Machine)",F,200.0,8.0,0,0.0,,,10
2025-06-01 13:19:05,"Chest & Biceps🃏",51m,"Arsenal Strength Chest Fly (Machine)",Rest Timer,0,0.0,0,0.0,,,
2025-06-01 13:19:05,"Chest & Biceps🃏",51m,"Single Arm Preacher Curl (Machine)",F,65.0,6.0,0,0.0,"2x6-8(F), 3 mins",,10
2025-06-01 13:19:05,"Chest & Biceps🃏",51m,"Single Arm Preacher Curl (Machine)",Rest Timer,0,0.0,0,180.0,,,
2025-06-01 13:19:05,"Chest & Biceps🃏",51m,"Single Arm Preacher Curl (Machine)",F,50.0,10.0,0,0.0,,,10
2025-06-01 13:19:05,"Chest & Biceps🃏",51m,"Single Arm Preacher Curl (Machine)",Rest Timer,0,0.0,0,0.0,,,
2025-06-02 18:11:47,"Back & Triceps✝️",48m,"Lat Pulldown (Cable)",W,100.0,8.0,0,0.0,"2x6-8(F), 4 mins","Back Width: 1\nBack Thickness: 2\nTriceps: 2",
2025-06-02 18:11:47,"Back & Triceps✝️",48m,"Lat Pulldown (Cable)",Rest Timer,0,0.0,0,180.0,,,
2025-06-02 18:11:47,"Back & Triceps✝️",48m,"Lat Pulldown (Cable)",F,150.0,5.0,0,0.0,,,10
2025-06-02 18:11:47,"Back & Triceps✝️",48m,"Lat Pulldown (Cable)",Rest Timer,0,0.0,0,240.0,,,
2025-06-02 18:11:47,"Back & Triceps✝️",48m,"Lat Pulldown (Cable)",F,120.0,9.0,0,0.0,,,10
2025-06-02 18:11:47,"Back & Triceps✝️",48m,"Lat Pulldown (Cable)",Rest Timer,0,0.0,0,0.0,,,
2025-06-02 18:11:47,"Back & Triceps✝️",48m,"Single Arm Tricep Extension (Machine)",W,20.0,10.0,0,0.0,"2x6-8(F), 3 mins",,
2025-06-02 18:11:47,"Back & Triceps✝️",48m,"Single Arm Tricep Extension (Machine)",Rest Timer,0,0.0,0,120.0,,,
2025-06-02 18:11:47,"Back & Triceps✝️",48m,"Single Arm Tricep Extension (Machine)",F,50.0,9.0,0,0.0,,,10
2025-06-02 18:11:47,"Back & Triceps✝️",48m,"Single Arm Tricep Extension (Machine)",Rest Timer,0,0.0,0,180.0,,,
2025-06-02 18:11:47,"Back & Triceps✝️",48m,"Single Arm Tricep Extension (Machine)",F,52.5,5.0,0,0.0,,,10
2025-06-02 18:11:47,"Back & Triceps✝️",48m,"Single Arm Tricep Extension (Machine)",Rest Timer,0,0.0,0,0.0,,,
2025-06-02 18:11:47,"Back & Triceps✝️",48m,"Row (Smith Machine)",W,20.0,10.0,0,0.0,"2x6-8(F), 4 mins",,
2025-06-02 18:11:47,"Back & Triceps✝️",48m,"Row (Smith Machine)",Rest Timer,0,0.0,0,120.0,,,
2025-06-02 18:11:47,"Back & Triceps✝️",48m,"Row (Smith Machine)",F,120.0,7.0,0,0.0,,,10
2025-06-02 18:11:47,"Back & Triceps✝️",48m,"Row (Smith Machine)",Rest Timer,0,0.0,0,240.0,,,
2025-06-02 18:11:47,"Back & Triceps✝️",48m,"Row (Smith Machine)",F,110.0,8.0,0,0.0,,,10
2025-06-02 18:11:47,"Back & Triceps✝️",48m,"Row (Smith Machine)",Rest Timer,0,0.0,0,0.0,,,
2025-06-03 19:40:37,"Legs 🐓 ",48m,"Walking (Treadmill)",W,0,0.0,0,300.0,"Incline: 3, Speed: .5-1, Backwards","Quads: 2\nHamstring: 1\nCalves: 1",
2025-06-03 19:40:37,"Legs 🐓 ",48m,"Seated Single-Leg Curl (Machine)",W,25.0,10.0,0,0.0,"",,
2025-06-03 19:40:37,"Legs 🐓 ",48m,"Seated Single-Leg Curl (Machine)",F,70.0,5.0,0,0.0,,,10
2025-06-03 19:40:37,"Legs 🐓 ",48m,"Seated Single-Leg Curl (Machine)",Rest Timer,0,0.0,0,180.0,,,
2025-06-03 19:40:37,"Legs 🐓 ",48m,"Seated Single-Leg Curl (Machine)",F,55.0,9.0,0,0.0,,,10
2025-06-03 19:40:37,"Legs 🐓 ",48m,"Seated Single-Leg Curl (Machine)",Rest Timer,0,0.0,0,0.0,,,
2025-06-03 19:40:37,"Legs 🐓 ",48m,"Bulgarian Split Squat",F,75.0,9.0,0,0.0,"",,10
2025-06-03 19:40:37,"Legs 🐓 ",48m,"Bulgarian Split Squat",Rest Timer,0,0.0,0,240.0,,,
2025-06-03 19:40:37,"Legs 🐓 ",48m,"Calf Press on Seated Leg Press",F,205.0,10.0,0,0.0,"2x8-10(F), 3 mins",,9
2025-06-03 19:40:37,"Legs 🐓 ",48m,"Calf Press on Seated Leg Press",Rest Timer,0,0.0,0,180.0,,,
2025-06-03 19:40:37,"Legs 🐓 ",48m,"Calf Press on Seated Leg Press",F,250.0,9.0,0,0.0,,,10
2025-06-03 19:40:37,"Legs 🐓 ",48m,"Calf Press on Seated Leg Press",Rest Timer,0,0.0,0,180.0,,,
2025-06-03 19:40:37,"Legs 🐓 ",48m,"Leg Extension (Machine)",F,220.0,7.0,0,0.0,"2x6-8(F), 3 mins",,10
2025-06-03 19:40:37,"Legs 🐓 ",48m,"Leg Extension (Machine)",Rest Timer,0,0.0,0,180.0,,,
2025-06-03 19:40:37,"Legs 🐓 ",48m,"Leg Extension (Machine)",F,205.0,7.0,0,0.0,,,10
2025-06-03 19:40:37,"Legs 🐓 ",48m,"Leg Extension (Machine)",Rest Timer,0,0.0,0,180.0,,,
2025-06-04 18:58:58,"Shoulders🪨",47m,"Leg Raise (Captain’s Chair)",F,0,17.0,0,0.0,"3xFailure, 3 mins","Shoulders: 3\nCore: 1",10
2025-06-04 18:58:58,"Shoulders🪨",47m,"Leg Raise (Captain’s Chair)",Rest Timer,0,0.0,0,180.0,,,
2025-06-04 18:58:58,"Shoulders🪨",47m,"Leg Raise (Captain’s Chair)",F,0,11.0,0,0.0,,,10
2025-06-04 18:58:58,"Shoulders🪨",47m,"Leg Raise (Captain’s Chair)",Rest Timer,0,0.0,0,180.0,,,
2025-06-04 18:58:58,"Shoulders🪨",47m,"Leg Raise (Captain’s Chair)",F,0,11.0,0,0.0,,,10
2025-06-04 18:58:58,"Shoulders🪨",47m,"Leg Raise (Captain’s Chair)",Rest Timer,0,0.0,0,0.0,,,
2025-06-04 18:58:58,"Shoulders🪨",47m,"Seated Shoulder Press (Smith Machine)",W,20.0,10.0,0,0.0,"2x6-8(F), 3 mins",,
2025-06-04 18:58:58,"Shoulders🪨",47m,"Seated Shoulder Press (Smith Machine)",Rest Timer,0,0.0,0,180.0,,,
2025-06-04 18:58:58,"Shoulders🪨",47m,"Seated Shoulder Press (Smith Machine)",W,70.0,8.0,0,0.0,,,
2025-06-04 18:58:58,"Shoulders🪨",47m,"Seated Shoulder Press (Smith Machine)",Rest Timer,0,0.0,0,180.0,,,
2025-06-04 18:58:58,"Shoulders🪨",47m,"Seated Shoulder Press (Smith Machine)",F,130.0,9.0,0,0.0,,,10
2025-06-04 18:58:58,"Shoulders🪨",47m,"Seated Shoulder Press (Smith Machine)",Rest Timer,0,0.0,0,240.0,,,
2025-06-04 18:58:58,"Shoulders🪨",47m,"Seated Shoulder Press (Smith Machine)",F,140.0,4.0,0,0.0,,,10
2025-06-04 18:58:58,"Shoulders🪨",47m,"Seated Shoulder Press (Smith Machine)",Rest Timer,0,0.0,0,240.0,,,
2025-06-04 18:58:58,"Shoulders🪨",47m,"Lateral Raise (Cable)",F,17.5,8.0,0,0.0,"2x8-10(F), 3 mins",,10
2025-06-04 18:58:58,"Shoulders🪨",47m,"Lateral Raise (Cable)",Rest Timer,0,0.0,0,180.0,,,
2025-06-04 18:58:58,"Shoulders🪨",47m,"Lateral Raise (Cable)",F,12.5,11.0,0,0.0,,,10
2025-06-04 18:58:58,"Shoulders🪨",47m,"Lateral Raise (Cable)",Rest Timer,0,0.0,0,180.0,,,
2025-06-04 18:58:58,"Shoulders🪨",47m,"Rear Delt Fly (Cable)",F,22.5,9.0,0,0.0,"2x8-10(F), 3 mins",,10
2025-06-04 18:58:58,"Shoulders🪨",47m,"Rear Delt Fly (Cable)",Rest Timer,0,0.0,0,180.0,,,
2025-06-04 18:58:58,"Shoulders🪨",47m,"Rear Delt Fly (Cable)",F,15.0,13.0,0,0.0,,,10
2025-06-04 18:58:58,"Shoulders🪨",47m,"Rear Delt Fly (Cable)",Rest Timer,0,0.0,0,0.0,,,
2025-06-06 17:44:08,"Chest & Biceps🃏",47m,"Incline Bench Press (Smith Machine)",W,20.0,10.0,0,0.0,"2x6-8(F), 4 mins","Chest: 2\nBiceps: 2",
2025-06-06 17:44:08,"Chest & Biceps🃏",47m,"Incline Bench Press (Smith Machine)",Rest Timer,0,0.0,0,180.0,,,
2025-06-06 17:44:08,"Chest & Biceps🃏",47m,"Incline Bench Press (Smith Machine)",W,70.0,8.0,0,0.0,,,
2025-06-06 17:44:08,"Chest & Biceps🃏",47m,"Incline Bench Press (Smith Machine)",Rest Timer,0,0.0,0,180.0,,,
2025-06-06 17:44:08,"Chest & Biceps🃏",47m,"Incline Bench Press (Smith Machine)",W,110.0,5.0,0,0.0,,,
2025-06-06 17:44:08,"Chest & Biceps🃏",47m,"Incline Bench Press (Smith Machine)",Rest Timer,0,0.0,0,180.0,,,
2025-06-06 17:44:08,"Chest & Biceps🃏",47m,"Incline Bench Press (Smith Machine)",F,170.0,6.0,0,0.0,,,10
2025-06-06 17:44:08,"Chest & Biceps🃏",47m,"Incline Bench Press (Smith Machine)",Rest Timer,0,0.0,0,240.0,,,
2025-06-06 17:44:08,"Chest & Biceps🃏",47m,"Incline Bench Press (Smith Machine)",F,150.0,7.0,0,0.0,,,10
2025-06-06 17:44:08,"Chest & Biceps🃏",47m,"Incline Bench Press (Smith Machine)",Rest Timer,0,0.0,0,0.0,,,
2025-06-06 17:44:08,"Chest & Biceps🃏",47m,"Bayesian Bicep Curl (Cable)",W,5.0,8.0,0,0.0,"2x6-8(F), 3 mins",,
2025-06-06 17:44:08,"Chest & Biceps🃏",47m,"Bayesian Bicep Curl (Cable)",Rest Timer,0,0.0,0,120.0,,,
2025-06-06 17:44:08,"Chest & Biceps🃏",47m,"Bayesian Bicep Curl (Cable)",F,30.0,7.0,0,0.0,,,10
2025-06-06 17:44:08,"Chest & Biceps🃏",47m,"Bayesian Bicep Curl (Cable)",Rest Timer,0,0.0,0,180.0,,,
2025-06-06 17:44:08,"Chest & Biceps🃏",47m,"Bayesian Bicep Curl (Cable)",F,20.0,7.0,0,0.0,,,9
2025-06-06 17:44:08,"Chest & Biceps🃏",47m,"Bayesian Bicep Curl (Cable)",Rest Timer,0,0.0,0,0.0,,,
2025-06-06 17:44:08,"Chest & Biceps🃏",47m,"Arsenal Strength Chest Fly (Machine)",F,220.0,10.0,0,0.0,"2x8-10(F), 3 mins",,10
2025-06-06 17:44:08,"Chest & Biceps🃏",47m,"Arsenal Strength Chest Fly (Machine)",Rest Timer,0,0.0,0,180.0,,,
2025-06-06 17:44:08,"Chest & Biceps🃏",47m,"Single Arm Preacher Curl (Machine)",F,65.0,7.0,0,0.0,"2x6-8(F), 3 mins",,10
2025-06-06 17:44:08,"Chest & Biceps🃏",47m,"Single Arm Preacher Curl (Machine)",Rest Timer,0,0.0,0,180.0,,,
2025-06-06 17:44:08,"Chest & Biceps🃏",47m,"Single Arm Preacher Curl (Machine)",F,50.0,10.0,0,0.0,,,10
2025-06-06 17:44:08,"Chest & Biceps🃏",47m,"Single Arm Preacher Curl (Machine)",Rest Timer,0,0.0,0,0.0,,,
2025-06-08 14:36:49,"Back & Triceps✝️",55m,"Lat Pulldown (Cable)",W,100.0,8.0,0,0.0,"2x6-8(F), 4 mins","Back Width: 1\nBack Thickness: 2\nTriceps: 2",
2025-06-08 14:36:49,"Back & Triceps✝️",55m,"Lat Pulldown (Cable)",Rest Timer,0,0.0,0,180.0,,,
2025-06-08 14:36:49,"Back & Triceps✝️",55m,"Lat Pulldown (Cable)",F,150.0,6.0,0,0.0,,,10
2025-06-08 14:36:49,"Back & Triceps✝️",55m,"Lat Pulldown (Cable)",Rest Timer,0,0.0,0,240.0,,,
2025-06-08 14:36:49,"Back & Triceps✝️",55m,"Lat Pulldown (Cable)",F,120.0,10.0,0,0.0,,,10
2025-06-08 14:36:49,"Back & Triceps✝️",55m,"Lat Pulldown (Cable)",Rest Timer,0,0.0,0,0.0,,,
2025-06-08 14:36:49,"Back & Triceps✝️",55m,"Single Arm Tricep Extension (Machine)",W,20.0,10.0,0,0.0,"2x6-8(F), 3 mins",,
2025-06-08 14:36:49,"Back & Triceps✝️",55m,"Single Arm Tricep Extension (Machine)",Rest Timer,0,0.0,0,120.0,,,
2025-06-08 14:36:49,"Back & Triceps✝️",55m,"Single Arm Tricep Extension (Machine)",F,52.5,6.0,0,0.0,,,10
2025-06-08 14:36:49,"Back & Triceps✝️",55m,"Single Arm Tricep Extension (Machine)",Rest Timer,0,0.0,0,180.0,,,
2025-06-08 14:36:49,"Back & Triceps✝️",55m,"Single Arm Tricep Extension (Machine)",F,40.0,7.0,0,0.0,,,10
2025-06-08 14:36:49,"Back & Triceps✝️",55m,"Single Arm Tricep Extension (Machine)",Rest Timer,0,0.0,0,0.0,,,
2025-06-08 14:36:49,"Back & Triceps✝️",55m,"Seated Row (Machine)",W,70.0,8.0,0,0.0,"2x6-8(F), 4 mins",,
2025-06-08 14:36:49,"Back & Triceps✝️",55m,"Seated Row (Machine)",Rest Timer,0,0.0,0,180.0,,,
2025-06-08 14:36:49,"Back & Triceps✝️",55m,"Seated Row (Machine)",F,145.0,4.0,0,0.0,,,10
2025-06-08 14:36:49,"Back & Triceps✝️",55m,"Seated Row (Machine)",Rest Timer,0,0.0,0,240.0,,,
2025-06-08 14:36:49,"Back & Triceps✝️",55m,"Seated Row (Machine)",F,130.0,5.0,0,0.0,,,10
2025-06-08 14:36:49,"Back & Triceps✝️",55m,"Seated Row (Machine)",Rest Timer,0,0.0,0,0.0,,,
2025-06-08 14:36:49,"Back & Triceps✝️",55m,"Jm Press (Machine)",F,100.0,8.0,0,0.0,"2x6-8(F), 3 mins",,10
2025-06-08 14:36:49,"Back & Triceps✝️",55m,"Jm Press (Machine)",Rest Timer,0,0.0,0,180.0,,,
2025-06-08 14:36:49,"Back & Triceps✝️",55m,"Jm Press (Machine)",F,105.0,8.0,0,0.0,,,10
2025-06-08 14:36:49,"Back & Triceps✝️",55m,"Jm Press (Machine)",Rest Timer,0,0.0,0,0.0,,,
2025-06-08 14:36:49,"Back & Triceps✝️",55m,"Shrug (Smith Machine)",F,200.0,11.0,0,0.0,"2x6-8(F), 3 mins",,10
2025-06-08 14:36:49,"Back & Triceps✝️",55m,"Shrug (Smith Machine)",Rest Timer,0,0.0,0,180.0,,,
2025-06-08 14:36:49,"Back & Triceps✝️",55m,"Shrug (Smith Machine)",F,220.0,5.0,0,0.0,,,10
2025-06-08 14:36:49,"Back & Triceps✝️",55m,"Shrug (Smith Machine)",Rest Timer,0,0.0,0,0.0,,,
2025-06-09 19:11:42,"Legs 🐓 ",49m,"Walking (Treadmill)",W,0,0.0,0,300.0,"Incline: 3, Speed: .5-1, Backwards","Quads: 2\nHamstring: 1\nCalves: 1",
2025-06-09 19:11:42,"Legs 🐓 ",49m,"Seated Single-Leg Curl (Machine)",W,25.0,10.0,0,0.0,"2x8-10(F), 3 mins",,
2025-06-09 19:11:42,"Legs 🐓 ",49m,"Seated Single-Leg Curl (Machine)",Rest Timer,0,0.0,0,120.0,,,
2025-06-09 19:11:42,"Legs 🐓 ",49m,"Seated Single-Leg Curl (Machine)",F,65.0,8.0,0,0.0,,,10
2025-06-09 19:11:42,"Legs 🐓 ",49m,"Seated Single-Leg Curl (Machine)",Rest Timer,0,0.0,0,180.0,,,
2025-06-09 19:11:42,"Legs 🐓 ",49m,"Single-leg Leg Press",W,118.0,8.0,0,0.0,"2x6-8(F), 4 mins",,
2025-06-09 19:11:42,"Legs 🐓 ",49m,"Single-leg Leg Press",Rest Timer,0,0.0,0,180.0,,,
2025-06-09 19:11:42,"Legs 🐓 ",49m,"Single-leg Leg Press",F,168.0,9.0,0,0.0,,,10
2025-06-09 19:11:42,"Legs 🐓 ",49m,"Single-leg Leg Press",Rest Timer,0,0.0,0,240.0,,,
2025-06-09 19:11:42,"Legs 🐓 ",49m,"Single-leg Leg Press",F,188.0,9.0,0,0.0,,,10
2025-06-09 19:11:42,"Legs 🐓 ",49m,"Single-leg Leg Press",Rest Timer,0,0.0,0,240.0,,,
2025-06-09 19:11:42,"Legs 🐓 ",49m,"Calf Press on Seated Leg Press",F,255.0,9.0,0,0.0,"2x8-10(F), 3 mins",,10
2025-06-09 19:11:42,"Legs 🐓 ",49m,"Calf Press on Seated Leg Press",Rest Timer,0,0.0,0,180.0,,,
2025-06-09 19:11:42,"Legs 🐓 ",49m,"Calf Press on Seated Leg Press",F,255.0,12.0,0,0.0,,,10
2025-06-09 19:11:42,"Legs 🐓 ",49m,"Calf Press on Seated Leg Press",Rest Timer,0,0.0,0,180.0,,,
2025-06-09 19:11:42,"Legs 🐓 ",49m,"Leg Extension (Machine)",F,220.0,8.0,0,0.0,"2x6-8(F), 3 mins",,10
2025-06-09 19:11:42,"Legs 🐓 ",49m,"Leg Extension (Machine)",Rest Timer,0,0.0,0,180.0,,,
2025-06-09 19:11:42,"Legs 🐓 ",49m,"Leg Extension (Machine)",F,225.0,5.0,0,0.0,,,10
2025-06-09 19:11:42,"Legs 🐓 ",49m,"Leg Extension (Machine)",Rest Timer,0,0.0,0,180.0,,,
2025-06-10 19:06:59,"Shoulders🪨",25m,"Leg Raise (Captain’s Chair)",F,0,16.0,0,0.0,"3xFailure, 3 mins","Shoulders: 3\nCore: 1",10
2025-06-10 19:06:59,"Shoulders🪨",25m,"Leg Raise (Captain’s Chair)",Rest Timer,0,0.0,0,180.0,,,
2025-06-10 19:06:59,"Shoulders🪨",25m,"Leg Raise (Captain’s Chair)",F,0,14.0,0,0.0,,,10
2025-06-10 19:06:59,"Shoulders🪨",25m,"Leg Raise (Captain’s Chair)",Rest Timer,0,0.0,0,180.0,,,
2025-06-10 19:06:59,"Shoulders🪨",25m,"Leg Raise (Captain’s Chair)",F,0,10.0,0,0.0,,,10
2025-06-10 19:06:59,"Shoulders🪨",25m,"Leg Raise (Captain’s Chair)",Rest Timer,0,0.0,0,0.0,,,
2025-06-10 19:06:59,"Shoulders🪨",25m,"Lateral Raise (Cable)",F,17.5,9.0,0,0.0,"2x8-10(F), 3 mins",,10
2025-06-10 19:06:59,"Shoulders🪨",25m,"Lateral Raise (Cable)",Rest Timer,0,0.0,0,180.0,,,
2025-06-10 19:06:59,"Shoulders🪨",25m,"Lateral Raise (Cable)",F,12.5,13.0,0,0.0,,,10
2025-06-10 19:06:59,"Shoulders🪨",25m,"Lateral Raise (Cable)",Rest Timer,0,0.0,0,180.0,,,
2025-06-12 19:42:48,"Chest & Biceps🃏",57m,"Incline Bench Press (Smith Machine)",W,20.0,10.0,0,0.0,"2x6-8(F), 4 mins","Chest: 2\nBiceps: 2",
2025-06-12 19:42:48,"Chest & Biceps🃏",57m,"Incline Bench Press (Smith Machine)",Rest Timer,0,0.0,0,180.0,,,
2025-06-12 19:42:48,"Chest & Biceps🃏",57m,"Incline Bench Press (Smith Machine)",W,70.0,8.0,0,0.0,,,
2025-06-12 19:42:48,"Chest & Biceps🃏",57m,"Incline Bench Press (Smith Machine)",Rest Timer,0,0.0,0,180.0,,,
2025-06-12 19:42:48,"Chest & Biceps🃏",57m,"Incline Bench Press (Smith Machine)",W,110.0,5.0,0,0.0,,,
2025-06-12 19:42:48,"Chest & Biceps🃏",57m,"Incline Bench Press (Smith Machine)",Rest Timer,0,0.0,0,180.0,,,
2025-06-12 19:42:48,"Chest & Biceps🃏",57m,"Incline Bench Press (Smith Machine)",F,170.0,6.0,0,0.0,,,10
2025-06-12 19:42:48,"Chest & Biceps🃏",57m,"Incline Bench Press (Smith Machine)",Rest Timer,0,0.0,0,240.0,,,
2025-06-12 19:42:48,"Chest & Biceps🃏",57m,"Incline Bench Press (Smith Machine)",F,150.0,7.0,0,0.0,,,10
2025-06-12 19:42:48,"Chest & Biceps🃏",57m,"Incline Bench Press (Smith Machine)",Rest Timer,0,0.0,0,0.0,,,
2025-06-12 19:42:48,"Chest & Biceps🃏",57m,"Bayesian Bicep Curl (Cable)",W,5.0,8.0,0,0.0,"2x6-8(F), 3 mins",,
2025-06-12 19:42:48,"Chest & Biceps🃏",57m,"Bayesian Bicep Curl (Cable)",Rest Timer,0,0.0,0,120.0,,,
2025-06-12 19:42:48,"Chest & Biceps🃏",57m,"Bayesian Bicep Curl (Cable)",F,30.0,8.0,0,0.0,,,10
2025-06-12 19:42:48,"Chest & Biceps🃏",57m,"Bayesian Bicep Curl (Cable)",Rest Timer,0,0.0,0,180.0,,,
2025-06-12 19:42:48,"Chest & Biceps🃏",57m,"Bayesian Bicep Curl (Cable)",F,32.5,5.0,0,0.0,,,10
2025-06-12 19:42:48,"Chest & Biceps🃏",57m,"Bayesian Bicep Curl (Cable)",Rest Timer,0,0.0,0,0.0,,,
2025-06-12 19:42:48,"Chest & Biceps🃏",57m,"Cable Crossover",F,32.5,12.0,0,0.0,"2x8-10(F), 3 mins",,10
2025-06-12 19:42:48,"Chest & Biceps🃏",57m,"Cable Crossover",Rest Timer,0,0.0,0,180.0,,,
2025-06-12 19:42:48,"Chest & Biceps🃏",57m,"Cable Crossover",F,45.0,8.0,0,0.0,,,10
2025-06-12 19:42:48,"Chest & Biceps🃏",57m,"Cable Crossover",Rest Timer,0,0.0,0,180.0,,,
2025-06-12 19:42:48,"Chest & Biceps🃏",57m,"Single Arm Preacher Curl (Machine)",F,65.0,5.0,0,0.0,"2x6-8(F), 3 mins",,10
2025-06-12 19:42:48,"Chest & Biceps🃏",57m,"Single Arm Preacher Curl (Machine)",Rest Timer,0,0.0,0,180.0,,,
2025-06-12 19:42:48,"Chest & Biceps🃏",57m,"Single Arm Preacher Curl (Machine)",F,50.0,10.0,0,0.0,,,10
2025-06-12 19:42:48,"Chest & Biceps🃏",57m,"Single Arm Preacher Curl (Machine)",Rest Timer,0,0.0,0,0.0,,,
2025-06-13 20:07:30,"Back & Triceps✝️",48m,"Lat Pulldown (Cable)",W,100.0,8.0,0,0.0,"2x6-8(F), 4 mins","Back Width: 1\nBack Thickness: 2\nTriceps: 2",
2025-06-13 20:07:30,"Back & Triceps✝️",48m,"Lat Pulldown (Cable)",Rest Timer,0,0.0,0,180.0,,,
2025-06-13 20:07:30,"Back & Triceps✝️",48m,"Lat Pulldown (Cable)",F,150.0,7.0,0,0.0,,,10
2025-06-13 20:07:30,"Back & Triceps✝️",48m,"Lat Pulldown (Cable)",Rest Timer,0,0.0,0,240.0,,,
2025-06-13 20:07:30,"Back & Triceps✝️",48m,"Lat Pulldown (Cable)",F,120.0,9.0,0,0.0,,,10
2025-06-13 20:07:30,"Back & Triceps✝️",48m,"Lat Pulldown (Cable)",Rest Timer,0,0.0,0,0.0,,,
2025-06-13 20:07:30,"Back & Triceps✝️",48m,"Single Arm Tricep Extension (Machine)",W,20.0,10.0,0,0.0,"2x6-8(F), 3 mins",,
2025-06-13 20:07:30,"Back & Triceps✝️",48m,"Single Arm Tricep Extension (Machine)",Rest Timer,0,0.0,0,120.0,,,
2025-06-13 20:07:30,"Back & Triceps✝️",48m,"Single Arm Tricep Extension (Machine)",F,52.5,7.0,0,0.0,,,10
2025-06-13 20:07:30,"Back & Triceps✝️",48m,"Single Arm Tricep Extension (Machine)",Rest Timer,0,0.0,0,180.0,,,
2025-06-13 20:07:30,"Back & Triceps✝️",48m,"Single Arm Tricep Extension (Machine)",F,40.0,8.0,0,0.0,,,10
2025-06-13 20:07:30,"Back & Triceps✝️",48m,"Single Arm Tricep Extension (Machine)",Rest Timer,0,0.0,0,0.0,,,
2025-06-13 20:07:30,"Back & Triceps✝️",48m,"Seated Row (Machine)",W,70.0,8.0,0,0.0,"2x6-8(F), 4 mins",,
2025-06-13 20:07:30,"Back & Triceps✝️",48m,"Seated Row (Machine)",Rest Timer,0,0.0,0,180.0,,,
2025-06-13 20:07:30,"Back & Triceps✝️",48m,"Seated Row (Machine)",F,130.0,6.0,0,0.0,,,9
2025-06-13 20:07:30,"Back & Triceps✝️",48m,"Seated Row (Machine)",Rest Timer,0,0.0,0,240.0,,,
2025-06-13 20:07:30,"Back & Triceps✝️",48m,"Jm Press (Machine)",F,110.0,9.0,0,0.0,"2x6-8(F), 3 mins",,10
2025-06-13 20:07:30,"Back & Triceps✝️",48m,"Jm Press (Machine)",Rest Timer,0,0.0,0,180.0,,,
2025-06-13 20:07:30,"Back & Triceps✝️",48m,"Jm Press (Machine)",F,115.0,6.0,0,0.0,,,10
2025-06-13 20:07:30,"Back & Triceps✝️",48m,"Jm Press (Machine)",Rest Timer,0,0.0,0,0.0,,,
2025-06-13 20:07:30,"Back & Triceps✝️",48m,"Shrug (Smith Machine)",F,220.0,6.0,0,0.0,"2x6-8(F), 3 mins",,10
2025-06-13 20:07:30,"Back & Triceps✝️",48m,"Shrug (Smith Machine)",Rest Timer,0,0.0,0,180.0,,,
2025-06-14 15:06:09,"Legs 🐓 ",1h 7m,"Walking (Treadmill)",W,0,0.0,0,300.0,"Incline: 3, Speed: .5-1, Backwards","Quads: 2\nHamstring: 1\nCalves: 1",
2025-06-14 15:06:09,"Legs 🐓 ",1h 7m,"Single-Leg Leg Curl",W,30.0,10.0,0,0.0,"2x8-10(F), 3 mins",,
2025-06-14 15:06:09,"Legs 🐓 ",1h 7m,"Single-Leg Leg Curl",Rest Timer,0,0.0,0,120.0,,,
2025-06-14 15:06:09,"Legs 🐓 ",1h 7m,"Single-Leg Leg Curl",F,90.0,9.0,0,0.0,,,10
2025-06-14 15:06:09,"Legs 🐓 ",1h 7m,"Single-Leg Leg Curl",Rest Timer,0,0.0,0,180.0,,,
2025-06-14 15:06:09,"Legs 🐓 ",1h 7m,"Single-Leg Leg Curl",F,80.0,9.0,0,0.0,,,10
2025-06-14 15:06:09,"Legs 🐓 ",1h 7m,"Single-Leg Leg Curl",Rest Timer,0,0.0,0,0.0,,,
2025-06-14 15:06:09,"Legs 🐓 ",1h 7m,"Hack Squat",W,90.0,10.0,0,0.0,"2x6-8(F), 4 mins",,
2025-06-14 15:06:09,"Legs 🐓 ",1h 7m,"Hack Squat",Rest Timer,0,0.0,0,180.0,,,
2025-06-14 15:06:09,"Legs 🐓 ",1h 7m,"Hack Squat",W,180.0,8.0,0,0.0,,,
2025-06-14 15:06:09,"Legs 🐓 ",1h 7m,"Hack Squat",Rest Timer,0,0.0,0,180.0,,,
2025-06-14 15:06:09,"Legs 🐓 ",1h 7m,"Hack Squat",F,320.0,11.0,0,0.0,,,10
2025-06-14 15:06:09,"Legs 🐓 ",1h 7m,"Hack Squat",Rest Timer,0,0.0,0,240.0,,,
2025-06-14 15:06:09,"Legs 🐓 ",1h 7m,"Hack Squat",F,360.0,5.0,0,0.0,,,10
2025-06-14 15:06:09,"Legs 🐓 ",1h 7m,"Hack Squat",Rest Timer,0,0.0,0,0.0,,,
2025-06-14 15:06:09,"Legs 🐓 ",1h 7m,"Standing Calf Raise (Machine)",F,250.0,10.0,0,0.0,"2x8-10(F), 3 mins",,10
2025-06-14 15:06:09,"Legs 🐓 ",1h 7m,"Standing Calf Raise (Machine)",Rest Timer,0,0.0,0,180.0,,,
2025-06-14 15:06:09,"Legs 🐓 ",1h 7m,"Standing Calf Raise (Machine)",F,255.0,12.0,0,0.0,,,10
2025-06-14 15:06:09,"Legs 🐓 ",1h 7m,"Standing Calf Raise (Machine)",Rest Timer,0,0.0,0,0.0,,,
2025-06-14 15:06:09,"Legs 🐓 ",1h 7m,"Leg Extension (Machine)",F,225.0,6.0,0,0.0,"2x6-8(F), 3 mins",,10
2025-06-14 15:06:09,"Legs 🐓 ",1h 7m,"Leg Extension (Machine)",Rest Timer,0,0.0,0,180.0,,,
2025-06-14 15:06:09,"Legs 🐓 ",1h 7m,"Leg Extension (Machine)",F,200.0,8.0,0,0.0,,,10
2025-06-14 15:06:09,"Legs 🐓 ",1h 7m,"Leg Extension (Machine)",Rest Timer,0,0.0,0,180.0,,,
2025-06-15 17:01:57,"Shoulders🪨",50m,"Leg Raise (Captain’s Chair)",F,0,17.0,0,0.0,"3xFailure, 3 mins","Shoulders: 3\nCore: 1",10
2025-06-15 17:01:57,"Shoulders🪨",50m,"Leg Raise (Captain’s Chair)",Rest Timer,0,0.0,0,180.0,,,
2025-06-15 17:01:57,"Shoulders🪨",50m,"Leg Raise (Captain’s Chair)",F,0,13.0,0,0.0,,,10
2025-06-15 17:01:57,"Shoulders🪨",50m,"Leg Raise (Captain’s Chair)",Rest Timer,0,0.0,0,180.0,,,
2025-06-15 17:01:57,"Shoulders🪨",50m,"Leg Raise (Captain’s Chair)",F,0,11.0,0,0.0,,,10
2025-06-15 17:01:57,"Shoulders🪨",50m,"Leg Raise (Captain’s Chair)",Rest Timer,0,0.0,0,0.0,,,
2025-06-15 17:01:57,"Shoulders🪨",50m,"Seated Shoulder Press (Smith Machine)",W,20.0,10.0,0,0.0,"2x6-8(F), 3 mins",,
2025-06-15 17:01:57,"Shoulders🪨",50m,"Seated Shoulder Press (Smith Machine)",Rest Timer,0,0.0,0,180.0,,,
2025-06-15 17:01:57,"Shoulders🪨",50m,"Seated Shoulder Press (Smith Machine)",W,70.0,8.0,0,0.0,,,
2025-06-15 17:01:57,"Shoulders🪨",50m,"Seated Shoulder Press (Smith Machine)",Rest Timer,0,0.0,0,180.0,,,
2025-06-15 17:01:57,"Shoulders🪨",50m,"Seated Shoulder Press (Smith Machine)",F,140.0,5.0,0,0.0,,,10
2025-06-15 17:01:57,"Shoulders🪨",50m,"Seated Shoulder Press (Smith Machine)",Rest Timer,0,0.0,0,240.0,,,
2025-06-15 17:01:57,"Shoulders🪨",50m,"Seated Shoulder Press (Smith Machine)",F,120.0,7.0,0,0.0,,,
2025-06-15 17:01:57,"Shoulders🪨",50m,"Seated Shoulder Press (Smith Machine)",Rest Timer,0,0.0,0,240.0,,,
2025-06-15 17:01:57,"Shoulders🪨",50m,"Lateral Raise (Cable)",F,17.5,11.0,0,0.0,"2x8-10(F), 3 mins",,10
2025-06-15 17:01:57,"Shoulders🪨",50m,"Lateral Raise (Cable)",Rest Timer,0,0.0,0,180.0,,,
2025-06-15 17:01:57,"Shoulders🪨",50m,"Lateral Raise (Cable)",F,20.0,6.0,0,0.0,,,10
2025-06-15 17:01:57,"Shoulders🪨",50m,"Lateral Raise (Cable)",Rest Timer,0,0.0,0,180.0,,,
2025-06-15 17:01:57,"Shoulders🪨",50m,"Rear Delt Fly (Cable)",F,22.5,11.0,0,0.0,"2x8-10(F), 3 mins",,10
2025-06-15 17:01:57,"Shoulders🪨",50m,"Rear Delt Fly (Cable)",Rest Timer,0,0.0,0,180.0,,,
2025-06-15 17:01:57,"Shoulders🪨",50m,"Rear Delt Fly (Cable)",F,25.0,2.0,0,0.0,,,10
2025-06-15 17:01:57,"Shoulders🪨",50m,"Rear Delt Fly (Cable)",Rest Timer,0,0.0,0,0.0,,,
2025-06-17 19:13:23,"Chest & Biceps🃏",48m,"Incline Bench Press (Smith Machine)",W,20.0,10.0,0,0.0,"2x6-8(F), 4 mins","Chest: 2\nBiceps: 2",
2025-06-17 19:13:23,"Chest & Biceps🃏",48m,"Incline Bench Press (Smith Machine)",Rest Timer,0,0.0,0,180.0,,,
2025-06-17 19:13:23,"Chest & Biceps🃏",48m,"Incline Bench Press (Smith Machine)",W,70.0,8.0,0,0.0,,,
2025-06-17 19:13:23,"Chest & Biceps🃏",48m,"Incline Bench Press (Smith Machine)",Rest Timer,0,0.0,0,180.0,,,
2025-06-17 19:13:23,"Chest & Biceps🃏",48m,"Incline Bench Press (Smith Machine)",W,110.0,5.0,0,0.0,,,
2025-06-17 19:13:23,"Chest & Biceps🃏",48m,"Incline Bench Press (Smith Machine)",Rest Timer,0,0.0,0,180.0,,,
2025-06-17 19:13:23,"Chest & Biceps🃏",48m,"Incline Bench Press (Smith Machine)",F,170.0,7.0,0,0.0,,,10
2025-06-17 19:13:23,"Chest & Biceps🃏",48m,"Incline Bench Press (Smith Machine)",Rest Timer,0,0.0,0,240.0,,,
2025-06-17 19:13:23,"Chest & Biceps🃏",48m,"Incline Bench Press (Smith Machine)",F,150.0,7.0,0,0.0,,,10
2025-06-17 19:13:23,"Chest & Biceps🃏",48m,"Incline Bench Press (Smith Machine)",Rest Timer,0,0.0,0,0.0,,,
2025-06-17 19:13:23,"Chest & Biceps🃏",48m,"Bayesian Bicep Curl (Cable)",W,5.0,8.0,0,0.0,"2x6-8(F), 3 mins",,
2025-06-17 19:13:23,"Chest & Biceps🃏",48m,"Bayesian Bicep Curl (Cable)",Rest Timer,0,0.0,0,120.0,,,
2025-06-17 19:13:23,"Chest & Biceps🃏",48m,"Bayesian Bicep Curl (Cable)",F,32.5,8.0,0,0.0,,,10
2025-06-17 19:13:23,"Chest & Biceps🃏",48m,"Bayesian Bicep Curl (Cable)",Rest Timer,0,0.0,0,180.0,,,
2025-06-17 19:13:23,"Chest & Biceps🃏",48m,"Bayesian Bicep Curl (Cable)",F,35.0,8.0,0,0.0,,,10
2025-06-17 19:13:23,"Chest & Biceps🃏",48m,"Bayesian Bicep Curl (Cable)",Rest Timer,0,0.0,0,0.0,,,
2025-06-17 19:13:23,"Chest & Biceps🃏",48m,"Cable Crossover",F,45.0,10.0,0,0.0,"2x8-10(F), 3 mins",,10
2025-06-17 19:13:23,"Chest & Biceps🃏",48m,"Cable Crossover",Rest Timer,0,0.0,0,180.0,,,
2025-06-17 19:13:23,"Chest & Biceps🃏",48m,"Cable Crossover",F,50.0,5.0,0,0.0,,,10
2025-06-17 19:13:23,"Chest & Biceps🃏",48m,"Cable Crossover",Rest Timer,0,0.0,0,180.0,,,
2025-06-17 19:13:23,"Chest & Biceps🃏",48m,"Single Arm Preacher Curl (Machine)",F,65.0,7.0,0,0.0,"2x6-8(F), 3 mins",,10
2025-06-17 19:13:23,"Chest & Biceps🃏",48m,"Single Arm Preacher Curl (Machine)",Rest Timer,0,0.0,0,180.0,,,
2025-06-17 19:13:23,"Chest & Biceps🃏",48m,"Single Arm Preacher Curl (Machine)",F,55.0,8.0,0,0.0,,,10
2025-06-17 19:13:23,"Chest & Biceps🃏",48m,"Single Arm Preacher Curl (Machine)",Rest Timer,0,0.0,0,0.0,,,
2025-06-18 20:27:41,"Back & Triceps✝️",56m,"Lat Pulldown (Cable)",W,100.0,8.0,0,0.0,"2x6-8(F), 4 mins","Back Width: 1\nBack Thickness: 2\nTriceps: 2",
2025-06-18 20:27:41,"Back & Triceps✝️",56m,"Lat Pulldown (Cable)",Rest Timer,0,0.0,0,180.0,,,
2025-06-18 20:27:41,"Back & Triceps✝️",56m,"Lat Pulldown (Cable)",F,150.0,8.0,0,0.0,,,10
2025-06-18 20:27:41,"Back & Triceps✝️",56m,"Lat Pulldown (Cable)",Rest Timer,0,0.0,0,240.0,,,
2025-06-18 20:27:41,"Back & Triceps✝️",56m,"Lat Pulldown (Cable)",F,155.0,3.0,0,0.0,,,10
2025-06-18 20:27:41,"Back & Triceps✝️",56m,"Lat Pulldown (Cable)",Rest Timer,0,0.0,0,0.0,,,
2025-06-18 20:27:41,"Back & Triceps✝️",56m,"Single Arm Tricep Extension (Machine)",W,20.0,10.0,0,0.0,"2x6-8(F), 3 mins",,
2025-06-18 20:27:41,"Back & Triceps✝️",56m,"Single Arm Tricep Extension (Machine)",Rest Timer,0,0.0,0,120.0,,,
2025-06-18 20:27:41,"Back & Triceps✝️",56m,"Single Arm Tricep Extension (Machine)",F,52.5,7.0,0,0.0,,,10
2025-06-18 20:27:41,"Back & Triceps✝️",56m,"Single Arm Tricep Extension (Machine)",Rest Timer,0,0.0,0,180.0,,,
2025-06-18 20:27:41,"Back & Triceps✝️",56m,"Single Arm Tricep Extension (Machine)",F,40.0,10.0,0,0.0,,,10
2025-06-18 20:27:41,"Back & Triceps✝️",56m,"Single Arm Tricep Extension (Machine)",Rest Timer,0,0.0,0,0.0,,,
2025-06-18 20:27:41,"Back & Triceps✝️",56m,"Seated Row (Machine)",W,70.0,8.0,0,0.0,"2x6-8(F), 4 mins",,
2025-06-18 20:27:41,"Back & Triceps✝️",56m,"Seated Row (Machine)",Rest Timer,0,0.0,0,180.0,,,
2025-06-18 20:27:41,"Back & Triceps✝️",56m,"Seated Row (Machine)",F,130.0,9.0,0,0.0,,,10
2025-06-18 20:27:41,"Back & Triceps✝️",56m,"Seated Row (Machine)",Rest Timer,0,0.0,0,240.0,,,
2025-06-18 20:27:41,"Back & Triceps✝️",56m,"Seated Row (Machine)",F,135.0,4.0,0,0.0,,,10
2025-06-18 20:27:41,"Back & Triceps✝️",56m,"Seated Row (Machine)",Rest Timer,0,0.0,0,0.0,,,
2025-06-18 20:27:41,"Back & Triceps✝️",56m,"Jm Press (Machine)",F,115.0,8.0,0,0.0,"2x6-8(F), 3 mins",,10
2025-06-18 20:27:41,"Back & Triceps✝️",56m,"Jm Press (Machine)",Rest Timer,0,0.0,0,180.0,,,
2025-06-18 20:27:41,"Back & Triceps✝️",56m,"Jm Press (Machine)",F,120.0,5.0,0,0.0,,,10
2025-06-18 20:27:41,"Back & Triceps✝️",56m,"Jm Press (Machine)",Rest Timer,0,0.0,0,0.0,,,
2025-06-18 20:27:41,"Back & Triceps✝️",56m,"Shrug (Smith Machine)",F,220.0,6.0,0,0.0,"2x6-8(F), 3 mins",,10
2025-06-18 20:27:41,"Back & Triceps✝️",56m,"Shrug (Smith Machine)",Rest Timer,0,0.0,0,180.0,,,
2025-06-23 17:49:15,"Chest & Biceps🃏",28m,"Incline Bench Press (Smith Machine)",W,20.0,10.0,0,0.0,"2x6-8(F), 4 mins","Chest: 2\nBiceps: 2",
2025-06-23 17:49:15,"Chest & Biceps🃏",28m,"Incline Bench Press (Smith Machine)",Rest Timer,0,0.0,0,180.0,,,
2025-06-23 17:49:15,"Chest & Biceps🃏",28m,"Incline Bench Press (Smith Machine)",W,70.0,8.0,0,0.0,,,
2025-06-23 17:49:15,"Chest & Biceps🃏",28m,"Incline Bench Press (Smith Machine)",Rest Timer,0,0.0,0,180.0,,,
2025-06-23 17:49:15,"Chest & Biceps🃏",28m,"Incline Bench Press (Smith Machine)",W,110.0,5.0,0,0.0,,,
2025-06-23 17:49:15,"Chest & Biceps🃏",28m,"Incline Bench Press (Smith Machine)",Rest Timer,0,0.0,0,180.0,,,
2025-06-23 17:49:15,"Chest & Biceps🃏",28m,"Incline Bench Press (Smith Machine)",F,170.0,6.0,0,0.0,,,10
2025-06-23 17:49:15,"Chest & Biceps🃏",28m,"Incline Bench Press (Smith Machine)",Rest Timer,0,0.0,0,240.0,,,
2025-06-23 17:49:15,"Chest & Biceps🃏",28m,"Incline Bench Press (Smith Machine)",F,150.0,7.0,0,0.0,,,10
2025-06-23 17:49:15,"Chest & Biceps🃏",28m,"Incline Bench Press (Smith Machine)",Rest Timer,0,0.0,0,0.0,,,
2025-06-23 17:49:15,"Chest & Biceps🃏",28m,"Bayesian Bicep Curl (Cable)",W,5.0,8.0,0,0.0,"2x6-8(F), 3 mins",,
2025-06-23 17:49:15,"Chest & Biceps🃏",28m,"Bayesian Bicep Curl (Cable)",Rest Timer,0,0.0,0,120.0,,,
2025-06-23 17:49:15,"Chest & Biceps🃏",28m,"Bayesian Bicep Curl (Cable)",F,37.5,4.0,0,0.0,,,10
2025-06-23 17:49:15,"Chest & Biceps🃏",28m,"Bayesian Bicep Curl (Cable)",Rest Timer,0,0.0,0,180.0,,,
2025-06-24 19:08:05,"Back & Triceps✝️",50m,"Lat Pulldown (Cable)",W,100.0,8.0,0,0.0,"2x6-8(F), 4 mins","Back Width: 1\nBack Thickness: 2\nTriceps: 2",
2025-06-24 19:08:05,"Back & Triceps✝️",50m,"Lat Pulldown (Cable)",Rest Timer,0,0.0,0,180.0,,,
2025-06-24 19:08:05,"Back & Triceps✝️",50m,"Lat Pulldown (Cable)",F,155.0,5.0,0,0.0,,,10
2025-06-24 19:08:05,"Back & Triceps✝️",50m,"Lat Pulldown (Cable)",Rest Timer,0,0.0,0,240.0,,,
2025-06-24 19:08:05,"Back & Triceps✝️",50m,"Lat Pulldown (Cable)",F,140.0,8.0,0,0.0,,,10
2025-06-24 19:08:05,"Back & Triceps✝️",50m,"Lat Pulldown (Cable)",Rest Timer,0,0.0,0,0.0,,,
2025-06-24 19:08:05,"Back & Triceps✝️",50m,"Single Arm Tricep Extension (Machine)",W,20.0,10.0,0,0.0,"2x6-8(F), 3 mins",,
2025-06-24 19:08:05,"Back & Triceps✝️",50m,"Single Arm Tricep Extension (Machine)",Rest Timer,0,0.0,0,120.0,,,
2025-06-24 19:08:05,"Back & Triceps✝️",50m,"Single Arm Tricep Extension (Machine)",F,52.5,9.0,0,0.0,,,10
2025-06-24 19:08:05,"Back & Triceps✝️",50m,"Single Arm Tricep Extension (Machine)",Rest Timer,0,0.0,0,180.0,,,
2025-06-24 19:08:05,"Back & Triceps✝️",50m,"Single Arm Tricep Extension (Machine)",F,55.0,3.0,0,0.0,,,10
2025-06-24 19:08:05,"Back & Triceps✝️",50m,"Single Arm Tricep Extension (Machine)",Rest Timer,0,0.0,0,0.0,,,
2025-06-24 19:08:05,"Back & Triceps✝️",50m,"Row (Smith Machine)",W,20.0,10.0,0,0.0,"2x6-8(F), 4 mins",,
2025-06-24 19:08:05,"Back & Triceps✝️",50m,"Row (Smith Machine)",Rest Timer,0,0.0,0,120.0,,,
2025-06-24 19:08:05,"Back & Triceps✝️",50m,"Row (Smith Machine)",F,120.0,7.0,0,0.0,,,10
2025-06-24 19:08:05,"Back & Triceps✝️",50m,"Row (Smith Machine)",Rest Timer,0,0.0,0,240.0,,,
2025-06-24 19:08:05,"Back & Triceps✝️",50m,"Row (Smith Machine)",F,120.0,5.0,0,0.0,,,10
2025-06-24 19:08:05,"Back & Triceps✝️",50m,"Row (Smith Machine)",Rest Timer,0,0.0,0,240.0,,,
2025-06-24 19:08:05,"Back & Triceps✝️",50m,"Single Arm Tricep Extension (Cable)",F,30.0,3.0,0,0.0,"2x6-8(F), 4 mins",,10
2025-06-24 19:08:05,"Back & Triceps✝️",50m,"Single Arm Tricep Extension (Cable)",Rest Timer,0,0.0,0,240.0,,,
2025-06-24 19:08:05,"Back & Triceps✝️",50m,"Single Arm Tricep Extension (Cable)",F,20.0,10.0,0,0.0,,,10
2025-06-24 19:08:05,"Back & Triceps✝️",50m,"Single Arm Tricep Extension (Cable)",Rest Timer,0,0.0,0,240.0,,,
2025-06-25 18:57:56,"Legs 🐓 ",9m,"Seated Single-Leg Curl (Machine)",W,25.0,10.0,0,0.0,"2x8-10(F), 3 mins","Quads: 2\nHamstring: 1\nCalves: 1",
2025-06-25 18:57:56,"Legs 🐓 ",9m,"Seated Single-Leg Curl (Machine)",Rest Timer,0,0.0,0,120.0,,,
2025-06-25 18:57:56,"Legs 🐓 ",9m,"Seated Single-Leg Curl (Machine)",F,65.0,10.0,0,0.0,,,10
2025-06-25 18:57:56,"Legs 🐓 ",9m,"Seated Single-Leg Curl (Machine)",Rest Timer,0,0.0,0,180.0,,,
2025-06-30 19:53:23,"Shoulders🪨",33m,"Leg Raise (Captain’s Chair)",F,0,17.0,0,0.0,"3xFailure, 3 mins","Shoulders: 3\nCore: 1",10
2025-06-30 19:53:23,"Shoulders🪨",33m,"Leg Raise (Captain’s Chair)",Rest Timer,0,0.0,0,180.0,,,
2025-06-30 19:53:23,"Shoulders🪨",33m,"Leg Raise (Captain’s Chair)",F,0,12.0,0,0.0,,,10
2025-06-30 19:53:23,"Shoulders🪨",33m,"Leg Raise (Captain’s Chair)",Rest Timer,0,0.0,0,180.0,,,
2025-06-30 19:53:23,"Shoulders🪨",33m,"Leg Raise (Captain’s Chair)",F,0,11.0,0,0.0,,,10
2025-06-30 19:53:23,"Shoulders🪨",33m,"Leg Raise (Captain’s Chair)",Rest Timer,0,0.0,0,0.0,,,
2025-06-30 19:53:23,"Shoulders🪨",33m,"Lateral Raise (Cable)",F,20.0,8.0,0,0.0,"2x8-10(F), 3 mins",,10
2025-06-30 19:53:23,"Shoulders🪨",33m,"Lateral Raise (Cable)",Rest Timer,0,0.0,0,180.0,,,
2025-06-30 19:53:23,"Shoulders🪨",33m,"Lateral Raise (Cable)",F,15.0,11.0,0,0.0,,,10
2025-06-30 19:53:23,"Shoulders🪨",33m,"Lateral Raise (Cable)",Rest Timer,0,0.0,0,180.0,,,
2025-07-02 18:44:02,"Chest & Biceps🃏",50m,"Incline Bench Press (Smith Machine)",W,20.0,10.0,0,0.0,"2x6-8(F), 4 mins","Chest: 2\nBiceps: 2",
2025-07-02 18:44:02,"Chest & Biceps🃏",50m,"Incline Bench Press (Smith Machine)",Rest Timer,0,0.0,0,180.0,,,
2025-07-02 18:44:02,"Chest & Biceps🃏",50m,"Incline Bench Press (Smith Machine)",W,70.0,8.0,0,0.0,,,
2025-07-02 18:44:02,"Chest & Biceps🃏",50m,"Incline Bench Press (Smith Machine)",Rest Timer,0,0.0,0,180.0,,,
2025-07-02 18:44:02,"Chest & Biceps🃏",50m,"Incline Bench Press (Smith Machine)",W,110.0,5.0,0,0.0,,,
2025-07-02 18:44:02,"Chest & Biceps🃏",50m,"Incline Bench Press (Smith Machine)",Rest Timer,0,0.0,0,180.0,,,
2025-07-02 18:44:02,"Chest & Biceps🃏",50m,"Incline Bench Press (Smith Machine)",F,170.0,6.0,0,0.0,,,10
2025-07-02 18:44:02,"Chest & Biceps🃏",50m,"Incline Bench Press (Smith Machine)",Rest Timer,0,0.0,0,240.0,,,
2025-07-02 18:44:02,"Chest & Biceps🃏",50m,"Incline Bench Press (Smith Machine)",F,150.0,8.0,0,0.0,,,10
2025-07-02 18:44:02,"Chest & Biceps🃏",50m,"Incline Bench Press (Smith Machine)",Rest Timer,0,0.0,0,0.0,,,
2025-07-02 18:44:02,"Chest & Biceps🃏",50m,"Bayesian Bicep Curl (Cable)",W,5.0,8.0,0,0.0,"2x6-8(F), 3 mins",,
2025-07-02 18:44:02,"Chest & Biceps🃏",50m,"Bayesian Bicep Curl (Cable)",Rest Timer,0,0.0,0,120.0,,,
2025-07-02 18:44:02,"Chest & Biceps🃏",50m,"Bayesian Bicep Curl (Cable)",F,37.5,8.0,0,0.0,,,10
2025-07-02 18:44:02,"Chest & Biceps🃏",50m,"Bayesian Bicep Curl (Cable)",Rest Timer,0,0.0,0,180.0,,,
2025-07-02 18:44:02,"Chest & Biceps🃏",50m,"Bayesian Bicep Curl (Cable)",F,25.0,10.0,0,0.0,,,10
2025-07-02 18:44:02,"Chest & Biceps🃏",50m,"Bayesian Bicep Curl (Cable)",Rest Timer,0,0.0,0,0.0,,,
2025-07-02 18:44:02,"Chest & Biceps🃏",50m,"Chest Fly",F,130.0,8.0,0,0.0,"2x8-10(F), 3 mins",,10
2025-07-02 18:44:02,"Chest & Biceps🃏",50m,"Chest Fly",Rest Timer,0,0.0,0,180.0,,,
2025-07-02 18:44:02,"Chest & Biceps🃏",50m,"Chest Fly",F,130.0,8.0,0,0.0,,,10
2025-07-02 18:44:02,"Chest & Biceps🃏",50m,"Chest Fly",Rest Timer,0,0.0,0,180.0,,,
2025-07-02 18:44:02,"Chest & Biceps🃏",50m,"Single Arm Preacher Curl (Machine)",F,65.0,7.0,0,0.0,"2x6-8(F), 3 mins",,10
2025-07-02 18:44:02,"Chest & Biceps🃏",50m,"Single Arm Preacher Curl (Machine)",Rest Timer,0,0.0,0,180.0,,,
2025-07-02 18:44:02,"Chest & Biceps🃏",50m,"Single Arm Preacher Curl (Machine)",F,55.0,6.0,0,0.0,,,10
2025-07-02 18:44:02,"Chest & Biceps🃏",50m,"Single Arm Preacher Curl (Machine)",Rest Timer,0,0.0,0,0.0,,,
2025-07-07 18:15:36,"Back & Triceps✝️",1h 5m,"Lat Pulldown (Cable)",W,100.0,8.0,0,0.0,"2x6-8(F), 4 mins","Back Width: 1\nBack Thickness: 2\nTriceps: 2",
2025-07-07 18:15:36,"Back & Triceps✝️",1h 5m,"Lat Pulldown (Cable)",Rest Timer,0,0.0,0,180.0,,,
2025-07-07 18:15:36,"Back & Triceps✝️",1h 5m,"Lat Pulldown (Cable)",F,155.0,6.0,0,0.0,,,10
2025-07-07 18:15:36,"Back & Triceps✝️",1h 5m,"Lat Pulldown (Cable)",Rest Timer,0,0.0,0,240.0,,,
2025-07-07 18:15:36,"Back & Triceps✝️",1h 5m,"Lat Pulldown (Cable)",F,140.0,5.0,0,0.0,,,10
2025-07-07 18:15:36,"Back & Triceps✝️",1h 5m,"Lat Pulldown (Cable)",Rest Timer,0,0.0,0,0.0,,,
2025-07-07 18:15:36,"Back & Triceps✝️",1h 5m,"Single Arm Tricep Extension (Machine)",W,20.0,10.0,0,0.0,"2x6-8(F), 3 mins",,
2025-07-07 18:15:36,"Back & Triceps✝️",1h 5m,"Single Arm Tricep Extension (Machine)",Rest Timer,0,0.0,0,120.0,,,
2025-07-07 18:15:36,"Back & Triceps✝️",1h 5m,"Single Arm Tricep Extension (Machine)",F,52.5,8.0,0,0.0,,,10
2025-07-07 18:15:36,"Back & Triceps✝️",1h 5m,"Single Arm Tricep Extension (Machine)",Rest Timer,0,0.0,0,180.0,,,
2025-07-07 18:15:36,"Back & Triceps✝️",1h 5m,"Single Arm Tricep Extension (Machine)",F,55.0,4.0,0,0.0,,,10
2025-07-07 18:15:36,"Back & Triceps✝️",1h 5m,"Single Arm Tricep Extension (Machine)",Rest Timer,0,0.0,0,0.0,,,
2025-07-07 18:15:36,"Back & Triceps✝️",1h 5m,"Seated Row (Machine)",W,70.0,8.0,0,0.0,"2x6-8(F), 4 mins",,
2025-07-07 18:15:36,"Back & Triceps✝️",1h 5m,"Seated Row (Machine)",Rest Timer,0,0.0,0,180.0,,,
2025-07-07 18:15:36,"Back & Triceps✝️",1h 5m,"Seated Row (Machine)",F,135.0,6.0,0,0.0,,,9
2025-07-07 18:15:36,"Back & Triceps✝️",1h 5m,"Seated Row (Machine)",Rest Timer,0,0.0,0,240.0,,,
2025-07-09 16:13:37,"Legs 🐓 ",36m,"Single-Leg Leg Curl",W,30.0,10.0,0,0.0,"2x8-10(F), 3 mins","Quads: 2\nHamstring: 1\nCalves: 1",
2025-07-09 16:13:37,"Legs 🐓 ",36m,"Single-Leg Leg Curl",Rest Timer,0,0.0,0,120.0,,,
2025-07-09 16:13:37,"Legs 🐓 ",36m,"Single-Leg Leg Curl",F,90.0,9.0,0,0.0,,,10
2025-07-09 16:13:37,"Legs 🐓 ",36m,"Single-Leg Leg Curl",Rest Timer,0,0.0,0,180.0,,,
2025-07-09 16:13:37,"Legs 🐓 ",36m,"Hack Squat",W,90.0,10.0,0,0.0,"2x6-8(F), 4 mins",,
2025-07-09 16:13:37,"Legs 🐓 ",36m,"Hack Squat",Rest Timer,0,0.0,0,180.0,,,
2025-07-09 16:13:37,"Legs 🐓 ",36m,"Hack Squat",W,180.0,8.0,0,0.0,,,
2025-07-09 16:13:37,"Legs 🐓 ",36m,"Hack Squat",Rest Timer,0,0.0,0,180.0,,,
2025-07-09 16:13:37,"Legs 🐓 ",36m,"Hack Squat",F,360.0,7.0,0,0.0,,,10
2025-07-09 16:13:37,"Legs 🐓 ",36m,"Hack Squat",Rest Timer,0,0.0,0,240.0,,,
2025-07-09 16:13:37,"Legs 🐓 ",36m,"Standing Calf Raise (Machine)",F,260.0,8.0,0,0.0,"2x8-10(F), 3 mins",,10
2025-07-09 16:13:37,"Legs 🐓 ",36m,"Standing Calf Raise (Machine)",Rest Timer,0,0.0,0,180.0,,,
2025-07-09 16:13:37,"Legs 🐓 ",36m,"Standing Calf Raise (Machine)",F,260.0,7.0,0,0.0,,,10
2025-07-09 16:13:37,"Legs 🐓 ",36m,"Standing Calf Raise (Machine)",Rest Timer,0,0.0,0,0.0,,,
2025-07-09 16:13:37,"Legs 🐓 ",36m,"Leg Extension (Machine)",F,225.0,7.0,0,0.0,"2x6-8(F), 3 mins",,10
2025-07-09 16:13:37,"Legs 🐓 ",36m,"Leg Extension (Machine)",Rest Timer,0,0.0,0,180.0,,,
2025-07-12 18:01:17,"Shoulders🪨",52m,"Leg Raise (Captain’s Chair)",F,0,16.0,0,0.0,"3xFailure, 3 mins","Shoulders: 3\nCore: 1",10
2025-07-12 18:01:17,"Shoulders🪨",52m,"Leg Raise (Captain’s Chair)",Rest Timer,0,0.0,0,180.0,,,
2025-07-12 18:01:17,"Shoulders🪨",52m,"Leg Raise (Captain’s Chair)",F,0,13.0,0,0.0,,,10
2025-07-12 18:01:17,"Shoulders🪨",52m,"Leg Raise (Captain’s Chair)",Rest Timer,0,0.0,0,180.0,,,
2025-07-12 18:01:17,"Shoulders🪨",52m,"Leg Raise (Captain’s Chair)",F,0,11.0,0,0.0,,,10
2025-07-12 18:01:17,"Shoulders🪨",52m,"Leg Raise (Captain’s Chair)",Rest Timer,0,0.0,0,0.0,,,
2025-07-12 18:01:17,"Shoulders🪨",52m,"Seated Shoulder Press (Smith Machine)",W,20.0,10.0,0,0.0,"2x6-8(F), 3 mins",,
2025-07-12 18:01:17,"Shoulders🪨",52m,"Seated Shoulder Press (Smith Machine)",Rest Timer,0,0.0,0,180.0,,,
2025-07-12 18:01:17,"Shoulders🪨",52m,"Seated Shoulder Press (Smith Machine)",W,70.0,8.0,0,0.0,,,
2025-07-12 18:01:17,"Shoulders🪨",52m,"Seated Shoulder Press (Smith Machine)",Rest Timer,0,0.0,0,180.0,,,
2025-07-12 18:01:17,"Shoulders🪨",52m,"Seated Shoulder Press (Smith Machine)",F,140.0,6.0,0,0.0,,,10
2025-07-12 18:01:17,"Shoulders🪨",52m,"Seated Shoulder Press (Smith Machine)",Rest Timer,0,0.0,0,240.0,,,
2025-07-12 18:01:17,"Shoulders🪨",52m,"Seated Shoulder Press (Smith Machine)",F,120.0,8.0,0,0.0,,,10
2025-07-12 18:01:17,"Shoulders🪨",52m,"Seated Shoulder Press (Smith Machine)",Rest Timer,0,0.0,0,240.0,,,
2025-07-12 18:01:17,"Shoulders🪨",52m,"Lateral Raise (Cable)",F,20.0,7.0,0,0.0,"2x8-10(F), 3 mins",,10
2025-07-12 18:01:17,"Shoulders🪨",52m,"Lateral Raise (Cable)",Rest Timer,0,0.0,0,180.0,,,
2025-07-12 18:01:17,"Shoulders🪨",52m,"Lateral Raise (Cable)",F,20.0,8.0,0,0.0,,,10
2025-07-12 18:01:17,"Shoulders🪨",52m,"Lateral Raise (Cable)",Rest Timer,0,0.0,0,180.0,,,
2025-07-12 18:01:17,"Shoulders🪨",52m,"Rear Delt Fly (Cable)",F,25.0,5.0,0,0.0,"2x8-10(F), 3 mins",,10
2025-07-12 18:01:17,"Shoulders🪨",52m,"Rear Delt Fly (Cable)",Rest Timer,0,0.0,0,180.0,,,
2025-07-15 17:11:11,"Chest & Biceps🃏",50m,"Incline Bench Press (Smith Machine)",W,20.0,10.0,0,0.0,"2x6-8(F), 4 mins","Chest: 2\nBiceps: 2",
2025-07-15 17:11:11,"Chest & Biceps🃏",50m,"Incline Bench Press (Smith Machine)",Rest Timer,0,0.0,0,180.0,,,
2025-07-15 17:11:11,"Chest & Biceps🃏",50m,"Incline Bench Press (Smith Machine)",W,70.0,8.0,0,0.0,,,
2025-07-15 17:11:11,"Chest & Biceps🃏",50m,"Incline Bench Press (Smith Machine)",Rest Timer,0,0.0,0,180.0,,,
2025-07-15 17:11:11,"Chest & Biceps🃏",50m,"Incline Bench Press (Smith Machine)",W,110.0,5.0,0,0.0,,,
2025-07-15 17:11:11,"Chest & Biceps🃏",50m,"Incline Bench Press (Smith Machine)",Rest Timer,0,0.0,0,180.0,,,
2025-07-15 17:11:11,"Chest & Biceps🃏",50m,"Incline Bench Press (Smith Machine)",F,170.0,7.0,0,0.0,,,10
2025-07-15 17:11:11,"Chest & Biceps🃏",50m,"Incline Bench Press (Smith Machine)",Rest Timer,0,0.0,0,240.0,,,
2025-07-15 17:11:11,"Chest & Biceps🃏",50m,"Incline Bench Press (Smith Machine)",F,150.0,8.0,0,0.0,,,10
2025-07-15 17:11:11,"Chest & Biceps🃏",50m,"Incline Bench Press (Smith Machine)",Rest Timer,0,0.0,0,0.0,,,
2025-07-15 17:11:11,"Chest & Biceps🃏",50m,"Single Arm Preacher Curl (Machine)",W,10.0,10.0,0,0.0,"2x6-8(F), 3 mins",,
2025-07-15 17:11:11,"Chest & Biceps🃏",50m,"Single Arm Preacher Curl (Machine)",Rest Timer,0,0.0,0,120.0,,,
2025-07-15 17:11:11,"Chest & Biceps🃏",50m,"Single Arm Preacher Curl (Machine)",F,65.0,8.0,0,0.0,,,10
2025-07-15 17:11:11,"Chest & Biceps🃏",50m,"Single Arm Preacher Curl (Machine)",Rest Timer,0,0.0,0,180.0,,,
2025-07-15 17:11:11,"Chest & Biceps🃏",50m,"Single Arm Preacher Curl (Machine)",F,50.0,8.0,0,0.0,,,10
2025-07-15 17:11:11,"Chest & Biceps🃏",50m,"Single Arm Preacher Curl (Machine)",Rest Timer,0,0.0,0,180.0,,,
2025-07-15 17:11:11,"Chest & Biceps🃏",50m,"Arsenal Strength Chest Fly (Machine)",F,220.0,10.0,0,0.0,"2x8-10(F), 3 mins",,10
2025-07-15 17:11:11,"Chest & Biceps🃏",50m,"Arsenal Strength Chest Fly (Machine)",Rest Timer,0,0.0,0,180.0,,,
2025-07-15 17:11:11,"Chest & Biceps🃏",50m,"Arsenal Strength Chest Fly (Machine)",F,230.0,4.0,0,0.0,,,10
2025-07-15 17:11:11,"Chest & Biceps🃏",50m,"Arsenal Strength Chest Fly (Machine)",Rest Timer,0,0.0,0,0.0,,,
2025-07-15 17:11:11,"Chest & Biceps🃏",50m,"Bicep Curl (Machine)",F,60.0,12.0,0,0.0,"2x6-8(F), 3 mins",,10
2025-07-15 17:11:11,"Chest & Biceps🃏",50m,"Bicep Curl (Machine)",Rest Timer,0,0.0,0,180.0,,,
2025-07-19 15:41:48,"Back & Triceps✝️",1h 5m,"Lat Pulldown (Cable)",W,100.0,8.0,0,0.0,"2x6-8(F), 4 mins","Back Width: 1\nBack Thickness: 2\nTriceps: 2",
2025-07-19 15:41:48,"Back & Triceps✝️",1h 5m,"Lat Pulldown (Cable)",Rest Timer,0,0.0,0,180.0,,,
2025-07-19 15:41:48,"Back & Triceps✝️",1h 5m,"Lat Pulldown (Cable)",F,155.0,7.0,0,0.0,,,10
2025-07-19 15:41:48,"Back & Triceps✝️",1h 5m,"Lat Pulldown (Cable)",Rest Timer,0,0.0,0,240.0,,,
2025-07-19 15:41:48,"Back & Triceps✝️",1h 5m,"Lat Pulldown (Cable)",F,140.0,7.0,0,0.0,,,10
2025-07-19 15:41:48,"Back & Triceps✝️",1h 5m,"Lat Pulldown (Cable)",Rest Timer,0,0.0,0,0.0,,,
2025-07-19 15:41:48,"Back & Triceps✝️",1h 5m,"Single Arm Tricep Extension (Machine)",W,20.0,10.0,0,0.0,"2x6-8(F), 3 mins",,
2025-07-19 15:41:48,"Back & Triceps✝️",1h 5m,"Single Arm Tricep Extension (Machine)",Rest Timer,0,0.0,0,120.0,,,
2025-07-19 15:41:48,"Back & Triceps✝️",1h 5m,"Single Arm Tricep Extension (Machine)",F,55.0,6.0,0,0.0,,,10
2025-07-19 15:41:48,"Back & Triceps✝️",1h 5m,"Single Arm Tricep Extension (Machine)",Rest Timer,0,0.0,0,180.0,,,
2025-07-19 15:41:48,"Back & Triceps✝️",1h 5m,"Single Arm Tricep Extension (Machine)",F,45.0,7.0,0,0.0,,,10
2025-07-19 15:41:48,"Back & Triceps✝️",1h 5m,"Single Arm Tricep Extension (Machine)",Rest Timer,0,0.0,0,0.0,,,
2025-07-19 15:41:48,"Back & Triceps✝️",1h 5m,"Seated Row (Machine)",W,70.0,8.0,0,0.0,"2x6-8(F), 4 mins",,
2025-07-19 15:41:48,"Back & Triceps✝️",1h 5m,"Seated Row (Machine)",Rest Timer,0,0.0,0,180.0,,,
2025-07-19 15:41:48,"Back & Triceps✝️",1h 5m,"Seated Row (Machine)",F,135.0,5.0,0,0.0,,,9
2025-07-19 15:41:48,"Back & Triceps✝️",1h 5m,"Seated Row (Machine)",Rest Timer,0,0.0,0,240.0,,,
2025-07-19 15:41:48,"Back & Triceps✝️",1h 5m,"Seated Row (Machine)",F,115.0,7.0,0,0.0,,,9
2025-07-19 15:41:48,"Back & Triceps✝️",1h 5m,"Seated Row (Machine)",Rest Timer,0,0.0,0,240.0,,,
2025-07-19 15:41:48,"Back & Triceps✝️",1h 5m,"Tricep Press (Machine)",F,160.0,7.0,0,0.0,"2x6-8(F), 3 mins",,10
2025-07-19 15:41:48,"Back & Triceps✝️",1h 5m,"Tricep Press (Machine)",Rest Timer,0,0.0,0,180.0,,,
2025-07-19 15:41:48,"Back & Triceps✝️",1h 5m,"Tricep Press (Machine)",F,160.0,9.0,0,0.0,,,10
2025-07-19 15:41:48,"Back & Triceps✝️",1h 5m,"Tricep Press (Machine)",Rest Timer,0,0.0,0,0.0,,,
2025-07-20 14:16:40,"Legs 🐓 ",58m,"Walking (Treadmill)",W,0,0.0,0,300.0,"Incline: 3, Speed: .5-1, Backwards","Quads: 2\nHamstring: 1\nCalves: 1",
2025-07-20 14:16:40,"Legs 🐓 ",58m,"Single-Leg Leg Curl",W,30.0,10.0,0,0.0,"2x8-10(F), 3 mins",,
2025-07-20 14:16:40,"Legs 🐓 ",58m,"Single-Leg Leg Curl",Rest Timer,0,0.0,0,120.0,,,
2025-07-20 14:16:40,"Legs 🐓 ",58m,"Single-Leg Leg Curl",F,90.0,10.0,0,0.0,,,10
2025-07-20 14:16:40,"Legs 🐓 ",58m,"Single-Leg Leg Curl",Rest Timer,0,0.0,0,180.0,,,
2025-07-20 14:16:40,"Legs 🐓 ",58m,"Single-Leg Leg Curl",F,95.0,3.0,0,0.0,,,10
2025-07-20 14:16:40,"Legs 🐓 ",58m,"Single-Leg Leg Curl",Rest Timer,0,0.0,0,0.0,,,
2025-07-20 14:16:40,"Legs 🐓 ",58m,"Hack Squat",W,90.0,10.0,0,0.0,"2x6-8(F), 4 mins",,
2025-07-20 14:16:40,"Legs 🐓 ",58m,"Hack Squat",Rest Timer,0,0.0,0,180.0,,,
2025-07-20 14:16:40,"Legs 🐓 ",58m,"Hack Squat",W,180.0,8.0,0,0.0,,,
2025-07-20 14:16:40,"Legs 🐓 ",58m,"Hack Squat",Rest Timer,0,0.0,0,180.0,,,
2025-07-20 14:16:40,"Legs 🐓 ",58m,"Hack Squat",F,360.0,7.0,0,0.0,,,10
2025-07-20 14:16:40,"Legs 🐓 ",58m,"Hack Squat",Rest Timer,0,0.0,0,240.0,,,
2025-07-20 14:16:40,"Legs 🐓 ",58m,"Hack Squat",F,270.0,8.0,0,0.0,,,10
2025-07-20 14:16:40,"Legs 🐓 ",58m,"Hack Squat",Rest Timer,0,0.0,0,0.0,,,
2025-07-20 14:16:40,"Legs 🐓 ",58m,"Standing Calf Raise (Machine)",F,260.0,10.0,0,0.0,"2x8-10(F), 3 mins",,10
2025-07-20 14:16:40,"Legs 🐓 ",58m,"Standing Calf Raise (Machine)",Rest Timer,0,0.0,0,180.0,,,
2025-07-20 14:16:40,"Legs 🐓 ",58m,"Standing Calf Raise (Machine)",F,265.0,11.0,0,0.0,,,10
2025-07-20 14:16:40,"Legs 🐓 ",58m,"Standing Calf Raise (Machine)",Rest Timer,0,0.0,0,0.0,,,
2025-07-20 14:16:40,"Legs 🐓 ",58m,"Leg Extension (Machine)",F,225.0,8.0,0,0.0,"2x6-8(F), 3 mins",,10
2025-07-20 14:16:40,"Legs 🐓 ",58m,"Leg Extension (Machine)",Rest Timer,0,0.0,0,180.0,,,
2025-07-20 14:16:40,"Legs 🐓 ",58m,"Leg Extension (Machine)",F,230.0,4.0,0,0.0,,,10
2025-07-20 14:16:40,"Legs 🐓 ",58m,"Leg Extension (Machine)",Rest Timer,0,0.0,0,0.0,,,
2025-07-22 18:06:14,"Shoulders🪨",23m,"Leg Raise (Captain’s Chair)",F,0,17.0,0,0.0,"3xFailure, 3 mins","Shoulders: 3\nCore: 1",10
2025-07-22 18:06:14,"Shoulders🪨",23m,"Leg Raise (Captain’s Chair)",Rest Timer,0,0.0,0,180.0,,,
2025-07-22 18:06:14,"Shoulders🪨",23m,"Leg Raise (Captain’s Chair)",F,0,14.0,0,0.0,,,10
2025-07-22 18:06:14,"Shoulders🪨",23m,"Leg Raise (Captain’s Chair)",Rest Timer,0,0.0,0,180.0,,,
2025-07-22 18:06:14,"Shoulders🪨",23m,"Leg Raise (Captain’s Chair)",F,0,5.0,0,0.0,,,10
2025-07-22 18:06:14,"Shoulders🪨",23m,"Leg Raise (Captain’s Chair)",Rest Timer,0,0.0,0,0.0,,,
2025-07-22 18:06:14,"Shoulders🪨",23m,"Lateral Raise (Cable)",F,20.0,8.0,0,0.0,"2x8-10(F), 3 mins",,10
2025-07-22 18:06:14,"Shoulders🪨",23m,"Lateral Raise (Cable)",Rest Timer,0,0.0,0,180.0,,,
2025-07-22 18:06:14,"Shoulders🪨",23m,"Lateral Raise (Cable)",F,15.0,11.0,0,0.0,,,10
2025-07-22 18:06:14,"Shoulders🪨",23m,"Lateral Raise (Cable)",Rest Timer,0,0.0,0,180.0,,,
2025-07-25 17:38:30,"Chest & Biceps🃏",48m,"Incline Bench Press (Smith Machine)",W,20.0,10.0,0,0.0,"2x6-8(F), 4 mins","Chest: 2\nBiceps: 2",
2025-07-25 17:38:30,"Chest & Biceps🃏",48m,"Incline Bench Press (Smith Machine)",Rest Timer,0,0.0,0,180.0,,,
2025-07-25 17:38:30,"Chest & Biceps🃏",48m,"Incline Bench Press (Smith Machine)",W,70.0,8.0,0,0.0,,,
2025-07-25 17:38:30,"Chest & Biceps🃏",48m,"Incline Bench Press (Smith Machine)",Rest Timer,0,0.0,0,180.0,,,
2025-07-25 17:38:30,"Chest & Biceps🃏",48m,"Incline Bench Press (Smith Machine)",W,110.0,5.0,0,0.0,,,
2025-07-25 17:38:30,"Chest & Biceps🃏",48m,"Incline Bench Press (Smith Machine)",Rest Timer,0,0.0,0,180.0,,,
2025-07-25 17:38:30,"Chest & Biceps🃏",48m,"Incline Bench Press (Smith Machine)",F,170.0,6.0,0,0.0,,,10
2025-07-25 17:38:30,"Chest & Biceps🃏",48m,"Incline Bench Press (Smith Machine)",Rest Timer,0,0.0,0,240.0,,,
2025-07-25 17:38:30,"Chest & Biceps🃏",48m,"Incline Bench Press (Smith Machine)",F,150.0,8.0,0,0.0,,,10
2025-07-25 17:38:30,"Chest & Biceps🃏",48m,"Incline Bench Press (Smith Machine)",Rest Timer,0,0.0,0,0.0,,,
2025-07-25 17:38:30,"Chest & Biceps🃏",48m,"Bicep Curl (Dumbbell)",W,10.0,10.0,0,0.0,"2x6-8(F), 3 mins",,
2025-07-25 17:38:30,"Chest & Biceps🃏",48m,"Bicep Curl (Dumbbell)",Rest Timer,0,0.0,0,120.0,,,
2025-07-25 17:38:30,"Chest & Biceps🃏",48m,"Bicep Curl (Dumbbell)",F,30.0,10.0,0,0.0,,,10
2025-07-25 17:38:30,"Chest & Biceps🃏",48m,"Bicep Curl (Dumbbell)",Rest Timer,0,0.0,0,180.0,,,
2025-07-25 17:38:30,"Chest & Biceps🃏",48m,"Bicep Curl (Dumbbell)",F,35.0,4.0,0,0.0,,,10
2025-07-25 17:38:30,"Chest & Biceps🃏",48m,"Bicep Curl (Dumbbell)",Rest Timer,0,0.0,0,0.0,,,
2025-07-25 17:38:30,"Chest & Biceps🃏",48m,"Chest Fly",F,130.0,9.0,0,0.0,"2x8-10(F), 3 mins",,10
2025-07-25 17:38:30,"Chest & Biceps🃏",48m,"Chest Fly",Rest Timer,0,0.0,0,180.0,,,
2025-07-25 17:38:30,"Chest & Biceps🃏",48m,"Chest Fly",F,130.0,5.0,0,0.0,,,10
2025-07-25 17:38:30,"Chest & Biceps🃏",48m,"Chest Fly",Rest Timer,0,0.0,0,0.0,,,
2025-07-27 15:39:52,"Back & Triceps✝️",1h 4m,"Lat Pulldown (Cable)",W,100.0,8.0,0,0.0,"2x6-8(F), 4 mins","Back Width: 1\nBack Thickness: 2\nTriceps: 2",
2025-07-27 15:39:52,"Back & Triceps✝️",1h 4m,"Lat Pulldown (Cable)",Rest Timer,0,0.0,0,180.0,,,
2025-07-27 15:39:52,"Back & Triceps✝️",1h 4m,"Lat Pulldown (Cable)",F,155.0,7.0,0,0.0,,,10
2025-07-27 15:39:52,"Back & Triceps✝️",1h 4m,"Lat Pulldown (Cable)",Rest Timer,0,0.0,0,240.0,,,
2025-07-27 15:39:52,"Back & Triceps✝️",1h 4m,"Lat Pulldown (Cable)",F,140.0,7.0,0,0.0,,,10
2025-07-27 15:39:52,"Back & Triceps✝️",1h 4m,"Lat Pulldown (Cable)",Rest Timer,0,0.0,0,0.0,,,
2025-07-27 15:39:52,"Back & Triceps✝️",1h 4m,"Single Arm Tricep Extension (Machine)",W,20.0,10.0,0,0.0,"2x6-8(F), 3 mins",,
2025-07-27 15:39:52,"Back & Triceps✝️",1h 4m,"Single Arm Tricep Extension (Machine)",Rest Timer,0,0.0,0,120.0,,,
2025-07-27 15:39:52,"Back & Triceps✝️",1h 4m,"Single Arm Tricep Extension (Machine)",F,55.0,7.0,0,0.0,,,10
2025-07-27 15:39:52,"Back & Triceps✝️",1h 4m,"Single Arm Tricep Extension (Machine)",Rest Timer,0,0.0,0,180.0,,,
2025-07-27 15:39:52,"Back & Triceps✝️",1h 4m,"Single Arm Tricep Extension (Machine)",F,45.0,8.0,0,0.0,,,10
2025-07-27 15:39:52,"Back & Triceps✝️",1h 4m,"Single Arm Tricep Extension (Machine)",Rest Timer,0,0.0,0,0.0,,,
2025-07-27 15:39:52,"Back & Triceps✝️",1h 4m,"Seated Row (Machine)",W,70.0,8.0,0,0.0,"2x6-8(F), 4 mins",,
2025-07-27 15:39:52,"Back & Triceps✝️",1h 4m,"Seated Row (Machine)",Rest Timer,0,0.0,0,180.0,,,
2025-07-27 15:39:52,"Back & Triceps✝️",1h 4m,"Seated Row (Machine)",F,135.0,6.0,0,0.0,,,10
2025-07-27 15:39:52,"Back & Triceps✝️",1h 4m,"Seated Row (Machine)",Rest Timer,0,0.0,0,240.0,,,
2025-07-27 15:39:52,"Back & Triceps✝️",1h 4m,"Seated Row (Machine)",F,135.0,8.0,0,0.0,,,10
2025-07-27 15:39:52,"Back & Triceps✝️",1h 4m,"Seated Row (Machine)",Rest Timer,0,0.0,0,0.0,,,
2025-07-27 15:39:52,"Back & Triceps✝️",1h 4m,"Tricep Press (Machine)",F,170.0,9.0,0,0.0,"2x6-8(F), 3 mins",,10
2025-07-27 15:39:52,"Back & Triceps✝️",1h 4m,"Tricep Press (Machine)",Rest Timer,0,0.0,0,180.0,,,
2025-07-27 15:39:52,"Back & Triceps✝️",1h 4m,"Tricep Press (Machine)",F,180.0,6.0,0,0.0,,,10
2025-07-27 15:39:52,"Back & Triceps✝️",1h 4m,"Tricep Press (Machine)",Rest Timer,0,0.0,0,0.0,,,
2025-07-27 15:39:52,"Back & Triceps✝️",1h 4m,"Arsenal Strength Reloaded Iso Multi Row",F,110.0,7.0,0,0.0,"2x6-8(F), 4 mins",,10
2025-07-27 15:39:52,"Back & Triceps✝️",1h 4m,"Arsenal Strength Reloaded Iso Multi Row",Rest Timer,0,0.0,0,240.0,,,
2025-07-28 18:56:31,"Legs 🐓 ",1h 2m,"Single-Leg Leg Curl",W,30.0,10.0,0,0.0,"2x8-10(F), 3 mins","Quads: 2\nHamstring: 1\nCalves: 1",
2025-07-28 18:56:31,"Legs 🐓 ",1h 2m,"Single-Leg Leg Curl",Rest Timer,0,0.0,0,120.0,,,
2025-07-28 18:56:31,"Legs 🐓 ",1h 2m,"Single-Leg Leg Curl",F,95.0,9.0,0,0.0,,,10
2025-07-28 18:56:31,"Legs 🐓 ",1h 2m,"Single-Leg Leg Curl",Rest Timer,0,0.0,0,180.0,,,
2025-07-28 18:56:31,"Legs 🐓 ",1h 2m,"Single-Leg Leg Curl",F,80.0,8.0,0,0.0,,,10
2025-07-28 18:56:31,"Legs 🐓 ",1h 2m,"Single-Leg Leg Curl",Rest Timer,0,0.0,0,0.0,,,
2025-07-28 18:56:31,"Legs 🐓 ",1h 2m,"Hack Squat",W,90.0,10.0,0,0.0,"2x6-8(F), 4 mins",,
2025-07-28 18:56:31,"Legs 🐓 ",1h 2m,"Hack Squat",Rest Timer,0,0.0,0,180.0,,,
2025-07-28 18:56:31,"Legs 🐓 ",1h 2m,"Hack Squat",W,180.0,8.0,0,0.0,,,
2025-07-28 18:56:31,"Legs 🐓 ",1h 2m,"Hack Squat",Rest Timer,0,0.0,0,180.0,,,
2025-07-28 18:56:31,"Legs 🐓 ",1h 2m,"Hack Squat",F,360.0,8.0,0,0.0,,,10
2025-07-28 18:56:31,"Legs 🐓 ",1h 2m,"Hack Squat",Rest Timer,0,0.0,0,240.0,,,
2025-07-28 18:56:31,"Legs 🐓 ",1h 2m,"Standing Calf Raise (Machine)",F,270.0,8.0,0,0.0,"2x8-10(F), 3 mins",,10
2025-07-28 18:56:31,"Legs 🐓 ",1h 2m,"Standing Calf Raise (Machine)",Rest Timer,0,0.0,0,180.0,,,
2025-07-28 18:56:31,"Legs 🐓 ",1h 2m,"Standing Calf Raise (Machine)",F,270.0,9.0,0,0.0,,,10
2025-07-28 18:56:31,"Legs 🐓 ",1h 2m,"Standing Calf Raise (Machine)",Rest Timer,0,0.0,0,0.0,,,
2025-07-28 18:56:31,"Legs 🐓 ",1h 2m,"Leg Extension (Machine)",F,230.0,7.0,0,0.0,"2x6-8(F), 3 mins",,10
2025-07-28 18:56:31,"Legs 🐓 ",1h 2m,"Leg Extension (Machine)",Rest Timer,0,0.0,0,180.0,,,
2025-07-28 18:56:31,"Legs 🐓 ",1h 2m,"Leg Extension (Machine)",F,210.0,8.0,0,0.0,,,10
2025-07-28 18:56:31,"Legs 🐓 ",1h 2m,"Leg Extension (Machine)",Rest Timer,0,0.0,0,180.0,,,
2025-08-07 17:00:31,"Chest & Biceps🃏",1h 10m,"Single Arm Preacher Curl (Machine)",W,10.0,10.0,0,0.0,"2x6-8(F), 3 mins","Chest: 2\nBiceps: 2",
2025-08-07 17:00:31,"Chest & Biceps🃏",1h 10m,"Single Arm Preacher Curl (Machine)",F,67.5,7.0,0,0.0,,,10
2025-08-07 17:00:31,"Chest & Biceps🃏",1h 10m,"Single Arm Preacher Curl (Machine)",Rest Timer,0,0.0,0,180.0,,,
2025-08-07 17:00:31,"Chest & Biceps🃏",1h 10m,"Single Arm Preacher Curl (Machine)",F,55.0,7.0,0,0.0,,,10
2025-08-07 17:00:31,"Chest & Biceps🃏",1h 10m,"Single Arm Preacher Curl (Machine)",Rest Timer,0,0.0,0,0.0,,,
2025-08-07 17:00:31,"Chest & Biceps🃏",1h 10m,"Incline Bench Press (Smith Machine)",W,20.0,10.0,0,0.0,"2x6-8(F), 4 mins",,
2025-08-07 17:00:31,"Chest & Biceps🃏",1h 10m,"Incline Bench Press (Smith Machine)",Rest Timer,0,0.0,0,180.0,,,
2025-08-07 17:00:31,"Chest & Biceps🃏",1h 10m,"Incline Bench Press (Smith Machine)",W,70.0,8.0,0,0.0,,,
2025-08-07 17:00:31,"Chest & Biceps🃏",1h 10m,"Incline Bench Press (Smith Machine)",Rest Timer,0,0.0,0,180.0,,,
2025-08-07 17:00:31,"Chest & Biceps🃏",1h 10m,"Incline Bench Press (Smith Machine)",W,110.0,5.0,0,0.0,,,
2025-08-07 17:00:31,"Chest & Biceps🃏",1h 10m,"Incline Bench Press (Smith Machine)",Rest Timer,0,0.0,0,180.0,,,
2025-08-07 17:00:31,"Chest & Biceps🃏",1h 10m,"Incline Bench Press (Smith Machine)",F,170.0,7.0,0,0.0,,,10
2025-08-07 17:00:31,"Chest & Biceps🃏",1h 10m,"Incline Bench Press (Smith Machine)",Rest Timer,0,0.0,0,240.0,,,
2025-08-07 17:00:31,"Chest & Biceps🃏",1h 10m,"Incline Bench Press (Smith Machine)",F,150.0,6.0,0,0.0,,,10
2025-08-07 17:00:31,"Chest & Biceps🃏",1h 10m,"Incline Bench Press (Smith Machine)",Rest Timer,0,0.0,0,0.0,,,
2025-08-07 17:00:31,"Chest & Biceps🃏",1h 10m,"Hammer Curl (Cable)",F,20.0,9.0,0,0.0,"2x6-8(F), 3 mins",,10
2025-08-07 17:00:31,"Chest & Biceps🃏",1h 10m,"Hammer Curl (Cable)",Rest Timer,0,0.0,0,180.0,,,
2025-08-07 17:00:31,"Chest & Biceps🃏",1h 10m,"Hammer Curl (Cable)",F,22.5,8.0,0,0.0,,,10
2025-08-07 17:00:31,"Chest & Biceps🃏",1h 10m,"Hammer Curl (Cable)",Rest Timer,0,0.0,0,0.0,,,
2025-08-07 17:00:31,"Chest & Biceps🃏",1h 10m,"Arsenal Strength Chest Fly (Machine)",F,240.0,8.0,0,0.0,"2x8-10(F), 3 mins",,10
2025-08-07 17:00:31,"Chest & Biceps🃏",1h 10m,"Arsenal Strength Chest Fly (Machine)",Rest Timer,0,0.0,0,180.0,,,
2025-08-07 17:00:31,"Chest & Biceps🃏",1h 10m,"Arsenal Strength Chest Fly (Machine)",F,220.0,5.0,0,0.0,,,10
2025-08-07 17:00:31,"Chest & Biceps🃏",1h 10m,"Arsenal Strength Chest Fly (Machine)",Rest Timer,0,0.0,0,0.0,,,
2025-08-08 16:36:16,"Back & Triceps✝️",1h 6m,"Lat Pulldown (Cable)",W,100.0,8.0,0,0.0,"2x6-8(F), 4 mins","Back Width: 1\nBack Thickness: 2\nTriceps: 2",
2025-08-08 16:36:16,"Back & Triceps✝️",1h 6m,"Lat Pulldown (Cable)",Rest Timer,0,0.0,0,180.0,,,
2025-08-08 16:36:16,"Back & Triceps✝️",1h 6m,"Lat Pulldown (Cable)",F,155.0,7.0,0,0.0,,,10
2025-08-08 16:36:16,"Back & Triceps✝️",1h 6m,"Lat Pulldown (Cable)",Rest Timer,0,0.0,0,240.0,,,
2025-08-08 16:36:16,"Back & Triceps✝️",1h 6m,"Lat Pulldown (Cable)",F,140.0,8.0,0,0.0,,,10
2025-08-08 16:36:16,"Back & Triceps✝️",1h 6m,"Lat Pulldown (Cable)",Rest Timer,0,0.0,0,0.0,,,
2025-08-08 16:36:16,"Back & Triceps✝️",1h 6m,"Single Arm Tricep Extension (Machine)",W,20.0,10.0,0,0.0,"2x6-8(F), 3 mins",,
2025-08-08 16:36:16,"Back & Triceps✝️",1h 6m,"Single Arm Tricep Extension (Machine)",Rest Timer,0,0.0,0,120.0,,,
2025-08-08 16:36:16,"Back & Triceps✝️",1h 6m,"Single Arm Tricep Extension (Machine)",F,55.0,8.0,0,0.0,,,10
2025-08-08 16:36:16,"Back & Triceps✝️",1h 6m,"Single Arm Tricep Extension (Machine)",Rest Timer,0,0.0,0,180.0,,,
2025-08-08 16:36:16,"Back & Triceps✝️",1h 6m,"Single Arm Tricep Extension (Machine)",F,57.5,4.0,0,0.0,,,10
2025-08-08 16:36:16,"Back & Triceps✝️",1h 6m,"Single Arm Tricep Extension (Machine)",Rest Timer,0,0.0,0,0.0,,,
2025-08-08 16:36:16,"Back & Triceps✝️",1h 6m,"Seated Row (Machine)",W,70.0,8.0,0,0.0,"2x6-8(F), 4 mins",,
2025-08-08 16:36:16,"Back & Triceps✝️",1h 6m,"Seated Row (Machine)",Rest Timer,0,0.0,0,180.0,,,
2025-08-08 16:36:16,"Back & Triceps✝️",1h 6m,"Seated Row (Machine)",F,140.0,7.0,0,0.0,,,10
2025-08-08 16:36:16,"Back & Triceps✝️",1h 6m,"Seated Row (Machine)",Rest Timer,0,0.0,0,240.0,,,
2025-08-08 16:36:16,"Back & Triceps✝️",1h 6m,"Seated Row (Machine)",F,120.0,8.0,0,0.0,,,10
2025-08-08 16:36:16,"Back & Triceps✝️",1h 6m,"Seated Row (Machine)",Rest Timer,0,0.0,0,0.0,,,
2025-08-08 16:36:16,"Back & Triceps✝️",1h 6m,"Tricep Press (Machine)",F,180.0,10.0,0,0.0,"2x6-8(F), 3 mins",,10
2025-08-08 16:36:16,"Back & Triceps✝️",1h 6m,"Tricep Press (Machine)",Rest Timer,0,0.0,0,180.0,,,
2025-08-08 16:36:16,"Back & Triceps✝️",1h 6m,"Tricep Press (Machine)",F,185.0,7.0,0,0.0,,,10
2025-08-08 16:36:16,"Back & Triceps✝️",1h 6m,"Tricep Press (Machine)",Rest Timer,0,0.0,0,0.0,,,
2025-08-08 16:36:16,"Back & Triceps✝️",1h 6m,"Arsenal Strength Reloaded Iso Multi Row",F,110.0,9.0,0,0.0,"1x6-8(F), 4 mins",,10
2025-08-08 16:36:16,"Back & Triceps✝️",1h 6m,"Arsenal Strength Reloaded Iso Multi Row",Rest Timer,0,0.0,0,0.0,,,
2025-08-12 17:08:00,"Chest & Biceps🃏",1h 17m,"Single Arm Preacher Curl (Machine)",W,10.0,10.0,0,0.0,"2x6-8(F), 3 mins","Chest: 2\nBiceps: 2",
2025-08-12 17:08:00,"Chest & Biceps🃏",1h 17m,"Single Arm Preacher Curl (Machine)",Rest Timer,0,0.0,0,120.0,,,
2025-08-12 17:08:00,"Chest & Biceps🃏",1h 17m,"Single Arm Preacher Curl (Machine)",F,67.5,8.0,0,0.0,,,10
2025-08-12 17:08:00,"Chest & Biceps🃏",1h 17m,"Single Arm Preacher Curl (Machine)",Rest Timer,0,0.0,0,180.0,,,
2025-08-12 17:08:00,"Chest & Biceps🃏",1h 17m,"Single Arm Preacher Curl (Machine)",F,55.0,9.0,0,0.0,,,10
2025-08-12 17:08:00,"Chest & Biceps🃏",1h 17m,"Single Arm Preacher Curl (Machine)",Rest Timer,0,0.0,0,180.0,,,
2025-08-12 17:08:00,"Chest & Biceps🃏",1h 17m,"Incline Bench Press (Smith Machine)",W,20.0,10.0,0,0.0,"2x6-8(F), 4 mins",,
2025-08-12 17:08:00,"Chest & Biceps🃏",1h 17m,"Incline Bench Press (Smith Machine)",Rest Timer,0,0.0,0,180.0,,,
2025-08-12 17:08:00,"Chest & Biceps🃏",1h 17m,"Incline Bench Press (Smith Machine)",W,70.0,8.0,0,0.0,,,
2025-08-12 17:08:00,"Chest & Biceps🃏",1h 17m,"Incline Bench Press (Smith Machine)",Rest Timer,0,0.0,0,180.0,,,
2025-08-12 17:08:00,"Chest & Biceps🃏",1h 17m,"Incline Bench Press (Smith Machine)",W,110.0,5.0,0,0.0,,,
2025-08-12 17:08:00,"Chest & Biceps🃏",1h 17m,"Incline Bench Press (Smith Machine)",Rest Timer,0,0.0,0,180.0,,,
2025-08-12 17:08:00,"Chest & Biceps🃏",1h 17m,"Incline Bench Press (Smith Machine)",F,170.0,8.0,0,0.0,,,10
2025-08-12 17:08:00,"Chest & Biceps🃏",1h 17m,"Incline Bench Press (Smith Machine)",Rest Timer,0,0.0,0,240.0,,,
2025-08-12 17:08:00,"Chest & Biceps🃏",1h 17m,"Incline Bench Press (Smith Machine)",F,175.0,3.0,0,0.0,,,10
2025-08-12 17:08:00,"Chest & Biceps🃏",1h 17m,"Incline Bench Press (Smith Machine)",Rest Timer,0,0.0,0,0.0,,,
2025-08-12 17:08:00,"Chest & Biceps🃏",1h 17m,"Hammer Curl (Cable)",F,22.5,10.0,0,0.0,"2x6-8(F), 3 mins",,10
2025-08-12 17:08:00,"Chest & Biceps🃏",1h 17m,"Hammer Curl (Cable)",Rest Timer,0,0.0,0,180.0,,,
2025-08-12 17:08:00,"Chest & Biceps🃏",1h 17m,"Hammer Curl (Cable)",F,25.0,6.0,0,0.0,,,10
2025-08-12 17:08:00,"Chest & Biceps🃏",1h 17m,"Hammer Curl (Cable)",Rest Timer,0,0.0,0,0.0,,,
2025-08-12 17:08:00,"Chest & Biceps🃏",1h 17m,"Arsenal Strength Chest Fly (Machine)",F,240.0,9.0,0,0.0,"2x8-10(F), 3 mins",,10
2025-08-12 17:08:00,"Chest & Biceps🃏",1h 17m,"Arsenal Strength Chest Fly (Machine)",Rest Timer,0,0.0,0,180.0,,,
2025-08-12 17:08:00,"Chest & Biceps🃏",1h 17m,"Arsenal Strength Chest Fly (Machine)",F,210.0,8.0,0,0.0,,,10
2025-08-12 17:08:00,"Chest & Biceps🃏",1h 17m,"Arsenal Strength Chest Fly (Machine)",Rest Timer,0,0.0,0,0.0,,,
2025-08-13 13:53:53,"Back & Triceps✝️",43m,"Lat Pulldown (Cable)",W,100.0,8.0,0,0.0,"2x6-8(F), 4 mins","Back Width: 1\nBack Thickness: 2\nTriceps: 2",
2025-08-13 13:53:53,"Back & Triceps✝️",43m,"Lat Pulldown (Cable)",Rest Timer,0,0.0,0,180.0,,,
2025-08-13 13:53:53,"Back & Triceps✝️",43m,"Lat Pulldown (Cable)",F,155.0,8.0,0,0.0,,,10
2025-08-13 13:53:53,"Back & Triceps✝️",43m,"Lat Pulldown (Cable)",Rest Timer,0,0.0,0,240.0,,,
2025-08-13 13:53:53,"Back & Triceps✝️",43m,"Lat Pulldown (Cable)",F,160.0,4.0,0,0.0,,,10
2025-08-13 13:53:53,"Back & Triceps✝️",43m,"Lat Pulldown (Cable)",Rest Timer,0,0.0,0,0.0,,,
2025-08-13 13:53:53,"Back & Triceps✝️",43m,"Single Arm Tricep Extension (Machine)",W,20.0,10.0,0,0.0,"2x6-8(F), 3 mins",,
2025-08-13 13:53:53,"Back & Triceps✝️",43m,"Single Arm Tricep Extension (Machine)",Rest Timer,0,0.0,0,120.0,,,
2025-08-13 13:53:53,"Back & Triceps✝️",43m,"Single Arm Tricep Extension (Machine)",F,57.5,6.0,0,0.0,,,10
2025-08-13 13:53:53,"Back & Triceps✝️",43m,"Single Arm Tricep Extension (Machine)",Rest Timer,0,0.0,0,180.0,,,
2025-08-13 13:53:53,"Back & Triceps✝️",43m,"Single Arm Tricep Extension (Machine)",F,50.0,9.0,0,0.0,,,10
2025-08-13 13:53:53,"Back & Triceps✝️",43m,"Single Arm Tricep Extension (Machine)",Rest Timer,0,0.0,0,0.0,,,
2025-08-13 13:53:53,"Back & Triceps✝️",43m,"Seated Row (Machine)",W,70.0,8.0,0,0.0,"2x6-8(F), 4 mins",,
2025-08-13 13:53:53,"Back & Triceps✝️",43m,"Seated Row (Machine)",Rest Timer,0,0.0,0,180.0,,,
2025-08-13 13:53:53,"Back & Triceps✝️",43m,"Seated Row (Machine)",F,140.0,9.0,0,0.0,,,10
2025-08-13 13:53:53,"Back & Triceps✝️",43m,"Seated Row (Machine)",Rest Timer,0,0.0,0,240.0,,,
2025-08-13 13:53:53,"Back & Triceps✝️",43m,"Seated Row (Machine)",F,145.0,4.0,0,0.0,,,10
2025-08-13 13:53:53,"Back & Triceps✝️",43m,"Seated Row (Machine)",Rest Timer,0,0.0,0,0.0,,,
2025-08-13 13:53:53,"Back & Triceps✝️",43m,"Tricep Press (Machine)",F,185.0,10.0,0,0.0,"2x6-8(F), 3 mins",,10
2025-08-13 13:53:53,"Back & Triceps✝️",43m,"Tricep Press (Machine)",Rest Timer,0,0.0,0,180.0,,,
2025-08-13 13:53:53,"Back & Triceps✝️",43m,"Tricep Press (Machine)",F,190.0,7.0,0,0.0,,,10
2025-08-13 13:53:53,"Back & Triceps✝️",43m,"Tricep Press (Machine)",Rest Timer,0,0.0,0,0.0,,,
2025-08-14 18:41:59,"Legs 🐓 ",56m,"Walking (Treadmill)",W,0,0.0,0,300.0,"Incline: 3, Speed: .5-1, Backwards","Quads: 2\nHamstring: 1\nCalves: 1",
2025-08-14 18:41:59,"Legs 🐓 ",56m,"Single-Leg Leg Curl",W,30.0,10.0,0,0.0,"2x8-10(F), 3 mins",,
2025-08-14 18:41:59,"Legs 🐓 ",56m,"Single-Leg Leg Curl",Rest Timer,0,0.0,0,120.0,,,
2025-08-14 18:41:59,"Legs 🐓 ",56m,"Single-Leg Leg Curl",F,95.0,9.0,0,0.0,,,10
2025-08-14 18:41:59,"Legs 🐓 ",56m,"Single-Leg Leg Curl",Rest Timer,0,0.0,0,180.0,,,
2025-08-14 18:41:59,"Legs 🐓 ",56m,"Single-Leg Leg Curl",F,90.0,5.0,0,0.0,,,10
2025-08-14 18:41:59,"Legs 🐓 ",56m,"Single-Leg Leg Curl",Rest Timer,0,0.0,0,0.0,,,
2025-08-14 18:41:59,"Legs 🐓 ",56m,"Hack Squat",W,90.0,10.0,0,0.0,"2x6-8(F), 4 mins",,
2025-08-14 18:41:59,"Legs 🐓 ",56m,"Hack Squat",Rest Timer,0,0.0,0,180.0,,,
2025-08-14 18:41:59,"Legs 🐓 ",56m,"Hack Squat",W,180.0,8.0,0,0.0,,,
2025-08-14 18:41:59,"Legs 🐓 ",56m,"Hack Squat",Rest Timer,0,0.0,0,180.0,,,
2025-08-14 18:41:59,"Legs 🐓 ",56m,"Hack Squat",F,370.0,7.0,0,0.0,,,10
2025-08-14 18:41:59,"Legs 🐓 ",56m,"Hack Squat",Rest Timer,0,0.0,0,240.0,,,
2025-08-14 18:41:59,"Legs 🐓 ",56m,"Hack Squat",F,340.0,6.0,0,0.0,,,10
2025-08-14 18:41:59,"Legs 🐓 ",56m,"Hack Squat",Rest Timer,0,0.0,0,0.0,,,
2025-08-14 18:41:59,"Legs 🐓 ",56m,"Standing Calf Raise (Machine)",F,270.0,10.0,0,0.0,"2x8-10(F), 3 mins",,10
2025-08-14 18:41:59,"Legs 🐓 ",56m,"Standing Calf Raise (Machine)",Rest Timer,0,0.0,0,180.0,,,
2025-08-14 18:41:59,"Legs 🐓 ",56m,"Standing Calf Raise (Machine)",F,275.0,7.0,0,0.0,,,10
2025-08-14 18:41:59,"Legs 🐓 ",56m,"Standing Calf Raise (Machine)",Rest Timer,0,0.0,0,0.0,,,
2025-08-14 18:41:59,"Legs 🐓 ",56m,"Single-Leg Leg Extension (Machine)",F,85.0,9.0,0,0.0,"2x6-8(F), 3 mins",,10
2025-08-14 18:41:59,"Legs 🐓 ",56m,"Single-Leg Leg Extension (Machine)",Rest Timer,0,0.0,0,180.0,,,
2025-08-14 18:41:59,"Legs 🐓 ",56m,"Single-Leg Leg Extension (Machine)",F,90.0,7.0,0,0.0,,,10
2025-08-14 18:41:59,"Legs 🐓 ",56m,"Single-Leg Leg Extension (Machine)",Rest Timer,0,0.0,0,0.0,,,
2025-08-24 17:05:20,"Chest & Biceps🃏",51m,"Single Arm Preacher Curl (Machine)",W,10.0,10.0,0,0.0,"2x6-8(F), 3 mins","Chest: 2\nBiceps: 2",
2025-08-24 17:05:20,"Chest & Biceps🃏",51m,"Single Arm Preacher Curl (Machine)",Rest Timer,0,0.0,0,120.0,,,
2025-08-24 17:05:20,"Chest & Biceps🃏",51m,"Single Arm Preacher Curl (Machine)",F,70.0,6.0,0,0.0,,,10
2025-08-24 17:05:20,"Chest & Biceps🃏",51m,"Single Arm Preacher Curl (Machine)",Rest Timer,0,0.0,0,180.0,,,
2025-08-24 17:05:20,"Chest & Biceps🃏",51m,"Single Arm Preacher Curl (Machine)",F,60.0,7.0,0,0.0,,,10
2025-08-24 17:05:20,"Chest & Biceps🃏",51m,"Single Arm Preacher Curl (Machine)",Rest Timer,0,0.0,0,180.0,,,
2025-08-24 17:05:20,"Chest & Biceps🃏",51m,"Incline Bench Press (Smith Machine)",W,20.0,10.0,0,0.0,"2x6-8(F), 4 mins",,
2025-08-24 17:05:20,"Chest & Biceps🃏",51m,"Incline Bench Press (Smith Machine)",Rest Timer,0,0.0,0,180.0,,,
2025-08-24 17:05:20,"Chest & Biceps🃏",51m,"Incline Bench Press (Smith Machine)",W,70.0,8.0,0,0.0,,,
2025-08-24 17:05:20,"Chest & Biceps🃏",51m,"Incline Bench Press (Smith Machine)",Rest Timer,0,0.0,0,180.0,,,
2025-08-24 17:05:20,"Chest & Biceps🃏",51m,"Incline Bench Press (Smith Machine)",W,110.0,5.0,0,0.0,,,
2025-08-24 17:05:20,"Chest & Biceps🃏",51m,"Incline Bench Press (Smith Machine)",Rest Timer,0,0.0,0,180.0,,,
2025-08-24 17:05:20,"Chest & Biceps🃏",51m,"Incline Bench Press (Smith Machine)",F,175.0,6.0,0,0.0,,,10
2025-08-24 17:05:20,"Chest & Biceps🃏",51m,"Incline Bench Press (Smith Machine)",Rest Timer,0,0.0,0,240.0,,,
2025-08-24 17:05:20,"Chest & Biceps🃏",51m,"Incline Bench Press (Smith Machine)",F,160.0,8.0,0,0.0,,,10
2025-08-24 17:05:20,"Chest & Biceps🃏",51m,"Incline Bench Press (Smith Machine)",Rest Timer,0,0.0,0,0.0,,,
2025-08-24 17:05:20,"Chest & Biceps🃏",51m,"Hammer Curl (Cable)",F,25.0,11.0,0,0.0,"2x6-8(F), 3 mins",,10
2025-08-24 17:05:20,"Chest & Biceps🃏",51m,"Hammer Curl (Cable)",Rest Timer,0,0.0,0,180.0,,,
2025-08-24 17:05:20,"Chest & Biceps🃏",51m,"Hammer Curl (Cable)",F,27.5,12.0,0,0.0,,,10
2025-08-24 17:05:20,"Chest & Biceps🃏",51m,"Hammer Curl (Cable)",Rest Timer,0,0.0,0,0.0,,,
2025-08-24 17:05:20,"Chest & Biceps🃏",51m,"Arsenal Strength Chest Fly (Machine)",F,240.0,7.0,0,0.0,"2x8-10(F), 3 mins",,10
2025-08-24 17:05:20,"Chest & Biceps🃏",51m,"Arsenal Strength Chest Fly (Machine)",Rest Timer,0,0.0,0,180.0,,,
2025-08-24 17:05:20,"Chest & Biceps🃏",51m,"Arsenal Strength Chest Fly (Machine)",F,210.0,5.0,0,0.0,,,10
2025-08-24 17:05:20,"Chest & Biceps🃏",51m,"Arsenal Strength Chest Fly (Machine)",Rest Timer,0,0.0,0,0.0,,,
2025-08-25 12:52:56,"Back & Triceps✝️",49m,"Seated Row (Machine)",W,70.0,8.0,0,0.0,"2x6-8(F), 4 mins","Back Width: 1\nBack Thickness: 2\nTriceps: 2",
2025-08-25 12:52:56,"Back & Triceps✝️",49m,"Seated Row (Machine)",Rest Timer,0,0.0,0,180.0,,,
2025-08-25 12:52:56,"Back & Triceps✝️",49m,"Seated Row (Machine)",F,145.0,8.0,0,0.0,,,10
2025-08-25 12:52:56,"Back & Triceps✝️",49m,"Seated Row (Machine)",Rest Timer,0,0.0,0,240.0,,,
2025-08-25 12:52:56,"Back & Triceps✝️",49m,"Seated Row (Machine)",F,150.0,3.0,0,0.0,,,10
2025-08-25 12:52:56,"Back & Triceps✝️",49m,"Seated Row (Machine)",Rest Timer,0,0.0,0,0.0,,,
2025-08-25 12:52:56,"Back & Triceps✝️",49m,"Single Arm Tricep Extension (Machine)",W,20.0,10.0,0,0.0,"2x6-8(F), 3 mins",,
2025-08-25 12:52:56,"Back & Triceps✝️",49m,"Single Arm Tricep Extension (Machine)",Rest Timer,0,0.0,0,120.0,,,
2025-08-25 12:52:56,"Back & Triceps✝️",49m,"Single Arm Tricep Extension (Machine)",F,57.5,7.0,0,0.0,,,10
2025-08-25 12:52:56,"Back & Triceps✝️",49m,"Single Arm Tricep Extension (Machine)",Rest Timer,0,0.0,0,180.0,,,
2025-08-25 12:52:56,"Back & Triceps✝️",49m,"Single Arm Tricep Extension (Machine)",F,50.0,8.0,0,0.0,,,10
2025-08-25 12:52:56,"Back & Triceps✝️",49m,"Single Arm Tricep Extension (Machine)",Rest Timer,0,0.0,0,0.0,,,
2025-08-25 12:52:56,"Back & Triceps✝️",49m,"Lat Pulldown (Cable)",W,100.0,8.0,0,0.0,"2x6-8(F), 4 mins",,
2025-08-25 12:52:56,"Back & Triceps✝️",49m,"Lat Pulldown (Cable)",Rest Timer,0,0.0,0,180.0,,,
2025-08-25 12:52:56,"Back & Triceps✝️",49m,"Lat Pulldown (Cable)",F,160.0,5.0,0,0.0,,,10
2025-08-25 12:52:56,"Back & Triceps✝️",49m,"Lat Pulldown (Cable)",Rest Timer,0,0.0,0,240.0,,,
2025-08-25 12:52:56,"Back & Triceps✝️",49m,"Lat Pulldown (Cable)",F,145.0,5.0,0,0.0,,,10
2025-08-25 12:52:56,"Back & Triceps✝️",49m,"Lat Pulldown (Cable)",Rest Timer,0,0.0,0,0.0,,,
2025-08-25 12:52:56,"Back & Triceps✝️",49m,"Tricep Press (Machine)",F,190.0,8.0,0,0.0,"2x6-8(F), 3 mins",,10
2025-08-25 12:52:56,"Back & Triceps✝️",49m,"Tricep Press (Machine)",Rest Timer,0,0.0,0,180.0,,,
2025-08-25 12:52:56,"Back & Triceps✝️",49m,"Tricep Press (Machine)",F,195.0,8.0,0,0.0,,,10
2025-08-25 12:52:56,"Back & Triceps✝️",49m,"Tricep Press (Machine)",Rest Timer,0,0.0,0,0.0,,,
2025-08-25 12:52:56,"Back & Triceps✝️",49m,"Arsenal Strength Reloaded Iso Multi Row",F,115.0,8.0,0,0.0,"1x6-8(F), 4 mins",,10
2025-08-25 12:52:56,"Back & Triceps✝️",49m,"Arsenal Strength Reloaded Iso Multi Row",Rest Timer,0,0.0,0,0.0,,,
2025-09-02 16:23:12,"Chest & Biceps🃏",56m,"Single Arm Preacher Curl (Machine)",W,10.0,10.0,0,0.0,"2x6-8(F), 3 mins","Chest: 2\nBiceps: 2",
2025-09-02 16:23:12,"Chest & Biceps🃏",56m,"Single Arm Preacher Curl (Machine)",Rest Timer,0,0.0,0,120.0,,,
2025-09-02 16:23:12,"Chest & Biceps🃏",56m,"Single Arm Preacher Curl (Machine)",F,70.0,6.0,0,0.0,,,10
2025-09-02 16:23:12,"Chest & Biceps🃏",56m,"Single Arm Preacher Curl (Machine)",Rest Timer,0,0.0,0,180.0,,,
2025-09-02 16:23:12,"Chest & Biceps🃏",56m,"Single Arm Preacher Curl (Machine)",F,60.0,7.0,0,0.0,,,10
2025-09-02 16:23:12,"Chest & Biceps🃏",56m,"Single Arm Preacher Curl (Machine)",Rest Timer,0,0.0,0,180.0,,,
2025-09-02 16:23:12,"Chest & Biceps🃏",56m,"Incline Bench Press (Smith Machine)",W,20.0,10.0,0,0.0,"2x6-8(F), 4 mins",,
2025-09-02 16:23:12,"Chest & Biceps🃏",56m,"Incline Bench Press (Smith Machine)",Rest Timer,0,0.0,0,180.0,,,
2025-09-02 16:23:12,"Chest & Biceps🃏",56m,"Incline Bench Press (Smith Machine)",W,70.0,8.0,0,0.0,,,
2025-09-02 16:23:12,"Chest & Biceps🃏",56m,"Incline Bench Press (Smith Machine)",Rest Timer,0,0.0,0,180.0,,,
2025-09-02 16:23:12,"Chest & Biceps🃏",56m,"Incline Bench Press (Smith Machine)",W,110.0,5.0,0,0.0,,,
2025-09-02 16:23:12,"Chest & Biceps🃏",56m,"Incline Bench Press (Smith Machine)",Rest Timer,0,0.0,0,180.0,,,
2025-09-02 16:23:12,"Chest & Biceps🃏",56m,"Incline Bench Press (Smith Machine)",F,175.0,5.0,0,0.0,,,10
2025-09-02 16:23:12,"Chest & Biceps🃏",56m,"Incline Bench Press (Smith Machine)",Rest Timer,0,0.0,0,240.0,,,
2025-09-02 16:23:12,"Chest & Biceps🃏",56m,"Incline Bench Press (Smith Machine)",F,160.0,5.0,0,0.0,,,10
2025-09-02 16:23:12,"Chest & Biceps🃏",56m,"Incline Bench Press (Smith Machine)",Rest Timer,0,0.0,0,0.0,,,
2025-09-02 16:23:12,"Chest & Biceps🃏",56m,"Hammer Curl (Cable)",F,30.0,5.0,0,0.0,"2x6-8(F), 3 mins",,10
2025-09-02 16:23:12,"Chest & Biceps🃏",56m,"Hammer Curl (Cable)",Rest Timer,0,0.0,0,180.0,,,
2025-09-02 16:23:12,"Chest & Biceps🃏",56m,"Hammer Curl (Cable)",F,25.0,8.0,0,0.0,,,10
2025-09-02 16:23:12,"Chest & Biceps🃏",56m,"Hammer Curl (Cable)",Rest Timer,0,0.0,0,0.0,,,
2025-09-02 16:23:12,"Chest & Biceps🃏",56m,"Arsenal Strength Chest Fly (Machine)",F,240.0,8.0,0,0.0,"2x8-10(F), 3 mins",,10
2025-09-02 16:23:12,"Chest & Biceps🃏",56m,"Arsenal Strength Chest Fly (Machine)",Rest Timer,0,0.0,0,180.0,,,
2025-09-02 16:23:12,"Chest & Biceps🃏",56m,"Arsenal Strength Chest Fly (Machine)",F,210.0,6.0,0,0.0,,,10
2025-09-02 16:23:12,"Chest & Biceps🃏",56m,"Arsenal Strength Chest Fly (Machine)",Rest Timer,0,0.0,0,0.0,,,
2025-09-03 18:27:20,"Back & Triceps✝️",1h 8m,"Lat Pulldown (Single Arm)",W,100.0,10.0,0,0.0,"2x6-8(F), 4 mins","Back Width: 1\nBack Thickness: 2\nTriceps: 2",
2025-09-03 18:27:20,"Back & Triceps✝️",1h 8m,"Lat Pulldown (Single Arm)",Rest Timer,0,0.0,0,120.0,,,
2025-09-03 18:27:20,"Back & Triceps✝️",1h 8m,"Lat Pulldown (Single Arm)",F,70.0,6.0,0,0.0,,,10
2025-09-03 18:27:20,"Back & Triceps✝️",1h 8m,"Lat Pulldown (Single Arm)",Rest Timer,0,0.0,0,180.0,,,
2025-09-03 18:27:20,"Back & Triceps✝️",1h 8m,"Lat Pulldown (Single Arm)",F,60.0,8.0,0,0.0,,,10
2025-09-03 18:27:20,"Back & Triceps✝️",1h 8m,"Lat Pulldown (Single Arm)",Rest Timer,0,0.0,0,180.0,,,
2025-09-03 18:27:20,"Back & Triceps✝️",1h 8m,"Single Arm Tricep Extension (Machine)",W,20.0,10.0,0,0.0,"2x6-8(F), 3 mins",,
2025-09-03 18:27:20,"Back & Triceps✝️",1h 8m,"Single Arm Tricep Extension (Machine)",Rest Timer,0,0.0,0,120.0,,,
2025-09-03 18:27:20,"Back & Triceps✝️",1h 8m,"Single Arm Tricep Extension (Machine)",F,57.5,7.0,0,0.0,,,10
2025-09-03 18:27:20,"Back & Triceps✝️",1h 8m,"Single Arm Tricep Extension (Machine)",Rest Timer,0,0.0,0,180.0,,,
2025-09-03 18:27:20,"Back & Triceps✝️",1h 8m,"Single Arm Tricep Extension (Machine)",F,50.0,8.0,0,0.0,,,10
2025-09-03 18:27:20,"Back & Triceps✝️",1h 8m,"Single Arm Tricep Extension (Machine)",Rest Timer,0,0.0,0,0.0,,,
2025-09-03 18:27:20,"Back & Triceps✝️",1h 8m,"Seated Row (Machine)",W,70.0,8.0,0,0.0,"2x6-8(F), 4 mins",,
2025-09-03 18:27:20,"Back & Triceps✝️",1h 8m,"Seated Row (Machine)",Rest Timer,0,0.0,0,180.0,,,
2025-09-03 18:27:20,"Back & Triceps✝️",1h 8m,"Seated Row (Machine)",F,150.0,4.0,0,0.0,,,10
2025-09-03 18:27:20,"Back & Triceps✝️",1h 8m,"Seated Row (Machine)",Rest Timer,0,0.0,0,240.0,,,
2025-09-03 18:27:20,"Back & Triceps✝️",1h 8m,"Seated Row (Machine)",F,130.0,5.0,0,0.0,,,10
2025-09-03 18:27:20,"Back & Triceps✝️",1h 8m,"Seated Row (Machine)",Rest Timer,0,0.0,0,0.0,,,
2025-09-03 18:27:20,"Back & Triceps✝️",1h 8m,"Tricep Press (Machine)",F,200.0,7.0,0,0.0,"2x6-8(F), 3 mins",,10
2025-09-03 18:27:20,"Back & Triceps✝️",1h 8m,"Tricep Press (Machine)",Rest Timer,0,0.0,0,180.0,,,
2025-09-03 18:27:20,"Back & Triceps✝️",1h 8m,"Tricep Press (Machine)",F,200.0,5.0,0,0.0,,,10
2025-09-03 18:27:20,"Back & Triceps✝️",1h 8m,"Tricep Press (Machine)",Rest Timer,0,0.0,0,0.0,,,
2025-09-03 18:27:20,"Back & Triceps✝️",1h 8m,"Arsenal Strength Reloaded Iso Multi Row",F,120.0,7.0,0,0.0,"1x6-8(F), 4 mins",,10
2025-09-03 18:27:20,"Back & Triceps✝️",1h 8m,"Arsenal Strength Reloaded Iso Multi Row",Rest Timer,0,0.0,0,0.0,,,
2025-09-08 16:54:10,"Shoulders🪨",25m,"Leg Raise (Captain’s Chair)",F,0,15.0,0,0.0,"3xFailure, 3 mins","Shoulders: 3\nCore: 1",10
2025-09-08 16:54:10,"Shoulders🪨",25m,"Leg Raise (Captain’s Chair)",Rest Timer,0,0.0,0,180.0,,,
2025-09-08 16:54:10,"Shoulders🪨",25m,"Leg Raise (Captain’s Chair)",F,0,11.0,0,0.0,,,10
2025-09-08 16:54:10,"Shoulders🪨",25m,"Leg Raise (Captain’s Chair)",Rest Timer,0,0.0,0,180.0,,,
2025-09-08 16:54:10,"Shoulders🪨",25m,"Arsenal Strength Shoulder Press (Machine)",W,18.0,8.0,0,0.0,"2x6-8(F), 3 mins",,
2025-09-08 16:54:10,"Shoulders🪨",25m,"Arsenal Strength Shoulder Press (Machine)",Rest Timer,0,0.0,0,120.0,,,
2025-09-08 16:54:10,"Shoulders🪨",25m,"Arsenal Strength Shoulder Press (Machine)",W,43.0,8.0,0,0.0,,,
2025-09-08 16:54:10,"Shoulders🪨",25m,"Arsenal Strength Shoulder Press (Machine)",Rest Timer,0,0.0,0,120.0,,,
2025-09-08 16:54:10,"Shoulders🪨",25m,"Arsenal Strength Shoulder Press (Machine)",F,108.0,6.0,0,0.0,,,10
2025-09-08 16:54:10,"Shoulders🪨",25m,"Arsenal Strength Shoulder Press (Machine)",Rest Timer,0,0.0,0,180.0,,,
2025-09-08 16:54:10,"Shoulders🪨",25m,"Arsenal Strength Shoulder Press (Machine)",F,88.0,7.0,0,0.0,,,10
2025-09-08 16:54:10,"Shoulders🪨",25m,"Arsenal Strength Shoulder Press (Machine)",Rest Timer,0,0.0,0,180.0,,,
2025-09-08 16:54:10,"Shoulders🪨",25m,"Lateral Raise (Cable)",F,20.0,8.0,0,0.0,"2x8-10(F), 3 mins",,10
2025-09-08 16:54:10,"Shoulders🪨",25m,"Lateral Raise (Cable)",Rest Timer,0,0.0,0,180.0,,,
2025-09-10 12:55:25,"Chest & Biceps🃏",49m,"Single Arm Preacher Curl (Machine)",W,10.0,10.0,0,0.0,"2x6-8(F), 3 mins","Chest: 2\nBiceps: 2",
2025-09-10 12:55:25,"Chest & Biceps🃏",49m,"Single Arm Preacher Curl (Machine)",Rest Timer,0,0.0,0,120.0,,,
2025-09-10 12:55:25,"Chest & Biceps🃏",49m,"Single Arm Preacher Curl (Machine)",F,70.0,8.0,0,0.0,,,10
2025-09-10 12:55:25,"Chest & Biceps🃏",49m,"Single Arm Preacher Curl (Machine)",Rest Timer,0,0.0,0,180.0,,,
2025-09-10 12:55:25,"Chest & Biceps🃏",49m,"Single Arm Preacher Curl (Machine)",F,72.5,5.0,0,0.0,,,10
2025-09-10 12:55:25,"Chest & Biceps🃏",49m,"Single Arm Preacher Curl (Machine)",Rest Timer,0,0.0,0,180.0,,,
2025-09-10 12:55:25,"Chest & Biceps🃏",49m,"Incline Bench Press (Smith Machine)",W,20.0,10.0,0,0.0,"2x6-8(F), 4 mins",,
2025-09-10 12:55:25,"Chest & Biceps🃏",49m,"Incline Bench Press (Smith Machine)",Rest Timer,0,0.0,0,180.0,,,
2025-09-10 12:55:25,"Chest & Biceps🃏",49m,"Incline Bench Press (Smith Machine)",W,70.0,8.0,0,0.0,,,
2025-09-10 12:55:25,"Chest & Biceps🃏",49m,"Incline Bench Press (Smith Machine)",Rest Timer,0,0.0,0,180.0,,,
2025-09-10 12:55:25,"Chest & Biceps🃏",49m,"Incline Bench Press (Smith Machine)",W,110.0,5.0,0,0.0,,,
2025-09-10 12:55:25,"Chest & Biceps🃏",49m,"Incline Bench Press (Smith Machine)",Rest Timer,0,0.0,0,180.0,,,
2025-09-10 12:55:25,"Chest & Biceps🃏",49m,"Incline Bench Press (Smith Machine)",F,175.0,6.0,0,0.0,,,10
2025-09-10 12:55:25,"Chest & Biceps🃏",49m,"Incline Bench Press (Smith Machine)",Rest Timer,0,0.0,0,240.0,,,
2025-09-10 12:55:25,"Chest & Biceps🃏",49m,"Incline Bench Press (Smith Machine)",F,160.0,6.0,0,0.0,,,10
2025-09-10 12:55:25,"Chest & Biceps🃏",49m,"Incline Bench Press (Smith Machine)",Rest Timer,0,0.0,0,0.0,,,
2025-09-10 12:55:25,"Chest & Biceps🃏",49m,"Hammer Curl (Cable)",F,30.0,7.0,0,0.0,"2x6-8(F), 3 mins",,10
2025-09-10 12:55:25,"Chest & Biceps🃏",49m,"Hammer Curl (Cable)",Rest Timer,0,0.0,0,180.0,,,
2025-09-10 12:55:25,"Chest & Biceps🃏",49m,"Hammer Curl (Cable)",F,25.0,7.0,0,0.0,,,10
2025-09-10 12:55:25,"Chest & Biceps🃏",49m,"Hammer Curl (Cable)",Rest Timer,0,0.0,0,0.0,,,
2025-09-10 12:55:25,"Chest & Biceps🃏",49m,"Arsenal Strength Chest Fly (Machine)",F,240.0,8.0,0,0.0,"2x8-10(F), 3 mins",,10
2025-09-10 12:55:25,"Chest & Biceps🃏",49m,"Arsenal Strength Chest Fly (Machine)",Rest Timer,0,0.0,0,180.0,,,
2025-09-10 12:55:25,"Chest & Biceps🃏",49m,"Arsenal Strength Chest Fly (Machine)",F,210.0,4.0,0,0.0,,,10
2025-09-10 12:55:25,"Chest & Biceps🃏",49m,"Arsenal Strength Chest Fly (Machine)",Rest Timer,0,0.0,0,0.0,,,
2025-09-11 17:34:29,"Back & Triceps✝️",1h 12m,"Lat Pulldown (Single Arm)",W,100.0,10.0,0,0.0,"2x6-8(F), 4 mins","Back Width: 1\nBack Thickness: 2\nTriceps: 2",
2025-09-11 17:34:29,"Back & Triceps✝️",1h 12m,"Lat Pulldown (Single Arm)",Rest Timer,0,0.0,0,120.0,,,
2025-09-11 17:34:29,"Back & Triceps✝️",1h 12m,"Lat Pulldown (Single Arm)",F,70.0,7.0,0,0.0,,,10
2025-09-11 17:34:29,"Back & Triceps✝️",1h 12m,"Lat Pulldown (Single Arm)",Rest Timer,0,0.0,0,180.0,,,
2025-09-11 17:34:29,"Back & Triceps✝️",1h 12m,"Lat Pulldown (Single Arm)",F,70.0,6.0,0,0.0,,,10
2025-09-11 17:34:29,"Back & Triceps✝️",1h 12m,"Lat Pulldown (Single Arm)",Rest Timer,0,0.0,0,0.0,,,
2025-09-11 17:34:29,"Back & Triceps✝️",1h 12m,"Single Arm Tricep Extension (Machine)",W,20.0,10.0,0,0.0,"2x6-8(F), 3 mins",,
2025-09-11 17:34:29,"Back & Triceps✝️",1h 12m,"Single Arm Tricep Extension (Machine)",Rest Timer,0,0.0,0,120.0,,,
2025-09-11 17:34:29,"Back & Triceps✝️",1h 12m,"Single Arm Tricep Extension (Machine)",F,57.5,8.0,0,0.0,,,10
2025-09-11 17:34:29,"Back & Triceps✝️",1h 12m,"Single Arm Tricep Extension (Machine)",Rest Timer,0,0.0,0,180.0,,,
2025-09-11 17:34:29,"Back & Triceps✝️",1h 12m,"Single Arm Tricep Extension (Machine)",F,60.0,2.0,0,0.0,,,10
2025-09-11 17:34:29,"Back & Triceps✝️",1h 12m,"Single Arm Tricep Extension (Machine)",Rest Timer,0,0.0,0,0.0,,,
2025-09-11 17:34:29,"Back & Triceps✝️",1h 12m,"Seated Row (Machine)",W,70.0,8.0,0,0.0,"2x6-8(F), 4 mins",,
2025-09-11 17:34:29,"Back & Triceps✝️",1h 12m,"Seated Row (Machine)",Rest Timer,0,0.0,0,180.0,,,
2025-09-11 17:34:29,"Back & Triceps✝️",1h 12m,"Seated Row (Machine)",F,150.0,6.0,0,0.0,,,10
2025-09-11 17:34:29,"Back & Triceps✝️",1h 12m,"Seated Row (Machine)",Rest Timer,0,0.0,0,240.0,,,
2025-09-11 17:34:29,"Back & Triceps✝️",1h 12m,"Seated Row (Machine)",F,130.0,7.0,0,0.0,,,10
2025-09-11 17:34:29,"Back & Triceps✝️",1h 12m,"Seated Row (Machine)",Rest Timer,0,0.0,0,0.0,,,
2025-09-11 17:34:29,"Back & Triceps✝️",1h 12m,"Tricep Press (Machine)",F,200.0,9.0,0,0.0,"2x6-8(F), 3 mins",,10
2025-09-11 17:34:29,"Back & Triceps✝️",1h 12m,"Tricep Press (Machine)",Rest Timer,0,0.0,0,180.0,,,
2025-09-11 17:34:29,"Back & Triceps✝️",1h 12m,"Tricep Press (Machine)",F,205.0,5.0,0,0.0,,,10
2025-09-11 17:34:29,"Back & Triceps✝️",1h 12m,"Tricep Press (Machine)",Rest Timer,0,0.0,0,0.0,,,
2025-09-14 15:33:00,"Legs 🐓 ",46m,"Walking (Treadmill)",W,0,0.0,0,300.0,"Incline: 3, Speed: .5-1, Backwards","Quads: 2\nHamstring: 1\nCalves: 1",
2025-09-14 15:33:00,"Legs 🐓 ",46m,"Single-Leg Leg Curl",W,30.0,10.0,0,0.0,"2x8-10(F), 3 mins",,
2025-09-14 15:33:00,"Legs 🐓 ",46m,"Single-Leg Leg Curl",Rest Timer,0,0.0,0,120.0,,,
2025-09-14 15:33:00,"Legs 🐓 ",46m,"Single-Leg Leg Curl",F,95.0,9.0,0,0.0,,,10
2025-09-14 15:33:00,"Legs 🐓 ",46m,"Single-Leg Leg Curl",Rest Timer,0,0.0,0,180.0,,,
2025-09-14 15:33:00,"Legs 🐓 ",46m,"Single-Leg Leg Curl",F,85.0,8.0,0,0.0,,,10
2025-09-14 15:33:00,"Legs 🐓 ",46m,"Single-Leg Leg Curl",Rest Timer,0,0.0,0,0.0,,,
2025-09-14 15:33:00,"Legs 🐓 ",46m,"Hack Squat",W,90.0,10.0,0,0.0,"2x6-8(F), 4 mins",,
2025-09-14 15:33:00,"Legs 🐓 ",46m,"Hack Squat",Rest Timer,0,0.0,0,180.0,,,
2025-09-14 15:33:00,"Legs 🐓 ",46m,"Hack Squat",W,180.0,8.0,0,0.0,,,
2025-09-14 15:33:00,"Legs 🐓 ",46m,"Hack Squat",Rest Timer,0,0.0,0,180.0,,,
2025-09-14 15:33:00,"Legs 🐓 ",46m,"Hack Squat",F,370.0,6.0,0,0.0,,,10
2025-09-14 15:33:00,"Legs 🐓 ",46m,"Hack Squat",Rest Timer,0,0.0,0,240.0,,,
2025-09-14 15:33:00,"Legs 🐓 ",46m,"Hack Squat",F,340.0,3.0,0,0.0,,,10
2025-09-14 15:33:00,"Legs 🐓 ",46m,"Hack Squat",Rest Timer,0,0.0,0,0.0,,,
2025-09-14 15:33:00,"Legs 🐓 ",46m,"Standing Calf Raise (Machine)",F,275.0,6.0,0,0.0,"2x8-10(F), 3 mins",,10
2025-09-14 15:33:00,"Legs 🐓 ",46m,"Standing Calf Raise (Machine)",Rest Timer,0,0.0,0,180.0,,,
2025-09-15 17:24:07,"Shoulders🪨",58m,"Leg Raise (Captain’s Chair)",F,0,18.0,0,0.0,"3xFailure, 3 mins","Shoulders: 3\nCore: 1",10
2025-09-15 17:24:07,"Shoulders🪨",58m,"Leg Raise (Captain’s Chair)",Rest Timer,0,0.0,0,180.0,,,
2025-09-15 17:24:07,"Shoulders🪨",58m,"Leg Raise (Captain’s Chair)",F,0,13.0,0,0.0,,,10
2025-09-15 17:24:07,"Shoulders🪨",58m,"Leg Raise (Captain’s Chair)",Rest Timer,0,0.0,0,180.0,,,
2025-09-15 17:24:07,"Shoulders🪨",58m,"Leg Raise (Captain’s Chair)",F,0,9.0,0,0.0,,,10
2025-09-15 17:24:07,"Shoulders🪨",58m,"Leg Raise (Captain’s Chair)",Rest Timer,0,0.0,0,0.0,,,
2025-09-15 17:24:07,"Shoulders🪨",58m,"Arsenal Strength Shoulder Press (Machine)",W,18.0,10.0,0,0.0,"2x6-8(F), 3 mins",,
2025-09-15 17:24:07,"Shoulders🪨",58m,"Arsenal Strength Shoulder Press (Machine)",Rest Timer,0,0.0,0,120.0,,,
2025-09-15 17:24:07,"Shoulders🪨",58m,"Arsenal Strength Shoulder Press (Machine)",W,43.0,8.0,0,0.0,,,
2025-09-15 17:24:07,"Shoulders🪨",58m,"Arsenal Strength Shoulder Press (Machine)",Rest Timer,0,0.0,0,120.0,,,
2025-09-15 17:24:07,"Shoulders🪨",58m,"Arsenal Strength Shoulder Press (Machine)",F,108.0,7.0,0,0.0,,,10
2025-09-15 17:24:07,"Shoulders🪨",58m,"Arsenal Strength Shoulder Press (Machine)",Rest Timer,0,0.0,0,180.0,,,
2025-09-15 17:24:07,"Shoulders🪨",58m,"Arsenal Strength Shoulder Press (Machine)",F,98.0,7.0,0,0.0,,,10
2025-09-15 17:24:07,"Shoulders🪨",58m,"Arsenal Strength Shoulder Press (Machine)",Rest Timer,0,0.0,0,180.0,,,
2025-09-15 17:24:07,"Shoulders🪨",58m,"Lateral Raise (Cable)",F,20.0,8.0,0,0.0,"2x8-10(F), 3 mins",,10
2025-09-15 17:24:07,"Shoulders🪨",58m,"Lateral Raise (Cable)",Rest Timer,0,0.0,0,180.0,,,
2025-09-15 17:24:07,"Shoulders🪨",58m,"Lateral Raise (Cable)",F,15.0,11.0,0,0.0,,,10
2025-09-15 17:24:07,"Shoulders🪨",58m,"Lateral Raise (Cable)",Rest Timer,0,0.0,0,180.0,,,
2025-09-15 17:24:07,"Shoulders🪨",58m,"Rear Delt Fly (Cable)",F,25.0,7.0,0,0.0,"2x8-10(F), 3 mins",,10
2025-09-15 17:24:07,"Shoulders🪨",58m,"Rear Delt Fly (Cable)",Rest Timer,0,0.0,0,180.0,,,
2025-09-15 17:24:07,"Shoulders🪨",58m,"Rear Delt Fly (Cable)",F,25.0,4.0,0,0.0,,,10
2025-09-15 17:24:07,"Shoulders🪨",58m,"Rear Delt Fly (Cable)",Rest Timer,0,0.0,0,0.0,,,
2025-09-17 13:08:17,"Chest & Biceps🃏",32m,"Single Arm Preacher Curl (Machine)",W,10.0,10.0,0,0.0,"2x6-8(F), 3 mins","Chest: 2\nBiceps: 2",
2025-09-17 13:08:17,"Chest & Biceps🃏",32m,"Single Arm Preacher Curl (Machine)",Rest Timer,0,0.0,0,120.0,,,
2025-09-17 13:08:17,"Chest & Biceps🃏",32m,"Single Arm Preacher Curl (Machine)",F,72.5,6.0,0,0.0,,,10
2025-09-17 13:08:17,"Chest & Biceps🃏",32m,"Single Arm Preacher Curl (Machine)",Rest Timer,0,0.0,0,180.0,,,
2025-09-17 13:08:17,"Chest & Biceps🃏",32m,"Single Arm Preacher Curl (Machine)",F,65.0,7.0,0,0.0,,,10
2025-09-17 13:08:17,"Chest & Biceps🃏",32m,"Single Arm Preacher Curl (Machine)",Rest Timer,0,0.0,0,180.0,,,
2025-09-17 13:08:17,"Chest & Biceps🃏",32m,"Incline Bench Press (Smith Machine)",W,20.0,10.0,0,0.0,"2x6-8(F), 4 mins",,
2025-09-17 13:08:17,"Chest & Biceps🃏",32m,"Incline Bench Press (Smith Machine)",Rest Timer,0,0.0,0,180.0,,,
2025-09-17 13:08:17,"Chest & Biceps🃏",32m,"Incline Bench Press (Smith Machine)",W,70.0,8.0,0,0.0,,,
2025-09-17 13:08:17,"Chest & Biceps🃏",32m,"Incline Bench Press (Smith Machine)",Rest Timer,0,0.0,0,180.0,,,
2025-09-17 13:08:17,"Chest & Biceps🃏",32m,"Incline Bench Press (Smith Machine)",W,110.0,5.0,0,0.0,,,
2025-09-17 13:08:17,"Chest & Biceps🃏",32m,"Incline Bench Press (Smith Machine)",Rest Timer,0,0.0,0,180.0,,,
2025-09-17 13:08:17,"Chest & Biceps🃏",32m,"Incline Bench Press (Smith Machine)",F,175.0,6.0,0,0.0,,,10
2025-09-17 13:08:17,"Chest & Biceps🃏",32m,"Incline Bench Press (Smith Machine)",Rest Timer,0,0.0,0,240.0,,,
2025-09-17 13:08:17,"Chest & Biceps🃏",32m,"Incline Bench Press (Smith Machine)",F,160.0,7.0,0,0.0,,,10
2025-09-17 13:08:17,"Chest & Biceps🃏",32m,"Incline Bench Press (Smith Machine)",Rest Timer,0,0.0,0,0.0,,,
2025-09-18 13:48:49,"Back & Triceps✝️",48m,"Lat Pulldown (Single Arm)",W,100.0,10.0,0,0.0,"2x6-8(F), 4 mins","Back Width: 1\nBack Thickness: 2\nTriceps: 2",
2025-09-18 13:48:49,"Back & Triceps✝️",48m,"Lat Pulldown (Single Arm)",Rest Timer,0,0.0,0,120.0,,,
2025-09-18 13:48:49,"Back & Triceps✝️",48m,"Lat Pulldown (Single Arm)",F,70.0,9.0,0,0.0,,,10
2025-09-18 13:48:49,"Back & Triceps✝️",48m,"Lat Pulldown (Single Arm)",Rest Timer,0,0.0,0,180.0,,,
2025-09-18 13:48:49,"Back & Triceps✝️",48m,"Lat Pulldown (Single Arm)",F,75.0,5.0,0,0.0,,,10
2025-09-18 13:48:49,"Back & Triceps✝️",48m,"Lat Pulldown (Single Arm)",Rest Timer,0,0.0,0,0.0,,,
2025-09-18 13:48:49,"Back & Triceps✝️",48m,"Single Arm Tricep Extension (Machine)",W,20.0,10.0,0,0.0,"2x6-8(F), 3 mins",,
2025-09-18 13:48:49,"Back & Triceps✝️",48m,"Single Arm Tricep Extension (Machine)",Rest Timer,0,0.0,0,120.0,,,
2025-09-18 13:48:49,"Back & Triceps✝️",48m,"Single Arm Tricep Extension (Machine)",F,60.0,7.0,0,0.0,,,10
2025-09-18 13:48:49,"Back & Triceps✝️",48m,"Single Arm Tricep Extension (Machine)",Rest Timer,0,0.0,0,180.0,,,
2025-09-18 13:48:49,"Back & Triceps✝️",48m,"Single Arm Tricep Extension (Machine)",F,50.0,8.0,0,0.0,,,10
2025-09-18 13:48:49,"Back & Triceps✝️",48m,"Single Arm Tricep Extension (Machine)",Rest Timer,0,0.0,0,0.0,,,
2025-09-18 13:48:49,"Back & Triceps✝️",48m,"Seated Row (Machine)",W,70.0,8.0,0,0.0,"2x6-8(F), 4 mins",,
2025-09-18 13:48:49,"Back & Triceps✝️",48m,"Seated Row (Machine)",Rest Timer,0,0.0,0,180.0,,,
2025-09-18 13:48:49,"Back & Triceps✝️",48m,"Seated Row (Machine)",F,150.0,7.0,0,0.0,,,10
2025-09-18 13:48:49,"Back & Triceps✝️",48m,"Seated Row (Machine)",Rest Timer,0,0.0,0,240.0,,,
2025-09-18 13:48:49,"Back & Triceps✝️",48m,"Seated Row (Machine)",F,130.0,8.0,0,0.0,,,10
2025-09-18 13:48:49,"Back & Triceps✝️",48m,"Seated Row (Machine)",Rest Timer,0,0.0,0,0.0,,,
2025-09-18 13:48:49,"Back & Triceps✝️",48m,"Tricep Press (Machine)",F,205.0,8.0,0,0.0,"2x6-8(F), 3 mins",,10
2025-09-18 13:48:49,"Back & Triceps✝️",48m,"Tricep Press (Machine)",Rest Timer,0,0.0,0,180.0,,,
2025-09-18 13:48:49,"Back & Triceps✝️",48m,"Tricep Press (Machine)",F,210.0,6.0,0,0.0,,,10
2025-09-18 13:48:49,"Back & Triceps✝️",48m,"Tricep Press (Machine)",Rest Timer,0,0.0,0,0.0,,,
2025-09-22 13:07:57,"Legs 🐓 ",36m,"Walking (Treadmill)",W,0,0.0,0,150.0,"Incline: 3, Speed: .5-1, Backwards","Quads: 2\nHamstring: 1\nCalves: 1",
2025-09-22 13:07:57,"Legs 🐓 ",36m,"Single-Leg Leg Curl",W,30.0,10.0,0,0.0,"2x8-10(F), 3 mins",,
2025-09-22 13:07:57,"Legs 🐓 ",36m,"Single-Leg Leg Curl",Rest Timer,0,0.0,0,120.0,,,
2025-09-22 13:07:57,"Legs 🐓 ",36m,"Single-Leg Leg Curl",F,95.0,10.0,0,0.0,,,10
2025-09-22 13:07:57,"Legs 🐓 ",36m,"Single-Leg Leg Curl",Rest Timer,0,0.0,0,180.0,,,
2025-09-22 13:07:57,"Legs 🐓 ",36m,"Single-Leg Leg Curl",F,100.0,3.0,0,0.0,,,10
2025-09-22 13:07:57,"Legs 🐓 ",36m,"Single-Leg Leg Curl",Rest Timer,0,0.0,0,0.0,,,
2025-09-22 13:07:57,"Legs 🐓 ",36m,"Hack Squat",W,90.0,10.0,0,0.0,"2x6-8(F), 4 mins",,
2025-09-22 13:07:57,"Legs 🐓 ",36m,"Hack Squat",Rest Timer,0,0.0,0,180.0,,,
2025-09-22 13:07:57,"Legs 🐓 ",36m,"Hack Squat",W,180.0,8.0,0,0.0,,,
2025-09-22 13:07:57,"Legs 🐓 ",36m,"Hack Squat",Rest Timer,0,0.0,0,180.0,,,
2025-09-22 13:07:57,"Legs 🐓 ",36m,"Hack Squat",F,370.0,8.0,0,0.0,,,10
2025-09-22 13:07:57,"Legs 🐓 ",36m,"Hack Squat",Rest Timer,0,0.0,0,240.0,,,
2025-09-24 13:27:56,"Shoulders🪨",43m,"Leg Raise (Captain’s Chair)",F,0,17.0,0,0.0,"3xFailure, 3 mins","Shoulders: 3\nCore: 1",10
2025-09-24 13:27:56,"Shoulders🪨",43m,"Leg Raise (Captain’s Chair)",Rest Timer,0,0.0,0,180.0,,,
2025-09-24 13:27:56,"Shoulders🪨",43m,"Leg Raise (Captain’s Chair)",F,0,12.0,0,0.0,,,10
2025-09-24 13:27:56,"Shoulders🪨",43m,"Leg Raise (Captain’s Chair)",Rest Timer,0,0.0,0,180.0,,,
2025-09-24 13:27:56,"Shoulders🪨",43m,"Arsenal Strength Shoulder Press (Machine)",W,18.0,10.0,0,0.0,"2x6-8(F), 3 mins",,
2025-09-24 13:27:56,"Shoulders🪨",43m,"Arsenal Strength Shoulder Press (Machine)",Rest Timer,0,0.0,0,120.0,,,
2025-09-24 13:27:56,"Shoulders🪨",43m,"Arsenal Strength Shoulder Press (Machine)",W,43.0,8.0,0,0.0,,,
2025-09-24 13:27:56,"Shoulders🪨",43m,"Arsenal Strength Shoulder Press (Machine)",Rest Timer,0,0.0,0,120.0,,,
2025-09-24 13:27:56,"Shoulders🪨",43m,"Arsenal Strength Shoulder Press (Machine)",F,108.0,8.0,0,0.0,,,10
2025-09-24 13:27:56,"Shoulders🪨",43m,"Arsenal Strength Shoulder Press (Machine)",Rest Timer,0,0.0,0,180.0,,,
2025-09-24 13:27:56,"Shoulders🪨",43m,"Lateral Raise (Cable)",F,20.0,9.0,0,0.0,"2x8-10(F), 3 mins",,10
2025-09-24 13:27:56,"Shoulders🪨",43m,"Lateral Raise (Cable)",Rest Timer,0,0.0,0,180.0,,,
2025-09-24 13:27:56,"Shoulders🪨",43m,"Lateral Raise (Cable)",F,15.0,10.0,0,0.0,,,10
2025-09-24 13:27:56,"Shoulders🪨",43m,"Lateral Raise (Cable)",Rest Timer,0,0.0,0,180.0,,,
2025-09-28 15:05:51,"Chest & Biceps🃏",50m,"Single Arm Preacher Curl (Machine)",W,10.0,10.0,0,0.0,"2x6-8(F), 3 mins","Chest: 2\nBiceps: 2",
2025-09-28 15:05:51,"Chest & Biceps🃏",50m,"Single Arm Preacher Curl (Machine)",Rest Timer,0,0.0,0,120.0,,,
2025-09-28 15:05:51,"Chest & Biceps🃏",50m,"Single Arm Preacher Curl (Machine)",F,72.5,6.0,0,0.0,,,10
2025-09-28 15:05:51,"Chest & Biceps🃏",50m,"Single Arm Preacher Curl (Machine)",Rest Timer,0,0.0,0,180.0,,,
2025-09-28 15:05:51,"Chest & Biceps🃏",50m,"Single Arm Preacher Curl (Machine)",F,65.0,8.0,0,0.0,,,10
2025-09-28 15:05:51,"Chest & Biceps🃏",50m,"Single Arm Preacher Curl (Machine)",Rest Timer,0,0.0,0,180.0,,,
2025-09-28 15:05:51,"Chest & Biceps🃏",50m,"Incline Bench Press (Smith Machine)",W,20.0,10.0,0,0.0,"2x6-8(F), 4 mins",,
2025-09-28 15:05:51,"Chest & Biceps🃏",50m,"Incline Bench Press (Smith Machine)",Rest Timer,0,0.0,0,180.0,,,
2025-09-28 15:05:51,"Chest & Biceps🃏",50m,"Incline Bench Press (Smith Machine)",W,70.0,8.0,0,0.0,,,
2025-09-28 15:05:51,"Chest & Biceps🃏",50m,"Incline Bench Press (Smith Machine)",Rest Timer,0,0.0,0,180.0,,,
2025-09-28 15:05:51,"Chest & Biceps🃏",50m,"Incline Bench Press (Smith Machine)",W,110.0,5.0,0,0.0,,,
2025-09-28 15:05:51,"Chest & Biceps🃏",50m,"Incline Bench Press (Smith Machine)",Rest Timer,0,0.0,0,180.0,,,
2025-09-28 15:05:51,"Chest & Biceps🃏",50m,"Incline Bench Press (Smith Machine)",F,175.0,7.0,0,0.0,,,10
2025-09-28 15:05:51,"Chest & Biceps🃏",50m,"Incline Bench Press (Smith Machine)",Rest Timer,0,0.0,0,240.0,,,
2025-09-28 15:05:51,"Chest & Biceps🃏",50m,"Incline Bench Press (Smith Machine)",F,160.0,7.0,0,0.0,,,10
2025-09-28 15:05:51,"Chest & Biceps🃏",50m,"Incline Bench Press (Smith Machine)",Rest Timer,0,0.0,0,0.0,,,
2025-09-28 15:05:51,"Chest & Biceps🃏",50m,"Hammer Curl (Cable)",F,30.0,8.0,0,0.0,"2x6-8(F), 3 mins",,10
2025-09-28 15:05:51,"Chest & Biceps🃏",50m,"Hammer Curl (Cable)",Rest Timer,0,0.0,0,180.0,,,
2025-09-28 15:05:51,"Chest & Biceps🃏",50m,"Hammer Curl (Cable)",F,32.5,2.0,0,0.0,,,10
2025-09-28 15:05:51,"Chest & Biceps🃏",50m,"Hammer Curl (Cable)",Rest Timer,0,0.0,0,0.0,,,
2025-09-28 15:05:51,"Chest & Biceps🃏",50m,"Arsenal Strength Chest Fly (Machine)",F,240.0,9.0,0,0.0,"2x8-10(F), 3 mins",,10
2025-09-28 15:05:51,"Chest & Biceps🃏",50m,"Arsenal Strength Chest Fly (Machine)",Rest Timer,0,0.0,0,180.0,,,
2025-09-28 15:05:51,"Chest & Biceps🃏",50m,"Arsenal Strength Chest Fly (Machine)",F,240.0,3.0,0,0.0,,,10
2025-09-28 15:05:51,"Chest & Biceps🃏",50m,"Arsenal Strength Chest Fly (Machine)",Rest Timer,0,0.0,0,0.0,,,
2025-09-29 18:07:24,"Back & Triceps✝️",1h 6m,"Lat Pulldown (Single Arm)",W,100.0,10.0,0,0.0,"2x6-8(F), 4 mins","Back Width: 1\nBack Thickness: 2\nTriceps: 2",
2025-09-29 18:07:24,"Back & Triceps✝️",1h 6m,"Lat Pulldown (Single Arm)",Rest Timer,0,0.0,0,120.0,,,
2025-09-29 18:07:24,"Back & Triceps✝️",1h 6m,"Lat Pulldown (Single Arm)",F,75.0,6.0,0,0.0,,,10
2025-09-29 18:07:24,"Back & Triceps✝️",1h 6m,"Lat Pulldown (Single Arm)",Rest Timer,0,0.0,0,180.0,,,
2025-09-29 18:07:24,"Back & Triceps✝️",1h 6m,"Lat Pulldown (Single Arm)",F,65.0,7.0,0,0.0,,,10
2025-09-29 18:07:24,"Back & Triceps✝️",1h 6m,"Lat Pulldown (Single Arm)",Rest Timer,0,0.0,0,0.0,,,
2025-09-29 18:07:24,"Back & Triceps✝️",1h 6m,"Single Arm Tricep Extension (Machine)",W,20.0,10.0,0,0.0,"2x6-8(F), 3 mins",,
2025-09-29 18:07:24,"Back & Triceps✝️",1h 6m,"Single Arm Tricep Extension (Machine)",Rest Timer,0,0.0,0,120.0,,,
2025-09-29 18:07:24,"Back & Triceps✝️",1h 6m,"Single Arm Tricep Extension (Machine)",F,60.0,7.0,0,0.0,,,10
2025-09-29 18:07:24,"Back & Triceps✝️",1h 6m,"Single Arm Tricep Extension (Machine)",Rest Timer,0,0.0,0,180.0,,,
2025-09-29 18:07:24,"Back & Triceps✝️",1h 6m,"Single Arm Tricep Extension (Machine)",F,55.0,6.0,0,0.0,,,10
2025-09-29 18:07:24,"Back & Triceps✝️",1h 6m,"Single Arm Tricep Extension (Machine)",Rest Timer,0,0.0,0,0.0,,,
2025-09-29 18:07:24,"Back & Triceps✝️",1h 6m,"Seated Row (Machine)",W,70.0,8.0,0,0.0,"2x6-8(F), 4 mins",,
2025-09-29 18:07:24,"Back & Triceps✝️",1h 6m,"Seated Row (Machine)",Rest Timer,0,0.0,0,180.0,,,
2025-09-29 18:07:24,"Back & Triceps✝️",1h 6m,"Seated Row (Machine)",F,150.0,6.0,0,0.0,,,10
2025-09-29 18:07:24,"Back & Triceps✝️",1h 6m,"Seated Row (Machine)",Rest Timer,0,0.0,0,240.0,,,
2025-09-29 18:07:24,"Back & Triceps✝️",1h 6m,"Seated Row (Machine)",F,130.0,8.0,0,0.0,,,10
2025-09-29 18:07:24,"Back & Triceps✝️",1h 6m,"Seated Row (Machine)",Rest Timer,0,0.0,0,0.0,,,
2025-09-29 18:07:24,"Back & Triceps✝️",1h 6m,"Tricep Press (Machine)",F,210.0,9.0,0,0.0,"2x6-8(F), 3 mins",,10
2025-09-29 18:07:24,"Back & Triceps✝️",1h 6m,"Tricep Press (Machine)",Rest Timer,0,0.0,0,180.0,,,
2025-09-29 18:07:24,"Back & Triceps✝️",1h 6m,"Tricep Press (Machine)",F,215.0,6.0,0,0.0,,,10
2025-09-29 18:07:24,"Back & Triceps✝️",1h 6m,"Tricep Press (Machine)",Rest Timer,0,0.0,0,0.0,,,
2025-09-29 18:07:24,"Back & Triceps✝️",1h 6m,"Arsenal Strength Reloaded Iso Multi Row",F,120.0,10.0,0,0.0,"1x6-8(F), 4 mins",,10
2025-09-29 18:07:24,"Back & Triceps✝️",1h 6m,"Arsenal Strength Reloaded Iso Multi Row",Rest Timer,0,0.0,0,0.0,,,
2025-09-30 19:04:26,"Legs 🐓 ",1h 10m,"Walking (Treadmill)",W,0,0.0,0,300.0,"Incline: 3, Speed: .5-1, Backwards","Quads: 2\nHamstring: 1\nCalves: 1",
2025-09-30 19:04:26,"Legs 🐓 ",1h 10m,"Single-Leg Leg Curl",W,30.0,10.0,0,0.0,"1x8-10(F)",,
2025-09-30 19:04:26,"Legs 🐓 ",1h 10m,"Single-Leg Leg Curl",Rest Timer,0,0.0,0,120.0,,,
2025-09-30 19:04:26,"Legs 🐓 ",1h 10m,"Single-Leg Leg Curl",F,100.0,6.0,0,0.0,,,10
2025-09-30 19:04:26,"Legs 🐓 ",1h 10m,"Single-Leg Leg Curl",Rest Timer,0,0.0,0,0.0,,,
2025-09-30 19:04:26,"Legs 🐓 ",1h 10m,"Hack Squat",W,90.0,10.0,0,0.0,"2x6-8(F), 4 mins",,
2025-09-30 19:04:26,"Legs 🐓 ",1h 10m,"Hack Squat",Rest Timer,0,0.0,0,180.0,,,
2025-09-30 19:04:26,"Legs 🐓 ",1h 10m,"Hack Squat",W,180.0,8.0,0,0.0,,,
2025-09-30 19:04:26,"Legs 🐓 ",1h 10m,"Hack Squat",Rest Timer,0,0.0,0,180.0,,,
2025-09-30 19:04:26,"Legs 🐓 ",1h 10m,"Hack Squat",F,380.0,6.0,0,0.0,,,10
2025-09-30 19:04:26,"Legs 🐓 ",1h 10m,"Hack Squat",Rest Timer,0,0.0,0,240.0,,,
2025-09-30 19:04:26,"Legs 🐓 ",1h 10m,"Hack Squat",F,340.0,8.0,0,0.0,,,10
2025-09-30 19:04:26,"Legs 🐓 ",1h 10m,"Hack Squat",Rest Timer,0,0.0,0,0.0,,,
2025-09-30 19:04:26,"Legs 🐓 ",1h 10m,"Standing Calf Raise (Machine)",F,275.0,10.0,0,0.0,"2x8-10(F), 3 mins",,10
2025-09-30 19:04:26,"Legs 🐓 ",1h 10m,"Standing Calf Raise (Machine)",Rest Timer,0,0.0,0,180.0,,,
2025-09-30 19:04:26,"Legs 🐓 ",1h 10m,"Standing Calf Raise (Machine)",F,280.0,6.0,0,0.0,,,10
2025-09-30 19:04:26,"Legs 🐓 ",1h 10m,"Standing Calf Raise (Machine)",Rest Timer,0,0.0,0,0.0,,,
2025-09-30 19:04:26,"Legs 🐓 ",1h 10m,"Romanian Deadlift (Barbell)",F,225.0,4.0,0,0.0,"2x6-8(F), 3 mins",,10
2025-09-30 19:04:26,"Legs 🐓 ",1h 10m,"Romanian Deadlift (Barbell)",Rest Timer,0,0.0,0,180.0,,,
2025-09-30 19:04:26,"Legs 🐓 ",1h 10m,"Romanian Deadlift (Barbell)",F,185.0,7.0,0,0.0,,,10
2025-09-30 19:04:26,"Legs 🐓 ",1h 10m,"Romanian Deadlift (Barbell)",Rest Timer,0,0.0,0,0.0,,,
2025-09-30 19:04:26,"Legs 🐓 ",1h 10m,"Single-Leg Leg Extension (Machine)",F,90.0,8.0,0,0.0,"2x6-8(F), 3 mins",,10
2025-09-30 19:04:26,"Legs 🐓 ",1h 10m,"Single-Leg Leg Extension (Machine)",Rest Timer,0,0.0,0,180.0,,,
2025-09-30 19:04:26,"Legs 🐓 ",1h 10m,"Single-Leg Leg Extension (Machine)",F,95.0,6.0,0,0.0,,,10
2025-09-30 19:04:26,"Legs 🐓 ",1h 10m,"Single-Leg Leg Extension (Machine)",Rest Timer,0,0.0,0,180.0,,,
2025-10-01 19:38:46,"Shoulders🪨",1h 9m,"Leg Raise (Captain’s Chair)",F,0,15.0,0,0.0,"3xFailure, 3 mins","Shoulders: 3\nCore: 1",10
2025-10-01 19:38:46,"Shoulders🪨",1h 9m,"Leg Raise (Captain’s Chair)",Rest Timer,0,0.0,0,180.0,,,
2025-10-01 19:38:46,"Shoulders🪨",1h 9m,"Leg Raise (Captain’s Chair)",F,0,12.0,0,0.0,,,10
2025-10-01 19:38:46,"Shoulders🪨",1h 9m,"Leg Raise (Captain’s Chair)",Rest Timer,0,0.0,0,180.0,,,
2025-10-01 19:38:46,"Shoulders🪨",1h 9m,"Leg Raise (Captain’s Chair)",F,0,10.0,0,0.0,,,10
2025-10-01 19:38:46,"Shoulders🪨",1h 9m,"Leg Raise (Captain’s Chair)",Rest Timer,0,0.0,0,0.0,,,
2025-10-01 19:38:46,"Shoulders🪨",1h 9m,"Arsenal Strength Shoulder Press (Machine)",W,18.0,10.0,0,0.0,"2x6-8(F), 3 mins",,
2025-10-01 19:38:46,"Shoulders🪨",1h 9m,"Arsenal Strength Shoulder Press (Machine)",Rest Timer,0,0.0,0,120.0,,,
2025-10-01 19:38:46,"Shoulders🪨",1h 9m,"Arsenal Strength Shoulder Press (Machine)",W,43.0,8.0,0,0.0,,,
2025-10-01 19:38:46,"Shoulders🪨",1h 9m,"Arsenal Strength Shoulder Press (Machine)",Rest Timer,0,0.0,0,120.0,,,
2025-10-01 19:38:46,"Shoulders🪨",1h 9m,"Arsenal Strength Shoulder Press (Machine)",F,113.0,7.0,0,0.0,,,10
2025-10-01 19:38:46,"Shoulders🪨",1h 9m,"Arsenal Strength Shoulder Press (Machine)",Rest Timer,0,0.0,0,180.0,,,
2025-10-01 19:38:46,"Shoulders🪨",1h 9m,"Arsenal Strength Shoulder Press (Machine)",F,98.0,7.0,0,0.0,,,10
2025-10-01 19:38:46,"Shoulders🪨",1h 9m,"Arsenal Strength Shoulder Press (Machine)",Rest Timer,0,0.0,0,180.0,,,
2025-10-01 19:38:46,"Shoulders🪨",1h 9m,"Lateral Raise (Cable)",F,20.0,10.0,0,0.0,"2x8-10(F), 3 mins",,10
2025-10-01 19:38:46,"Shoulders🪨",1h 9m,"Lateral Raise (Cable)",Rest Timer,0,0.0,0,180.0,,,
2025-10-01 19:38:46,"Shoulders🪨",1h 9m,"Lateral Raise (Cable)",F,22.5,4.0,0,0.0,,,10
2025-10-01 19:38:46,"Shoulders🪨",1h 9m,"Lateral Raise (Cable)",Rest Timer,0,0.0,0,180.0,,,
2025-10-01 19:38:46,"Shoulders🪨",1h 9m,"Rear Delt Fly (Cable)",F,25.0,10.0,0,0.0,"2x8-10(F), 3 mins",,10
2025-10-01 19:38:46,"Shoulders🪨",1h 9m,"Rear Delt Fly (Cable)",Rest Timer,0,0.0,0,180.0,,,
2025-10-01 19:38:46,"Shoulders🪨",1h 9m,"Rear Delt Fly (Cable)",F,27.5,4.0,0,0.0,,,10
2025-10-01 19:38:46,"Shoulders🪨",1h 9m,"Rear Delt Fly (Cable)",Rest Timer,0,0.0,0,0.0,,,
2025-10-03 16:41:46,"Chest & Biceps🃏",55m,"Single Arm Preacher Curl (Machine)",W,10.0,10.0,0,0.0,"2x6-8(F), 3 mins","Chest: 2\nBiceps: 2",
2025-10-03 16:41:46,"Chest & Biceps🃏",55m,"Single Arm Preacher Curl (Machine)",Rest Timer,0,0.0,0,120.0,,,
2025-10-03 16:41:46,"Chest & Biceps🃏",55m,"Single Arm Preacher Curl (Machine)",F,72.5,7.0,0,0.0,,,10
2025-10-03 16:41:46,"Chest & Biceps🃏",55m,"Single Arm Preacher Curl (Machine)",Rest Timer,0,0.0,0,180.0,,,
2025-10-03 16:41:46,"Chest & Biceps🃏",55m,"Single Arm Preacher Curl (Machine)",F,65.0,8.0,0,0.0,,,10
2025-10-03 16:41:46,"Chest & Biceps🃏",55m,"Single Arm Preacher Curl (Machine)",Rest Timer,0,0.0,0,180.0,,,
2025-10-03 16:41:46,"Chest & Biceps🃏",55m,"Incline Bench Press (Smith Machine)",W,20.0,10.0,0,0.0,"2x6-8(F), 4 mins",,
2025-10-03 16:41:46,"Chest & Biceps🃏",55m,"Incline Bench Press (Smith Machine)",Rest Timer,0,0.0,0,180.0,,,
2025-10-03 16:41:46,"Chest & Biceps🃏",55m,"Incline Bench Press (Smith Machine)",W,70.0,8.0,0,0.0,,,
2025-10-03 16:41:46,"Chest & Biceps🃏",55m,"Incline Bench Press (Smith Machine)",Rest Timer,0,0.0,0,180.0,,,
2025-10-03 16:41:46,"Chest & Biceps🃏",55m,"Incline Bench Press (Smith Machine)",W,110.0,5.0,0,0.0,,,
2025-10-03 16:41:46,"Chest & Biceps🃏",55m,"Incline Bench Press (Smith Machine)",Rest Timer,0,0.0,0,180.0,,,
2025-10-03 16:41:46,"Chest & Biceps🃏",55m,"Incline Bench Press (Smith Machine)",F,175.0,7.0,0,0.0,,,10
2025-10-03 16:41:46,"Chest & Biceps🃏",55m,"Incline Bench Press (Smith Machine)",Rest Timer,0,0.0,0,240.0,,,
2025-10-03 16:41:46,"Chest & Biceps🃏",55m,"Incline Bench Press (Smith Machine)",F,160.0,7.0,0,0.0,,,10
2025-10-03 16:41:46,"Chest & Biceps🃏",55m,"Incline Bench Press (Smith Machine)",Rest Timer,0,0.0,0,0.0,,,
2025-10-03 16:41:46,"Chest & Biceps🃏",55m,"Hammer Curl (Dumbbell)",F,40.0,5.0,0,0.0,"2x6-8(F), 3 mins",,10
2025-10-03 16:41:46,"Chest & Biceps🃏",55m,"Hammer Curl (Dumbbell)",Rest Timer,0,0.0,0,180.0,,,
2025-10-03 16:41:46,"Chest & Biceps🃏",55m,"Hammer Curl (Dumbbell)",F,30.0,9.0,0,0.0,,,10
2025-10-03 16:41:46,"Chest & Biceps🃏",55m,"Hammer Curl (Dumbbell)",Rest Timer,0,0.0,0,180.0,,,
2025-10-03 16:41:46,"Chest & Biceps🃏",55m,"Arsenal Strength Chest Fly (Machine)",F,240.0,9.0,0,0.0,"2x8-10(F), 3 mins",,10
2025-10-03 16:41:46,"Chest & Biceps🃏",55m,"Arsenal Strength Chest Fly (Machine)",Rest Timer,0,0.0,0,180.0,,,
2025-10-03 16:41:46,"Chest & Biceps🃏",55m,"Arsenal Strength Chest Fly (Machine)",F,200.0,7.0,0,0.0,,,10
2025-10-03 16:41:46,"Chest & Biceps🃏",55m,"Arsenal Strength Chest Fly (Machine)",Rest Timer,0,0.0,0,0.0,,,
2025-10-05 15:15:31,"Back & Triceps✝️",48m,"Lat Pulldown (Single Arm)",W,100.0,10.0,0,0.0,"2x6-8(F), 4 mins","Back Width: 1\nBack Thickness: 2\nTriceps: 2",
2025-10-05 15:15:31,"Back & Triceps✝️",48m,"Lat Pulldown (Single Arm)",Rest Timer,0,0.0,0,120.0,,,
2025-10-05 15:15:31,"Back & Triceps✝️",48m,"Lat Pulldown (Single Arm)",F,75.0,7.0,0,0.0,,,10
2025-10-05 15:15:31,"Back & Triceps✝️",48m,"Lat Pulldown (Single Arm)",Rest Timer,0,0.0,0,180.0,,,
2025-10-05 15:15:31,"Back & Triceps✝️",48m,"Lat Pulldown (Single Arm)",F,65.0,7.0,0,0.0,,,10
2025-10-05 15:15:31,"Back & Triceps✝️",48m,"Lat Pulldown (Single Arm)",Rest Timer,0,0.0,0,0.0,,,
2025-10-05 15:15:31,"Back & Triceps✝️",48m,"Single Arm Tricep Extension (Cable)",W,10.0,10.0,0,0.0,"2x6-8(F), 3 mins",,
2025-10-05 15:15:31,"Back & Triceps✝️",48m,"Single Arm Tricep Extension (Cable)",Rest Timer,0,0.0,0,120.0,,,
2025-10-05 15:15:31,"Back & Triceps✝️",48m,"Single Arm Tricep Extension (Cable)",F,25.0,13.0,0,0.0,,,10
2025-10-05 15:15:31,"Back & Triceps✝️",48m,"Single Arm Tricep Extension (Cable)",Rest Timer,0,0.0,0,180.0,,,
2025-10-05 15:15:31,"Back & Triceps✝️",48m,"Single Arm Tricep Extension (Cable)",F,30.0,10.0,0,0.0,,,10
2025-10-05 15:15:31,"Back & Triceps✝️",48m,"Single Arm Tricep Extension (Cable)",Rest Timer,0,0.0,0,0.0,,,
2025-10-07 18:19:57,"Legs 🐓 ",55m,"Walking (Treadmill)",W,0,0.0,0,300.0,"Incline: 3, Speed: .5-1, Backwards","Quads: 2\nHamstring: 1\nCalves: 1",
2025-10-07 18:19:57,"Legs 🐓 ",55m,"Single-Leg Leg Curl",W,30.0,10.0,0,0.0,"1x8-10(F)",,
2025-10-07 18:19:57,"Legs 🐓 ",55m,"Single-Leg Leg Curl",Rest Timer,0,0.0,0,120.0,,,
2025-10-07 18:19:57,"Legs 🐓 ",55m,"Single-Leg Leg Curl",F,100.0,8.0,0,0.0,,,10
2025-10-07 18:19:57,"Legs 🐓 ",55m,"Single-Leg Leg Curl",Rest Timer,0,0.0,0,0.0,,,
2025-10-07 18:19:57,"Legs 🐓 ",55m,"Hack Squat",W,90.0,10.0,0,0.0,"2x6-8(F), 4 mins",,
2025-10-07 18:19:57,"Legs 🐓 ",55m,"Hack Squat",Rest Timer,0,0.0,0,180.0,,,
2025-10-07 18:19:57,"Legs 🐓 ",55m,"Hack Squat",W,180.0,8.0,0,0.0,,,
2025-10-07 18:19:57,"Legs 🐓 ",55m,"Hack Squat",Rest Timer,0,0.0,0,180.0,,,
2025-10-07 18:19:57,"Legs 🐓 ",55m,"Hack Squat",F,380.0,7.0,0,0.0,,,10
2025-10-07 18:19:57,"Legs 🐓 ",55m,"Hack Squat",Rest Timer,0,0.0,0,240.0,,,
2025-10-07 18:19:57,"Legs 🐓 ",55m,"Standing Calf Raise (Machine)",F,280.0,9.0,0,0.0,"2x8-10(F), 3 mins",,10
2025-10-07 18:19:57,"Legs 🐓 ",55m,"Standing Calf Raise (Machine)",Rest Timer,0,0.0,0,180.0,,,
2025-10-07 18:19:57,"Legs 🐓 ",55m,"Romanian Deadlift (Barbell)",F,225.0,4.0,0,0.0,"2x6-8(F), 3 mins",,10
2025-10-07 18:19:57,"Legs 🐓 ",55m,"Romanian Deadlift (Barbell)",Rest Timer,0,0.0,0,180.0,,,
2025-10-07 18:19:57,"Legs 🐓 ",55m,"Single-Leg Leg Extension (Machine)",F,95.0,9.0,0,0.0,"2x6-8(F), 3 mins",,10
2025-10-07 18:19:57,"Legs 🐓 ",55m,"Single-Leg Leg Extension (Machine)",Rest Timer,0,0.0,0,180.0,,,
2025-10-07 18:19:57,"Legs 🐓 ",55m,"Single-Leg Leg Extension (Machine)",F,100.0,6.0,0,0.0,,,10
2025-10-07 18:19:57,"Legs 🐓 ",55m,"Single-Leg Leg Extension (Machine)",Rest Timer,0,0.0,0,180.0,,,
2025-10-16 18:49:29,"Chest & Biceps🃏",56m,"Single Arm Preacher Curl (Machine)",W,10.0,10.0,0,0.0,"2x6-8(F), 3 mins","Chest: 2\nBiceps: 2",
2025-10-16 18:49:29,"Chest & Biceps🃏",56m,"Single Arm Preacher Curl (Machine)",Rest Timer,0,0.0,0,120.0,,,
2025-10-16 18:49:29,"Chest & Biceps🃏",56m,"Single Arm Preacher Curl (Machine)",F,77.5,4.0,0,0.0,,,10
2025-10-16 18:49:29,"Chest & Biceps🃏",56m,"Single Arm Preacher Curl (Machine)",Rest Timer,0,0.0,0,180.0,,,
2025-10-16 18:49:29,"Chest & Biceps🃏",56m,"Single Arm Preacher Curl (Machine)",F,72.5,6.0,0,0.0,,,10
2025-10-16 18:49:29,"Chest & Biceps🃏",56m,"Single Arm Preacher Curl (Machine)",Rest Timer,0,0.0,0,180.0,,,
2025-10-16 18:49:29,"Chest & Biceps🃏",56m,"Iso-Lateral Chest Press (Machine)",W,8.0,10.0,0,0.0,"2x6-8(F), 4 mins",,
2025-10-16 18:49:29,"Chest & Biceps🃏",56m,"Iso-Lateral Chest Press (Machine)",Rest Timer,0,0.0,0,180.0,,,
2025-10-16 18:49:29,"Chest & Biceps🃏",56m,"Iso-Lateral Chest Press (Machine)",W,98.0,8.0,0,0.0,,,
2025-10-16 18:49:29,"Chest & Biceps🃏",56m,"Iso-Lateral Chest Press (Machine)",Rest Timer,0,0.0,0,180.0,,,
2025-10-16 18:49:29,"Chest & Biceps🃏",56m,"Iso-Lateral Chest Press (Machine)",F,238.0,7.0,0,0.0,,,10
2025-10-16 18:49:29,"Chest & Biceps🃏",56m,"Iso-Lateral Chest Press (Machine)",Rest Timer,0,0.0,0,240.0,,,
2025-10-16 18:49:29,"Chest & Biceps🃏",56m,"Iso-Lateral Chest Press (Machine)",F,208.0,8.0,0,0.0,,,10
2025-10-16 18:49:29,"Chest & Biceps🃏",56m,"Iso-Lateral Chest Press (Machine)",Rest Timer,0,0.0,0,0.0,,,
2025-10-16 18:49:29,"Chest & Biceps🃏",56m,"Hammer Curl (Cable)",F,32.5,4.0,0,0.0,"2x6-8(F), 3 mins",,10
2025-10-16 18:49:29,"Chest & Biceps🃏",56m,"Hammer Curl (Cable)",Rest Timer,0,0.0,0,180.0,,,
2025-10-16 18:49:29,"Chest & Biceps🃏",56m,"Hammer Curl (Cable)",F,25.0,8.0,0,0.0,,,10
2025-10-16 18:49:29,"Chest & Biceps🃏",56m,"Hammer Curl (Cable)",Rest Timer,0,0.0,0,0.0,,,
2025-10-16 18:49:29,"Chest & Biceps🃏",56m,"Arsenal Strength Chest Fly (Machine)",F,240.0,10.0,0,0.0,"2x8-10(F), 3 mins",,10
2025-10-16 18:49:29,"Chest & Biceps🃏",56m,"Arsenal Strength Chest Fly (Machine)",Rest Timer,0,0.0,0,180.0,,,
2025-10-16 18:49:29,"Chest & Biceps🃏",56m,"Arsenal Strength Chest Fly (Machine)",F,250.0,4.0,0,0.0,,,10
2025-10-16 18:49:29,"Chest & Biceps🃏",56m,"Arsenal Strength Chest Fly (Machine)",Rest Timer,0,0.0,0,0.0,,,
2025-10-21 17:43:17,"Chest & Biceps🃏",52m,"Single Arm Preacher Curl (Machine)",W,10.0,10.0,0,0.0,"2x6-8(F), 3 mins","Chest: 2\nBiceps: 2",
2025-10-21 17:43:17,"Chest & Biceps🃏",52m,"Single Arm Preacher Curl (Machine)",Rest Timer,0,0.0,0,120.0,,,
2025-10-21 17:43:17,"Chest & Biceps🃏",52m,"Single Arm Preacher Curl (Machine)",F,72.5,8.0,0,0.0,,,10
2025-10-21 17:43:17,"Chest & Biceps🃏",52m,"Single Arm Preacher Curl (Machine)",Rest Timer,0,0.0,0,180.0,,,
2025-10-21 17:43:17,"Chest & Biceps🃏",52m,"Single Arm Preacher Curl (Machine)",F,75.0,4.0,0,0.0,,,10
2025-10-21 17:43:17,"Chest & Biceps🃏",52m,"Single Arm Preacher Curl (Machine)",Rest Timer,0,0.0,0,0.0,,,
2025-10-21 17:43:17,"Chest & Biceps🃏",52m,"Incline Bench Press (Smith Machine)",W,20.0,10.0,0,0.0,"2x6-8(F), 4 mins",,
2025-10-21 17:43:17,"Chest & Biceps🃏",52m,"Incline Bench Press (Smith Machine)",Rest Timer,0,0.0,0,180.0,,,
2025-10-21 17:43:17,"Chest & Biceps🃏",52m,"Incline Bench Press (Smith Machine)",W,70.0,8.0,0,0.0,,,
2025-10-21 17:43:17,"Chest & Biceps🃏",52m,"Incline Bench Press (Smith Machine)",Rest Timer,0,0.0,0,180.0,,,
2025-10-21 17:43:17,"Chest & Biceps🃏",52m,"Incline Bench Press (Smith Machine)",W,110.0,5.0,0,0.0,,,
2025-10-21 17:43:17,"Chest & Biceps🃏",52m,"Incline Bench Press (Smith Machine)",Rest Timer,0,0.0,0,180.0,,,
2025-10-21 17:43:17,"Chest & Biceps🃏",52m,"Incline Bench Press (Smith Machine)",F,175.0,7.0,0,0.0,,,10
2025-10-21 17:43:17,"Chest & Biceps🃏",52m,"Incline Bench Press (Smith Machine)",Rest Timer,0,0.0,0,240.0,,,
2025-10-21 17:43:17,"Chest & Biceps🃏",52m,"Incline Bench Press (Smith Machine)",F,160.0,6.0,0,0.0,,,10
2025-10-21 17:43:17,"Chest & Biceps🃏",52m,"Incline Bench Press (Smith Machine)",Rest Timer,0,0.0,0,0.0,,,
2025-10-21 17:43:17,"Chest & Biceps🃏",52m,"Hammer Curl (Cable)",F,32.5,6.0,0,0.0,"2x6-8(F), 3 mins",,10
2025-10-21 17:43:17,"Chest & Biceps🃏",52m,"Hammer Curl (Cable)",Rest Timer,0,0.0,0,180.0,,,
2025-10-21 17:43:17,"Chest & Biceps🃏",52m,"Hammer Curl (Cable)",F,30.0,5.0,0,0.0,,,10
2025-10-21 17:43:17,"Chest & Biceps🃏",52m,"Hammer Curl (Cable)",Rest Timer,0,0.0,0,0.0,,,
2025-10-21 17:43:17,"Chest & Biceps🃏",52m,"Arsenal Strength Chest Fly (Machine)",F,250.0,7.0,0,0.0,"2x8-10(F), 3 mins",,10
2025-10-21 17:43:17,"Chest & Biceps🃏",52m,"Arsenal Strength Chest Fly (Machine)",Rest Timer,0,0.0,0,180.0,,,
2025-10-21 17:43:17,"Chest & Biceps🃏",52m,"Arsenal Strength Chest Fly (Machine)",F,220.0,6.0,0,0.0,,,10
2025-10-21 17:43:17,"Chest & Biceps🃏",52m,"Arsenal Strength Chest Fly (Machine)",Rest Timer,0,0.0,0,0.0,,,
2025-10-22 17:28:30,"Back & Triceps✝️",1h 20m,"Lat Pulldown (Single Arm)",W,100.0,10.0,0,0.0,"2x6-8(F), 4 mins","Back Width: 1\nBack Thickness: 2\nTriceps: 2",
2025-10-22 17:28:30,"Back & Triceps✝️",1h 20m,"Lat Pulldown (Single Arm)",Rest Timer,0,0.0,0,120.0,,,
2025-10-22 17:28:30,"Back & Triceps✝️",1h 20m,"Lat Pulldown (Single Arm)",F,75.0,8.0,0,0.0,,,10
2025-10-22 17:28:30,"Back & Triceps✝️",1h 20m,"Lat Pulldown (Single Arm)",Rest Timer,0,0.0,0,180.0,,,
2025-10-22 17:28:30,"Back & Triceps✝️",1h 20m,"Lat Pulldown (Single Arm)",F,77.5,6.0,0,0.0,,,10
2025-10-22 17:28:30,"Back & Triceps✝️",1h 20m,"Lat Pulldown (Single Arm)",Rest Timer,0,0.0,0,0.0,,,
2025-10-22 17:28:30,"Back & Triceps✝️",1h 20m,"Single Arm Tricep Extension (Cable)",W,10.0,10.0,0,0.0,"2x6-8(F), 3 mins",,
2025-10-22 17:28:30,"Back & Triceps✝️",1h 20m,"Single Arm Tricep Extension (Cable)",Rest Timer,0,0.0,0,120.0,,,
2025-10-22 17:28:30,"Back & Triceps✝️",1h 20m,"Single Arm Tricep Extension (Cable)",F,32.5,10.0,0,0.0,,,10
2025-10-22 17:28:30,"Back & Triceps✝️",1h 20m,"Single Arm Tricep Extension (Cable)",Rest Timer,0,0.0,0,180.0,,,
2025-10-22 17:28:30,"Back & Triceps✝️",1h 20m,"Single Arm Tricep Extension (Cable)",F,35.0,4.0,0,0.0,,,10
2025-10-22 17:28:30,"Back & Triceps✝️",1h 20m,"Single Arm Tricep Extension (Cable)",Rest Timer,0,0.0,0,180.0,,,
2025-10-22 17:28:30,"Back & Triceps✝️",1h 20m,"Seated Row (Machine)",W,70.0,8.0,0,0.0,"2x6-8(F), 4 mins",,
2025-10-22 17:28:30,"Back & Triceps✝️",1h 20m,"Seated Row (Machine)",Rest Timer,0,0.0,0,180.0,,,
2025-10-22 17:28:30,"Back & Triceps✝️",1h 20m,"Seated Row (Machine)",F,150.0,6.0,0,0.0,,,10
2025-10-22 17:28:30,"Back & Triceps✝️",1h 20m,"Seated Row (Machine)",Rest Timer,0,0.0,0,240.0,,,
2025-10-22 17:28:30,"Back & Triceps✝️",1h 20m,"Seated Row (Machine)",F,130.0,7.0,0,0.0,,,10
2025-10-22 17:28:30,"Back & Triceps✝️",1h 20m,"Seated Row (Machine)",Rest Timer,0,0.0,0,0.0,,,
2025-10-22 17:28:30,"Back & Triceps✝️",1h 20m,"Tricep Press (Machine)",F,215.0,7.0,0,0.0,"2x6-8(F), 3 mins",,10
2025-10-22 17:28:30,"Back & Triceps✝️",1h 20m,"Tricep Press (Machine)",Rest Timer,0,0.0,0,180.0,,,
2025-10-22 17:28:30,"Back & Triceps✝️",1h 20m,"Tricep Press (Machine)",F,200.0,6.0,0,0.0,,,10
2025-10-22 17:28:30,"Back & Triceps✝️",1h 20m,"Tricep Press (Machine)",Rest Timer,0,0.0,0,0.0,,,
2025-10-22 17:28:30,"Back & Triceps✝️",1h 20m,"Arsenal Strength Reloaded Iso Multi Row",F,125.0,8.0,0,0.0,"1x6-8(F), 4 mins",,10
2025-10-22 17:28:30,"Back & Triceps✝️",1h 20m,"Arsenal Strength Reloaded Iso Multi Row",Rest Timer,0,0.0,0,0.0,,,
2025-10-27 13:03:25,"Chest & Biceps🃏",49m,"Single Arm Preacher Curl (Machine)",W,10.0,10.0,0,0.0,"2x6-8(F), 3 mins","Chest: 2\nBiceps: 2",
2025-10-27 13:03:25,"Chest & Biceps🃏",49m,"Single Arm Preacher Curl (Machine)",Rest Timer,0,0.0,0,120.0,,,
2025-10-27 13:03:25,"Chest & Biceps🃏",49m,"Single Arm Preacher Curl (Machine)",F,75.0,7.0,0,0.0,,,10
2025-10-27 13:03:25,"Chest & Biceps🃏",49m,"Single Arm Preacher Curl (Machine)",Rest Timer,0,0.0,0,180.0,,,
2025-10-27 13:03:25,"Chest & Biceps🃏",49m,"Single Arm Preacher Curl (Machine)",F,70.0,8.0,0,0.0,,,10
2025-10-27 13:03:25,"Chest & Biceps🃏",49m,"Single Arm Preacher Curl (Machine)",Rest Timer,0,0.0,0,180.0,,,
2025-10-27 13:03:25,"Chest & Biceps🃏",49m,"Incline Bench Press (Barbell)",W,45.0,10.0,0,0.0,"2x6-8(F), 4 mins",,
2025-10-27 13:03:25,"Chest & Biceps🃏",49m,"Incline Bench Press (Barbell)",Rest Timer,0,0.0,0,120.0,,,
2025-10-27 13:03:25,"Chest & Biceps🃏",49m,"Incline Bench Press (Barbell)",W,135.0,6.0,0,0.0,,,
2025-10-27 13:03:25,"Chest & Biceps🃏",49m,"Incline Bench Press (Barbell)",Rest Timer,0,0.0,0,180.0,,,
2025-10-27 13:03:25,"Chest & Biceps🃏",49m,"Incline Bench Press (Barbell)",F,155.0,7.0,0,0.0,,,10
2025-10-27 13:03:25,"Chest & Biceps🃏",49m,"Incline Bench Press (Barbell)",Rest Timer,0,0.0,0,240.0,,,
2025-10-27 13:03:25,"Chest & Biceps🃏",49m,"Hammer Curl (Cable)",F,32.5,7.0,0,0.0,"2x6-8(F), 3 mins",,10
2025-10-27 13:03:25,"Chest & Biceps🃏",49m,"Hammer Curl (Cable)",Rest Timer,0,0.0,0,180.0,,,
2025-10-27 13:03:25,"Chest & Biceps🃏",49m,"Hammer Curl (Cable)",F,30.0,7.0,0,0.0,,,10
2025-10-27 13:03:25,"Chest & Biceps🃏",49m,"Hammer Curl (Cable)",Rest Timer,0,0.0,0,0.0,,,
2025-10-27 13:03:25,"Chest & Biceps🃏",49m,"Arsenal Strength Chest Fly (Machine)",F,250.0,8.0,0,0.0,"2x8-10(F), 3 mins",,10
2025-10-27 13:03:25,"Chest & Biceps🃏",49m,"Arsenal Strength Chest Fly (Machine)",Rest Timer,0,0.0,0,180.0,,,
2025-10-27 13:03:25,"Chest & Biceps🃏",49m,"Arsenal Strength Chest Fly (Machine)",F,220.0,7.0,0,0.0,,,10
2025-10-27 13:03:25,"Chest & Biceps🃏",49m,"Arsenal Strength Chest Fly (Machine)",Rest Timer,0,0.0,0,0.0,,,
2025-10-29 19:25:26,"Back & Triceps✝️",1h 2m,"Lat Pulldown (Single Arm)",W,100.0,10.0,0,0.0,"2x6-8(F), 4 mins","Back Width: 1\nBack Thickness: 2\nTriceps: 2",
2025-10-29 19:25:26,"Back & Triceps✝️",1h 2m,"Lat Pulldown (Single Arm)",Rest Timer,0,0.0,0,120.0,,,
2025-10-29 19:25:26,"Back & Triceps✝️",1h 2m,"Lat Pulldown (Single Arm)",F,77.5,7.0,0,0.0,,,10
2025-10-29 19:25:26,"Back & Triceps✝️",1h 2m,"Lat Pulldown (Single Arm)",Rest Timer,0,0.0,0,180.0,,,
2025-10-29 19:25:26,"Back & Triceps✝️",1h 2m,"Lat Pulldown (Single Arm)",F,70.0,7.0,0,0.0,,,10
2025-10-29 19:25:26,"Back & Triceps✝️",1h 2m,"Lat Pulldown (Single Arm)",Rest Timer,0,0.0,0,0.0,,,
2025-10-29 19:25:26,"Back & Triceps✝️",1h 2m,"Single Arm Tricep Extension (Cable)",W,10.0,10.0,0,0.0,"2x6-8(F), 3 mins",,
2025-10-29 19:25:26,"Back & Triceps✝️",1h 2m,"Single Arm Tricep Extension (Cable)",Rest Timer,0,0.0,0,120.0,,,
2025-10-29 19:25:26,"Back & Triceps✝️",1h 2m,"Single Arm Tricep Extension (Cable)",F,35.0,7.0,0,0.0,,,10
2025-10-29 19:25:26,"Back & Triceps✝️",1h 2m,"Single Arm Tricep Extension (Cable)",Rest Timer,0,0.0,0,180.0,,,
2025-10-29 19:25:26,"Back & Triceps✝️",1h 2m,"Single Arm Tricep Extension (Cable)",F,30.0,8.0,0,0.0,,,10
2025-10-29 19:25:26,"Back & Triceps✝️",1h 2m,"Single Arm Tricep Extension (Cable)",Rest Timer,0,0.0,0,0.0,,,
2025-10-29 19:25:26,"Back & Triceps✝️",1h 2m,"Seated Row (Machine)",W,70.0,8.0,0,0.0,"2x6-8(F), 4 mins",,
2025-10-29 19:25:26,"Back & Triceps✝️",1h 2m,"Seated Row (Machine)",Rest Timer,0,0.0,0,180.0,,,
2025-10-29 19:25:26,"Back & Triceps✝️",1h 2m,"Seated Row (Machine)",F,150.0,6.0,0,0.0,,,10
2025-10-29 19:25:26,"Back & Triceps✝️",1h 2m,"Seated Row (Machine)",Rest Timer,0,0.0,0,240.0,,,
2025-10-29 19:25:26,"Back & Triceps✝️",1h 2m,"Tricep Press (Machine)",F,215.0,8.0,0,0.0,"2x6-8(F), 3 mins",,10
2025-10-29 19:25:26,"Back & Triceps✝️",1h 2m,"Tricep Press (Machine)",Rest Timer,0,0.0,0,180.0,,,
2025-10-29 19:25:26,"Back & Triceps✝️",1h 2m,"Tricep Press (Machine)",F,220.0,8.0,0,0.0,,,10
2025-10-29 19:25:26,"Back & Triceps✝️",1h 2m,"Tricep Press (Machine)",Rest Timer,0,0.0,0,0.0,,,
2025-10-29 19:25:26,"Back & Triceps✝️",1h 2m,"Arsenal Strength Reloaded Iso Multi Row",F,130.0,9.0,0,0.0,"1x6-8(F), 4 mins",,10
2025-10-29 19:25:26,"Back & Triceps✝️",1h 2m,"Arsenal Strength Reloaded Iso Multi Row",Rest Timer,0,0.0,0,0.0,,,
2025-11-03 15:22:11,"Chest & Biceps🃏",36m,"Single Arm Preacher Curl (Machine)",W,10.0,10.0,0,0.0,"2x6-8(F), 3 mins","Chest: 2\nBiceps: 2",
2025-11-03 15:22:11,"Chest & Biceps🃏",36m,"Single Arm Preacher Curl (Machine)",Rest Timer,0,0.0,0,120.0,,,
2025-11-03 15:22:11,"Chest & Biceps🃏",36m,"Single Arm Preacher Curl (Machine)",F,75.0,7.0,0,0.0,,,10
2025-11-03 15:22:11,"Chest & Biceps🃏",36m,"Single Arm Preacher Curl (Machine)",Rest Timer,0,0.0,0,180.0,,,
2025-11-03 15:22:11,"Chest & Biceps🃏",36m,"Single Arm Preacher Curl (Machine)",F,70.0,9.0,0,0.0,,,10
2025-11-03 15:22:11,"Chest & Biceps🃏",36m,"Single Arm Preacher Curl (Machine)",Rest Timer,0,0.0,0,0.0,,,
2025-11-03 15:22:11,"Chest & Biceps🃏",36m,"Incline Bench Press (Smith Machine)",W,20.0,10.0,0,0.0,"2x6-8(F), 4 mins",,
2025-11-03 15:22:11,"Chest & Biceps🃏",36m,"Incline Bench Press (Smith Machine)",Rest Timer,0,0.0,0,180.0,,,
2025-11-03 15:22:11,"Chest & Biceps🃏",36m,"Incline Bench Press (Smith Machine)",W,70.0,8.0,0,0.0,,,
2025-11-03 15:22:11,"Chest & Biceps🃏",36m,"Incline Bench Press (Smith Machine)",Rest Timer,0,0.0,0,180.0,,,
2025-11-03 15:22:11,"Chest & Biceps🃏",36m,"Incline Bench Press (Smith Machine)",W,110.0,5.0,0,0.0,,,
2025-11-03 15:22:11,"Chest & Biceps🃏",36m,"Incline Bench Press (Smith Machine)",Rest Timer,0,0.0,0,180.0,,,
2025-11-03 15:22:11,"Chest & Biceps🃏",36m,"Incline Bench Press (Smith Machine)",F,175.0,4.0,0,0.0,,,10
2025-11-03 15:22:11,"Chest & Biceps🃏",36m,"Incline Bench Press (Smith Machine)",Rest Timer,0,0.0,0,240.0,,,
2025-11-03 15:22:11,"Chest & Biceps🃏",36m,"Incline Bench Press (Smith Machine)",F,160.0,6.0,0,0.0,,,10
2025-11-03 15:22:11,"Chest & Biceps🃏",36m,"Incline Bench Press (Smith Machine)",Rest Timer,0,0.0,0,0.0,,,
2025-11-04 18:26:34,"Back & Triceps✝️",1h 11m,"Lat Pulldown (Single Arm)",W,100.0,10.0,0,0.0,"2x6-8(F), 4 mins","Back Width: 1\nBack Thickness: 2\nTriceps: 2",
2025-11-04 18:26:34,"Back & Triceps✝️",1h 11m,"Lat Pulldown (Single Arm)",Rest Timer,0,0.0,0,120.0,,,
2025-11-04 18:26:34,"Back & Triceps✝️",1h 11m,"Lat Pulldown (Single Arm)",F,77.5,8.0,0,0.0,,,10
2025-11-04 18:26:34,"Back & Triceps✝️",1h 11m,"Lat Pulldown (Single Arm)",Rest Timer,0,0.0,0,180.0,,,
2025-11-04 18:26:34,"Back & Triceps✝️",1h 11m,"Lat Pulldown (Single Arm)",F,80.0,4.0,0,0.0,,,10
2025-11-04 18:26:34,"Back & Triceps✝️",1h 11m,"Lat Pulldown (Single Arm)",Rest Timer,0,0.0,0,0.0,,,
2025-11-04 18:26:34,"Back & Triceps✝️",1h 11m,"Single Arm Tricep Extension (Cable)",W,10.0,10.0,0,0.0,"2x6-8(F), 3 mins",,
2025-11-04 18:26:34,"Back & Triceps✝️",1h 11m,"Single Arm Tricep Extension (Cable)",Rest Timer,0,0.0,0,120.0,,,
2025-11-04 18:26:34,"Back & Triceps✝️",1h 11m,"Single Arm Tricep Extension (Cable)",F,35.0,6.0,0,0.0,,,10
2025-11-04 18:26:34,"Back & Triceps✝️",1h 11m,"Single Arm Tricep Extension (Cable)",Rest Timer,0,0.0,0,180.0,,,
2025-11-04 18:26:34,"Back & Triceps✝️",1h 11m,"Single Arm Tricep Extension (Cable)",F,30.0,8.0,0,0.0,,,10
2025-11-04 18:26:34,"Back & Triceps✝️",1h 11m,"Single Arm Tricep Extension (Cable)",Rest Timer,0,0.0,0,0.0,,,
2025-11-04 18:26:34,"Back & Triceps✝️",1h 11m,"Seated Row (Machine)",W,70.0,8.0,0,0.0,"2x6-8(F), 4 mins",,
2025-11-04 18:26:34,"Back & Triceps✝️",1h 11m,"Seated Row (Machine)",Rest Timer,0,0.0,0,180.0,,,
2025-11-04 18:26:34,"Back & Triceps✝️",1h 11m,"Seated Row (Machine)",F,150.0,7.0,0,0.0,,,10
2025-11-04 18:26:34,"Back & Triceps✝️",1h 11m,"Seated Row (Machine)",Rest Timer,0,0.0,0,240.0,,,
2025-11-04 18:26:34,"Back & Triceps✝️",1h 11m,"Seated Row (Machine)",F,130.0,7.0,0,0.0,,,10
2025-11-04 18:26:34,"Back & Triceps✝️",1h 11m,"Seated Row (Machine)",Rest Timer,0,0.0,0,0.0,,,
2025-11-04 18:26:34,"Back & Triceps✝️",1h 11m,"Tricep Press (Machine)",F,225.0,7.0,0,0.0,"2x6-8(F), 3 mins",,10
2025-11-04 18:26:34,"Back & Triceps✝️",1h 11m,"Tricep Press (Machine)",Rest Timer,0,0.0,0,180.0,,,
2025-11-04 18:26:34,"Back & Triceps✝️",1h 11m,"Tricep Press (Machine)",F,210.0,5.0,0,0.0,,,10
2025-11-04 18:26:34,"Back & Triceps✝️",1h 11m,"Tricep Press (Machine)",Rest Timer,0,0.0,0,0.0,,,
2025-11-05 18:31:04,"Legs 🐓 ",42m,"Walking (Treadmill)",W,0,0.0,0,300.0,"Incline: 3, Speed: .5-1, Backwards","Quads: 2\nHamstring: 1\nCalves: 1",
2025-11-05 18:31:04,"Legs 🐓 ",42m,"Single-Leg Leg Curl",W,30.0,10.0,0,0.0,"1x8-10(F)",,
2025-11-05 18:31:04,"Legs 🐓 ",42m,"Single-Leg Leg Curl",Rest Timer,0,0.0,0,120.0,,,
2025-11-05 18:31:04,"Legs 🐓 ",42m,"Single-Leg Leg Curl",F,100.0,7.0,0,0.0,,,10
2025-11-05 18:31:04,"Legs 🐓 ",42m,"Single-Leg Leg Curl",Rest Timer,0,0.0,0,180.0,,,
2025-11-05 18:31:04,"Legs 🐓 ",42m,"Single-Leg Leg Curl",F,90.0,4.0,0,0.0,,,10
2025-11-05 18:31:04,"Legs 🐓 ",42m,"Single-Leg Leg Curl",Rest Timer,0,0.0,0,0.0,,,
2025-11-05 18:31:04,"Legs 🐓 ",42m,"Single-Leg Leg Extension (Machine)",F,100.0,8.0,0,0.0,"2x6-8(F), 3 mins",,10
2025-11-05 18:31:04,"Legs 🐓 ",42m,"Single-Leg Leg Extension (Machine)",Rest Timer,0,0.0,0,180.0,,,
2025-11-05 18:31:04,"Legs 🐓 ",42m,"Single-Leg Leg Extension (Machine)",F,105.0,5.0,0,0.0,,,10
2025-11-05 18:31:04,"Legs 🐓 ",42m,"Single-Leg Leg Extension (Machine)",Rest Timer,0,0.0,0,0.0,,,
2025-11-05 18:31:04,"Legs 🐓 ",42m,"Standing Calf Raise (Machine)",F,280.0,9.0,0,0.0,"2x8-10(F), 3 mins",,10
2025-11-05 18:31:04,"Legs 🐓 ",42m,"Standing Calf Raise (Machine)",Rest Timer,0,0.0,0,180.0,,,
2025-11-05 18:31:04,"Legs 🐓 ",42m,"Standing Calf Raise (Machine)",F,270.0,7.0,0,0.0,,,10
2025-11-05 18:31:04,"Legs 🐓 ",42m,"Standing Calf Raise (Machine)",Rest Timer,0,0.0,0,0.0,,,
2025-11-05 18:31:04,"Legs 🐓 ",42m,"Hip Adductor (Machine)",F,75.0,12.0,0,0.0,"2x8-10(F), 3 mins",,10
2025-11-05 18:31:04,"Legs 🐓 ",42m,"Hip Adductor (Machine)",Rest Timer,0,0.0,0,180.0,,,
2025-11-05 18:31:04,"Legs 🐓 ",42m,"Hip Adductor (Machine)",F,80.0,10.0,0,0.0,,,10
2025-11-05 18:31:04,"Legs 🐓 ",42m,"Hip Adductor (Machine)",Rest Timer,0,0.0,0,0.0,,,
2025-11-10 16:57:41,"Chest & Biceps🃏",57m,"Single Arm Preacher Curl (Machine)",W,10.0,10.0,0,0.0,"2x6-8(F), 3 mins","Chest: 2\nBiceps: 2",
2025-11-10 16:57:41,"Chest & Biceps🃏",57m,"Single Arm Preacher Curl (Machine)",Rest Timer,0,0.0,0,120.0,,,
2025-11-10 16:57:41,"Chest & Biceps🃏",57m,"Single Arm Preacher Curl (Machine)",F,75.0,8.0,0,0.0,,,10
2025-11-10 16:57:41,"Chest & Biceps🃏",57m,"Single Arm Preacher Curl (Machine)",Rest Timer,0,0.0,0,180.0,,,
2025-11-10 16:57:41,"Chest & Biceps🃏",57m,"Single Arm Preacher Curl (Machine)",F,77.5,5.0,0,0.0,,,10
2025-11-10 16:57:41,"Chest & Biceps🃏",57m,"Single Arm Preacher Curl (Machine)",Rest Timer,0,0.0,0,0.0,,,
2025-11-10 16:57:41,"Chest & Biceps🃏",57m,"Incline Bench Press (Smith Machine)",W,20.0,10.0,0,0.0,"2x6-8(F), 4 mins",,
2025-11-10 16:57:41,"Chest & Biceps🃏",57m,"Incline Bench Press (Smith Machine)",Rest Timer,0,0.0,0,180.0,,,
2025-11-10 16:57:41,"Chest & Biceps🃏",57m,"Incline Bench Press (Smith Machine)",W,70.0,8.0,0,0.0,,,
2025-11-10 16:57:41,"Chest & Biceps🃏",57m,"Incline Bench Press (Smith Machine)",Rest Timer,0,0.0,0,180.0,,,
2025-11-10 16:57:41,"Chest & Biceps🃏",57m,"Incline Bench Press (Smith Machine)",W,110.0,5.0,0,0.0,,,
2025-11-10 16:57:41,"Chest & Biceps🃏",57m,"Incline Bench Press (Smith Machine)",Rest Timer,0,0.0,0,180.0,,,
2025-11-10 16:57:41,"Chest & Biceps🃏",57m,"Incline Bench Press (Smith Machine)",F,175.0,7.0,0,0.0,,,10
2025-11-10 16:57:41,"Chest & Biceps🃏",57m,"Incline Bench Press (Smith Machine)",Rest Timer,0,0.0,0,240.0,,,
2025-11-10 16:57:41,"Chest & Biceps🃏",57m,"Incline Bench Press (Smith Machine)",F,160.0,6.0,0,0.0,,,10
2025-11-10 16:57:41,"Chest & Biceps🃏",57m,"Incline Bench Press (Smith Machine)",Rest Timer,0,0.0,0,0.0,,,
2025-11-10 16:57:41,"Chest & Biceps🃏",57m,"Hammer Curl (Cable)",F,32.5,6.0,0,0.0,"2x6-8(F), 3 mins",,10
2025-11-10 16:57:41,"Chest & Biceps🃏",57m,"Hammer Curl (Cable)",Rest Timer,0,0.0,0,180.0,,,
2025-11-10 16:57:41,"Chest & Biceps🃏",57m,"Hammer Curl (Cable)",F,30.0,6.0,0,0.0,,,10
2025-11-10 16:57:41,"Chest & Biceps🃏",57m,"Hammer Curl (Cable)",Rest Timer,0,0.0,0,0.0,,,
2025-11-10 16:57:41,"Chest & Biceps🃏",57m,"Arsenal Strength Chest Fly (Machine)",F,250.0,8.0,0,0.0,"2x8-10(F), 3 mins",,10
2025-11-10 16:57:41,"Chest & Biceps🃏",57m,"Arsenal Strength Chest Fly (Machine)",Rest Timer,0,0.0,0,180.0,,,
2025-11-10 16:57:41,"Chest & Biceps🃏",57m,"Arsenal Strength Chest Fly (Machine)",F,220.0,7.0,0,0.0,,,10
2025-11-10 16:57:41,"Chest & Biceps🃏",57m,"Arsenal Strength Chest Fly (Machine)",Rest Timer,0,0.0,0,0.0,,,
2025-11-11 18:06:16,"Back & Triceps✝️",57m,"Lat Pulldown (Single Arm)",W,100.0,10.0,0,0.0,"2x6-8(F), 4 mins","Back Width: 1\nBack Thickness: 2\nTriceps: 2",
2025-11-11 18:06:16,"Back & Triceps✝️",57m,"Lat Pulldown (Single Arm)",Rest Timer,0,0.0,0,120.0,,,
2025-11-11 18:06:16,"Back & Triceps✝️",57m,"Lat Pulldown (Single Arm)",F,80.0,6.0,0,0.0,,,10
2025-11-11 18:06:16,"Back & Triceps✝️",57m,"Lat Pulldown (Single Arm)",Rest Timer,0,0.0,0,180.0,,,
2025-11-11 18:06:16,"Back & Triceps✝️",57m,"Lat Pulldown (Single Arm)",F,70.0,7.0,0,0.0,,,10
2025-11-11 18:06:16,"Back & Triceps✝️",57m,"Lat Pulldown (Single Arm)",Rest Timer,0,0.0,0,0.0,,,
2025-11-11 18:06:16,"Back & Triceps✝️",57m,"Single Arm Tricep Extension (Cable)",W,10.0,10.0,0,0.0,"2x6-o8(F), 3 mins",,
2025-11-11 18:06:16,"Back & Triceps✝️",57m,"Single Arm Tricep Extension (Cable)",Rest Timer,0,0.0,0,120.0,,,
2025-11-11 18:06:16,"Back & Triceps✝️",57m,"Single Arm Tricep Extension (Cable)",F,35.0,7.0,0,0.0,,,10
2025-11-11 18:06:16,"Back & Triceps✝️",57m,"Single Arm Tricep Extension (Cable)",Rest Timer,0,0.0,0,180.0,,,
2025-11-11 18:06:16,"Back & Triceps✝️",57m,"Single Arm Tricep Extension (Cable)",F,30.0,7.0,0,0.0,,,10
2025-11-11 18:06:16,"Back & Triceps✝️",57m,"Single Arm Tricep Extension (Cable)",Rest Timer,0,0.0,0,0.0,,,
2025-11-11 18:06:16,"Back & Triceps✝️",57m,"Arsenal Strength Reload T Row",W,50.0,8.0,0,0.0,"2x6-8(F), 4 mins",,
2025-11-11 18:06:16,"Back & Triceps✝️",57m,"Arsenal Strength Reload T Row",Rest Timer,0,0.0,0,120.0,,,
2025-11-11 18:06:16,"Back & Triceps✝️",57m,"Arsenal Strength Reload T Row",F,105.0,8.0,0,0.0,,,10
2025-11-11 18:06:16,"Back & Triceps✝️",57m,"Arsenal Strength Reload T Row",Rest Timer,0,0.0,0,240.0,,,
2025-11-11 18:06:16,"Back & Triceps✝️",57m,"Arsenal Strength Reload T Row",F,110.0,5.0,0,0.0,,,10
2025-11-11 18:06:16,"Back & Triceps✝️",57m,"Arsenal Strength Reload T Row",Rest Timer,0,0.0,0,0.0,,,
2025-11-11 18:06:16,"Back & Triceps✝️",57m,"Tricep Press (Machine)",F,225.0,7.0,0,0.0,"2x6-8(F), 3 mins",,10
2025-11-11 18:06:16,"Back & Triceps✝️",57m,"Tricep Press (Machine)",Rest Timer,0,0.0,0,180.0,,,
2025-11-11 18:06:16,"Back & Triceps✝️",57m,"Tricep Press (Machine)",F,210.0,7.0,0,0.0,,,10
2025-11-11 18:06:16,"Back & Triceps✝️",57m,"Tricep Press (Machine)",Rest Timer,0,0.0,0,0.0,,,
2025-11-12 16:40:58,"Legs 🐓 ",1h 8m,"Walking (Treadmill)",W,0,0.0,0,300.0,"Incline: 3, Speed: .5-1, Backwards","Quads: 3\nHamstring: 1\nCalves: 1",
2025-11-12 16:40:58,"Legs 🐓 ",1h 8m,"Single-Leg Leg Curl",W,30.0,10.0,0,0.0,"1x8-10(F)",,
2025-11-12 16:40:58,"Legs 🐓 ",1h 8m,"Single-Leg Leg Curl",Rest Timer,0,0.0,0,120.0,,,
2025-11-12 16:40:58,"Legs 🐓 ",1h 8m,"Single-Leg Leg Curl",F,100.0,7.0,0,0.0,,,10
2025-11-12 16:40:58,"Legs 🐓 ",1h 8m,"Single-Leg Leg Curl",Rest Timer,0,0.0,0,180.0,,,
2025-11-12 16:40:58,"Legs 🐓 ",1h 8m,"Single-Leg Leg Curl",F,80.0,10.0,0,0.0,,,10
2025-11-12 16:40:58,"Legs 🐓 ",1h 8m,"Single-Leg Leg Curl",Rest Timer,0,0.0,0,0.0,,,
2025-11-12 16:40:58,"Legs 🐓 ",1h 8m,"Pendulum Squat (Machine)",W,110.0,10.0,0,0.0,"2x6-8(F), 4 mins",,
2025-11-12 16:40:58,"Legs 🐓 ",1h 8m,"Pendulum Squat (Machine)",Rest Timer,0,0.0,0,180.0,,,
2025-11-12 16:40:58,"Legs 🐓 ",1h 8m,"Pendulum Squat (Machine)",W,160.0,6.0,0,0.0,,,
2025-11-12 16:40:58,"Legs 🐓 ",1h 8m,"Pendulum Squat (Machine)",Rest Timer,0,0.0,0,180.0,,,
2025-11-12 16:40:58,"Legs 🐓 ",1h 8m,"Pendulum Squat (Machine)",F,200.0,7.0,0,0.0,,,10
2025-11-12 16:40:58,"Legs 🐓 ",1h 8m,"Pendulum Squat (Machine)",Rest Timer,0,0.0,0,240.0,,,
2025-11-12 16:40:58,"Legs 🐓 ",1h 8m,"Hip Adductor (Machine)",F,90.0,8.0,0,0.0,"1x8-10(F)",,10
2025-11-12 16:40:58,"Legs 🐓 ",1h 8m,"Hip Adductor (Machine)",Rest Timer,0,0.0,0,0.0,,,
2025-11-12 16:40:58,"Legs 🐓 ",1h 8m,"Standing Calf Raise (Machine)",F,280.0,7.0,0,0.0,"2x8-10(F), 3 mins",,10
2025-11-12 16:40:58,"Legs 🐓 ",1h 8m,"Standing Calf Raise (Machine)",Rest Timer,0,0.0,0,180.0,,,
2025-11-12 16:40:58,"Legs 🐓 ",1h 8m,"Standing Calf Raise (Machine)",F,270.0,6.0,0,0.0,,,10
2025-11-12 16:40:58,"Legs 🐓 ",1h 8m,"Standing Calf Raise (Machine)",Rest Timer,0,0.0,0,0.0,,,
2025-11-13 19:27:05,"Shoulders🪨",36m,"Leg Raise (Captain’s Chair)",F,0,15.0,0,0.0,"3xFailure, 3 mins","Shoulders: 3\nCore: 1",10
2025-11-13 19:27:05,"Shoulders🪨",36m,"Leg Raise (Captain’s Chair)",Rest Timer,0,0.0,0,180.0,,,
2025-11-13 19:27:05,"Shoulders🪨",36m,"Leg Raise (Captain’s Chair)",F,0,12.0,0,0.0,,,10
2025-11-13 19:27:05,"Shoulders🪨",36m,"Leg Raise (Captain’s Chair)",Rest Timer,0,0.0,0,180.0,,,
2025-11-13 19:27:05,"Shoulders🪨",36m,"Leg Raise (Captain’s Chair)",F,0,9.0,0,0.0,,,10
2025-11-13 19:27:05,"Shoulders🪨",36m,"Leg Raise (Captain’s Chair)",Rest Timer,0,0.0,0,0.0,,,
2025-11-13 19:27:05,"Shoulders🪨",36m,"Arsenal Strength Shoulder Press (Machine)",W,18.0,10.0,0,0.0,"2x6-8(F), 3 mins",,
2025-11-13 19:27:05,"Shoulders🪨",36m,"Arsenal Strength Shoulder Press (Machine)",Rest Timer,0,0.0,0,120.0,,,
2025-11-13 19:27:05,"Shoulders🪨",36m,"Arsenal Strength Shoulder Press (Machine)",W,43.0,8.0,0,0.0,,,
2025-11-13 19:27:05,"Shoulders🪨",36m,"Arsenal Strength Shoulder Press (Machine)",Rest Timer,0,0.0,0,120.0,,,
2025-11-13 19:27:05,"Shoulders🪨",36m,"Arsenal Strength Shoulder Press (Machine)",F,113.0,6.0,0,0.0,,,10
2025-11-13 19:27:05,"Shoulders🪨",36m,"Arsenal Strength Shoulder Press (Machine)",Rest Timer,0,0.0,0,180.0,,,
2025-11-13 19:27:05,"Shoulders🪨",36m,"Lateral Raise (Cable)",W,10.0,8.0,0,0.0,"2x8-10(F), 3 mins",,
2025-11-13 19:27:05,"Shoulders🪨",36m,"Lateral Raise (Cable)",Rest Timer,0,0.0,0,120.0,,,
2025-11-13 19:27:05,"Shoulders🪨",36m,"Lateral Raise (Cable)",F,22.5,6.0,0,0.0,,,10
2025-11-13 19:27:05,"Shoulders🪨",36m,"Lateral Raise (Cable)",Rest Timer,0,0.0,0,180.0,,,
2025-11-13 19:27:05,"Shoulders🪨",36m,"Lateral Raise (Cable)",F,17.5,10.0,0,0.0,,,10
2025-11-13 19:27:05,"Shoulders🪨",36m,"Lateral Raise (Cable)",Rest Timer,0,0.0,0,0.0,,,
2025-11-20 13:56:41,"Chest & Biceps🃏",45m,"Single Arm Preacher Curl (Machine)",W,10.0,10.0,0,0.0,"2x6-8(F), 3 mins","Chest: 2\nBiceps: 2",
2025-11-20 13:56:41,"Chest & Biceps🃏",45m,"Single Arm Preacher Curl (Machine)",Rest Timer,0,0.0,0,120.0,,,
2025-11-20 13:56:41,"Chest & Biceps🃏",45m,"Single Arm Preacher Curl (Machine)",F,77.5,6.0,0,0.0,,,10
2025-11-20 13:56:41,"Chest & Biceps🃏",45m,"Single Arm Preacher Curl (Machine)",Rest Timer,0,0.0,0,180.0,,,
2025-11-20 13:56:41,"Chest & Biceps🃏",45m,"Single Arm Preacher Curl (Machine)",F,70.0,7.0,0,0.0,,,10
2025-11-20 13:56:41,"Chest & Biceps🃏",45m,"Single Arm Preacher Curl (Machine)",Rest Timer,0,0.0,0,0.0,,,
2025-11-20 13:56:41,"Chest & Biceps🃏",45m,"Incline Bench Press (Smith Machine)",W,20.0,10.0,0,0.0,"2x6-8(F), 4 mins",,
2025-11-20 13:56:41,"Chest & Biceps🃏",45m,"Incline Bench Press (Smith Machine)",Rest Timer,0,0.0,0,180.0,,,
2025-11-20 13:56:41,"Chest & Biceps🃏",45m,"Incline Bench Press (Smith Machine)",W,70.0,8.0,0,0.0,,,
2025-11-20 13:56:41,"Chest & Biceps🃏",45m,"Incline Bench Press (Smith Machine)",Rest Timer,0,0.0,0,180.0,,,
2025-11-20 13:56:41,"Chest & Biceps🃏",45m,"Incline Bench Press (Smith Machine)",W,110.0,5.0,0,0.0,,,
2025-11-20 13:56:41,"Chest & Biceps🃏",45m,"Incline Bench Press (Smith Machine)",Rest Timer,0,0.0,0,180.0,,,
2025-11-20 13:56:41,"Chest & Biceps🃏",45m,"Incline Bench Press (Smith Machine)",F,175.0,4.0,0,0.0,,,10
2025-11-20 13:56:41,"Chest & Biceps🃏",45m,"Incline Bench Press (Smith Machine)",Rest Timer,0,0.0,0,240.0,,,
2025-11-20 13:56:41,"Chest & Biceps🃏",45m,"Incline Bench Press (Smith Machine)",F,160.0,6.0,0,0.0,,,10
2025-11-20 13:56:41,"Chest & Biceps🃏",45m,"Incline Bench Press (Smith Machine)",Rest Timer,0,0.0,0,0.0,,,
2025-11-20 13:56:41,"Chest & Biceps🃏",45m,"Hammer Curl (Cable)",F,32.5,7.0,0,0.0,"2x6-8(F), 3 mins",,10
2025-11-20 13:56:41,"Chest & Biceps🃏",45m,"Hammer Curl (Cable)",Rest Timer,0,0.0,0,180.0,,,
2025-11-20 13:56:41,"Chest & Biceps🃏",45m,"Hammer Curl (Cable)",F,30.0,7.0,0,0.0,,,10
2025-11-20 13:56:41,"Chest & Biceps🃏",45m,"Hammer Curl (Cable)",Rest Timer,0,0.0,0,0.0,,,
2025-11-24 16:28:14,"Back & Triceps✝️",29m,"Lat Pulldown (Single Arm)",W,100.0,10.0,0,0.0,"2x6-8(F), 4 mins","Back Width: 1\nBack Thickness: 2\nTriceps: 2",
2025-11-24 16:28:14,"Back & Triceps✝️",29m,"Lat Pulldown (Single Arm)",Rest Timer,0,0.0,0,120.0,,,
2025-11-24 16:28:14,"Back & Triceps✝️",29m,"Lat Pulldown (Single Arm)",F,80.0,6.0,0,0.0,,,10
2025-11-24 16:28:14,"Back & Triceps✝️",29m,"Lat Pulldown (Single Arm)",Rest Timer,0,0.0,0,180.0,,,
2025-11-24 16:28:14,"Back & Triceps✝️",29m,"Lat Pulldown (Single Arm)",F,70.0,7.0,0,0.0,,,10
2025-11-24 16:28:14,"Back & Triceps✝️",29m,"Lat Pulldown (Single Arm)",Rest Timer,0,0.0,0,0.0,,,
2025-11-24 16:28:14,"Back & Triceps✝️",29m,"Single Arm Tricep Extension (Cable)",W,10.0,10.0,0,0.0,"2x6-8(F), 3 mins",,
2025-11-24 16:28:14,"Back & Triceps✝️",29m,"Single Arm Tricep Extension (Cable)",Rest Timer,0,0.0,0,120.0,,,
2025-11-24 16:28:14,"Back & Triceps✝️",29m,"Single Arm Tricep Extension (Cable)",F,35.0,5.0,0,0.0,,,10
2025-11-24 16:28:14,"Back & Triceps✝️",29m,"Single Arm Tricep Extension (Cable)",Rest Timer,0,0.0,0,180.0,,,
2025-11-24 16:28:14,"Back & Triceps✝️",29m,"Single Arm Tricep Extension (Cable)",F,30.0,7.0,0,0.0,,,10
2025-11-24 16:28:14,"Back & Triceps✝️",29m,"Single Arm Tricep Extension (Cable)",Rest Timer,0,0.0,0,0.0,,,
2025-11-25 18:04:08,"Legs 🐓 ",1h 3m,"Walking (Treadmill)",W,0,0.0,0,300.0,"Incline: 3, Speed: .5-1, Backwards","Quads: 3\nHamstring: 1\nCalves: 1",
2025-11-25 18:04:08,"Legs 🐓 ",1h 3m,"Single-Leg Leg Curl",W,30.0,10.0,0,0.0,"1x8-10(F)",,
2025-11-25 18:04:08,"Legs 🐓 ",1h 3m,"Single-Leg Leg Curl",Rest Timer,0,0.0,0,120.0,,,
2025-11-25 18:04:08,"Legs 🐓 ",1h 3m,"Single-Leg Leg Curl",F,100.0,8.0,0,0.0,,,10
2025-11-25 18:04:08,"Legs 🐓 ",1h 3m,"Single-Leg Leg Curl",Rest Timer,0,0.0,0,180.0,,,
2025-11-25 18:04:08,"Legs 🐓 ",1h 3m,"Single-Leg Leg Curl",F,80.0,8.0,0,0.0,,,10
2025-11-25 18:04:08,"Legs 🐓 ",1h 3m,"Single-Leg Leg Curl",Rest Timer,0,0.0,0,0.0,,,
2025-11-25 18:04:08,"Legs 🐓 ",1h 3m,"Pendulum Squat (Machine)",W,110.0,10.0,0,0.0,"2x6-8(F), 4 mins",,
2025-11-25 18:04:08,"Legs 🐓 ",1h 3m,"Pendulum Squat (Machine)",Rest Timer,0,0.0,0,180.0,,,
2025-11-25 18:04:08,"Legs 🐓 ",1h 3m,"Pendulum Squat (Machine)",W,160.0,6.0,0,0.0,,,
2025-11-25 18:04:08,"Legs 🐓 ",1h 3m,"Pendulum Squat (Machine)",Rest Timer,0,0.0,0,180.0,,,
2025-11-25 18:04:08,"Legs 🐓 ",1h 3m,"Pendulum Squat (Machine)",F,200.0,8.0,0,0.0,,,10
2025-11-25 18:04:08,"Legs 🐓 ",1h 3m,"Pendulum Squat (Machine)",Rest Timer,0,0.0,0,240.0,,,
2025-11-25 18:04:08,"Legs 🐓 ",1h 3m,"Hip Adductor (Machine)",F,90.0,11.0,0,0.0,"1x8-10(F)",,10
2025-11-25 18:04:08,"Legs 🐓 ",1h 3m,"Hip Adductor (Machine)",Rest Timer,0,0.0,0,0.0,,,
2025-11-25 18:04:08,"Legs 🐓 ",1h 3m,"Standing Calf Raise (Machine)",F,280.0,9.0,0,0.0,"2x8-10(F), 3 mins",,10
2025-11-25 18:04:08,"Legs 🐓 ",1h 3m,"Standing Calf Raise (Machine)",Rest Timer,0,0.0,0,180.0,,,
2025-11-25 18:04:08,"Legs 🐓 ",1h 3m,"Standing Calf Raise (Machine)",F,270.0,8.0,0,0.0,,,10
2025-11-25 18:04:08,"Legs 🐓 ",1h 3m,"Standing Calf Raise (Machine)",Rest Timer,0,0.0,0,0.0,,,
2025-12-01 14:47:46,"Chest & Biceps🃏",38m,"Single Arm Preacher Curl (Machine)",W,10.0,10.0,0,0.0,"2x6-8(F), 3 mins","Chest: 2\nBiceps: 2",
2025-12-01 14:47:46,"Chest & Biceps🃏",38m,"Single Arm Preacher Curl (Machine)",Rest Timer,0,0.0,0,120.0,,,
2025-12-01 14:47:46,"Chest & Biceps🃏",38m,"Single Arm Preacher Curl (Machine)",F,77.5,5.0,0,0.0,,,10
2025-12-01 14:47:46,"Chest & Biceps🃏",38m,"Single Arm Preacher Curl (Machine)",Rest Timer,0,0.0,0,180.0,,,
2025-12-01 14:47:46,"Chest & Biceps🃏",38m,"Single Arm Preacher Curl (Machine)",F,70.0,6.0,0,0.0,,,10
2025-12-01 14:47:46,"Chest & Biceps🃏",38m,"Single Arm Preacher Curl (Machine)",Rest Timer,0,0.0,0,0.0,,,
2025-12-01 14:47:46,"Chest & Biceps🃏",38m,"Incline Bench Press (Smith Machine)",W,20.0,10.0,0,0.0,"2x6-8(F), 4 mins",,
2025-12-01 14:47:46,"Chest & Biceps🃏",38m,"Incline Bench Press (Smith Machine)",Rest Timer,0,0.0,0,180.0,,,
2025-12-01 14:47:46,"Chest & Biceps🃏",38m,"Incline Bench Press (Smith Machine)",W,70.0,8.0,0,0.0,,,
2025-12-01 14:47:46,"Chest & Biceps🃏",38m,"Incline Bench Press (Smith Machine)",Rest Timer,0,0.0,0,180.0,,,
2025-12-01 14:47:46,"Chest & Biceps🃏",38m,"Incline Bench Press (Smith Machine)",W,110.0,5.0,0,0.0,,,
2025-12-01 14:47:46,"Chest & Biceps🃏",38m,"Incline Bench Press (Smith Machine)",Rest Timer,0,0.0,0,180.0,,,
2025-12-01 14:47:46,"Chest & Biceps🃏",38m,"Incline Bench Press (Smith Machine)",F,175.0,4.0,0,0.0,,,10
2025-12-01 14:47:46,"Chest & Biceps🃏",38m,"Incline Bench Press (Smith Machine)",Rest Timer,0,0.0,0,240.0,,,
2025-12-01 14:47:46,"Chest & Biceps🃏",38m,"Incline Bench Press (Smith Machine)",F,160.0,6.0,0,0.0,,,10
2025-12-01 14:47:46,"Chest & Biceps🃏",38m,"Incline Bench Press (Smith Machine)",Rest Timer,0,0.0,0,0.0,,,
2025-12-02 17:18:25,"Back & Triceps✝️",51m,"Lat Pulldown (Single Arm)",W,100.0,10.0,0,0.0,"2x6-8(F), 4 mins","Back Width: 1\nBack Thickness: 2\nTriceps: 2",
2025-12-02 17:18:25,"Back & Triceps✝️",51m,"Lat Pulldown (Single Arm)",Rest Timer,0,0.0,0,120.0,,,
2025-12-02 17:18:25,"Back & Triceps✝️",51m,"Lat Pulldown (Single Arm)",F,80.0,6.0,0,0.0,,,10
2025-12-02 17:18:25,"Back & Triceps✝️",51m,"Lat Pulldown (Single Arm)",Rest Timer,0,0.0,0,180.0,,,
2025-12-02 17:18:25,"Back & Triceps✝️",51m,"Lat Pulldown (Single Arm)",F,70.0,8.0,0,0.0,,,10
2025-12-02 17:18:25,"Back & Triceps✝️",51m,"Lat Pulldown (Single Arm)",Rest Timer,0,0.0,0,0.0,,,
2025-12-02 17:18:25,"Back & Triceps✝️",51m,"Tricep Press (Machine)",F,225.0,6.0,0,0.0,"2x6-8(F), 3 mins",,10
2025-12-02 17:18:25,"Back & Triceps✝️",51m,"Tricep Press (Machine)",Rest Timer,0,0.0,0,180.0,,,
2025-12-02 17:18:25,"Back & Triceps✝️",51m,"Tricep Press (Machine)",F,210.0,8.0,0,0.0,,,10
2025-12-02 17:18:25,"Back & Triceps✝️",51m,"Tricep Press (Machine)",Rest Timer,0,0.0,0,0.0,,,
2025-12-02 17:18:25,"Back & Triceps✝️",51m,"Arsenal Strength Reload T Row",W,50.0,8.0,0,0.0,"2x6-8(F), 4 mins",,
2025-12-02 17:18:25,"Back & Triceps✝️",51m,"Arsenal Strength Reload T Row",Rest Timer,0,0.0,0,120.0,,,
2025-12-02 17:18:25,"Back & Triceps✝️",51m,"Arsenal Strength Reload T Row",F,110.0,6.0,0,0.0,,,10
2025-12-02 17:18:25,"Back & Triceps✝️",51m,"Arsenal Strength Reload T Row",Rest Timer,0,0.0,0,240.0,,,
2025-12-02 17:18:25,"Back & Triceps✝️",51m,"Arsenal Strength Reload T Row",F,95.0,7.0,0,0.0,,,10
2025-12-02 17:18:25,"Back & Triceps✝️",51m,"Arsenal Strength Reload T Row",Rest Timer,0,0.0,0,240.0,,,
2025-12-02 17:18:25,"Back & Triceps✝️",51m,"Arsenal Strength Reloaded Iso Multi Row",F,135.0,6.0,0,0.0,"1x6-8(F), 4 mins",,10
2025-12-02 17:18:25,"Back & Triceps✝️",51m,"Arsenal Strength Reloaded Iso Multi Row",Rest Timer,0,0.0,0,0.0,,,
2025-12-03 18:13:26,"Legs 🐓 ",47m,"Walking (Treadmill)",W,0,0.0,0,300.0,"Incline: 3, Speed: .5-1, Backwards","Quads: 3\nHamstring: 1\nCalves: 1",
2025-12-03 18:13:26,"Legs 🐓 ",47m,"Romanian Deadlift (Barbell)",W,95.0,10.0,0,0.0,"1x6-8(F)",,
2025-12-03 18:13:26,"Legs 🐓 ",47m,"Romanian Deadlift (Barbell)",Rest Timer,0,0.0,0,180.0,,,
2025-12-03 18:13:26,"Legs 🐓 ",47m,"Romanian Deadlift (Barbell)",F,185.0,6.0,0,0.0,,,10
2025-12-03 18:13:26,"Legs 🐓 ",47m,"Romanian Deadlift (Barbell)",Rest Timer,0,0.0,0,0.0,,,
2025-12-03 18:13:26,"Legs 🐓 ",47m,"Pendulum Squat (Machine)",W,110.0,10.0,0,0.0,"1x6-8(F), 4 mins",,
2025-12-03 18:13:26,"Legs 🐓 ",47m,"Pendulum Squat (Machine)",Rest Timer,0,0.0,0,180.0,,,
2025-12-03 18:13:26,"Legs 🐓 ",47m,"Pendulum Squat (Machine)",W,160.0,6.0,0,0.0,,,
2025-12-03 18:13:26,"Legs 🐓 ",47m,"Pendulum Squat (Machine)",Rest Timer,0,0.0,0,180.0,,,
2025-12-03 18:13:26,"Legs 🐓 ",47m,"Pendulum Squat (Machine)",F,210.0,8.0,0,0.0,,,10
2025-12-03 18:13:26,"Legs 🐓 ",47m,"Pendulum Squat (Machine)",Rest Timer,0,0.0,0,240.0,,,
2025-12-03 18:13:26,"Legs 🐓 ",47m,"Hip Adductor (Machine)",F,100.0,7.0,0,0.0,"1x8-10(F)",,10
2025-12-03 18:13:26,"Legs 🐓 ",47m,"Hip Adductor (Machine)",Rest Timer,0,0.0,0,0.0,,,
2025-12-03 18:13:26,"Legs 🐓 ",47m,"Standing Calf Raise (Machine)",F,280.0,9.0,0,0.0,"2x8-10(F), 3 mins",,10
2025-12-03 18:13:26,"Legs 🐓 ",47m,"Standing Calf Raise (Machine)",Rest Timer,0,0.0,0,180.0,,,
2025-12-08 14:45:35,"Chest & Biceps🃏",53m,"Single Arm Preacher Curl (Machine)",W,10.0,10.0,0,0.0,"2x6-8(F), 3 mins","Chest: 2\nBiceps: 2",
2025-12-08 14:45:35,"Chest & Biceps🃏",53m,"Single Arm Preacher Curl (Machine)",Rest Timer,0,0.0,0,120.0,,,
2025-12-08 14:45:35,"Chest & Biceps🃏",53m,"Single Arm Preacher Curl (Machine)",F,77.5,5.0,0,0.0,,,10
2025-12-08 14:45:35,"Chest & Biceps🃏",53m,"Single Arm Preacher Curl (Machine)",Rest Timer,0,0.0,0,180.0,,,
2025-12-08 14:45:35,"Chest & Biceps🃏",53m,"Single Arm Preacher Curl (Machine)",F,70.0,8.0,0,0.0,,,10
2025-12-08 14:45:35,"Chest & Biceps🃏",53m,"Single Arm Preacher Curl (Machine)",Rest Timer,0,0.0,0,0.0,,,
2025-12-08 14:45:35,"Chest & Biceps🃏",53m,"Incline Bench Press (Smith Machine)",W,20.0,10.0,0,0.0,"2x6-8(F), 4 mins",,
2025-12-08 14:45:35,"Chest & Biceps🃏",53m,"Incline Bench Press (Smith Machine)",Rest Timer,0,0.0,0,180.0,,,
2025-12-08 14:45:35,"Chest & Biceps🃏",53m,"Incline Bench Press (Smith Machine)",W,70.0,8.0,0,0.0,,,
2025-12-08 14:45:35,"Chest & Biceps🃏",53m,"Incline Bench Press (Smith Machine)",Rest Timer,0,0.0,0,180.0,,,
2025-12-08 14:45:35,"Chest & Biceps🃏",53m,"Incline Bench Press (Smith Machine)",W,110.0,5.0,0,0.0,,,
2025-12-08 14:45:35,"Chest & Biceps🃏",53m,"Incline Bench Press (Smith Machine)",Rest Timer,0,0.0,0,180.0,,,
2025-12-08 14:45:35,"Chest & Biceps🃏",53m,"Incline Bench Press (Smith Machine)",F,175.0,5.0,0,0.0,,,10
2025-12-08 14:45:35,"Chest & Biceps🃏",53m,"Incline Bench Press (Smith Machine)",Rest Timer,0,0.0,0,240.0,,,
2025-12-08 14:45:35,"Chest & Biceps🃏",53m,"Incline Bench Press (Smith Machine)",F,160.0,6.0,0,0.0,,,10
2025-12-08 14:45:35,"Chest & Biceps🃏",53m,"Incline Bench Press (Smith Machine)",Rest Timer,0,0.0,0,0.0,,,
2025-12-08 14:45:35,"Chest & Biceps🃏",53m,"Hammer Curl (Cable)",F,25.0,5.0,0,0.0,"2x6-8(F), 3 mins",,10
2025-12-08 14:45:35,"Chest & Biceps🃏",53m,"Hammer Curl (Cable)",Rest Timer,0,0.0,0,180.0,,,
2025-12-08 14:45:35,"Chest & Biceps🃏",53m,"Hammer Curl (Cable)",F,25.0,6.0,0,0.0,,,10
2025-12-08 14:45:35,"Chest & Biceps🃏",53m,"Hammer Curl (Cable)",Rest Timer,0,0.0,0,0.0,,,
2025-12-08 14:45:35,"Chest & Biceps🃏",53m,"Arsenal Strength Chest Fly (Machine)",F,250.0,6.0,0,0.0,"2x8-10(F), 3 mins",,10
2025-12-08 14:45:35,"Chest & Biceps🃏",53m,"Arsenal Strength Chest Fly (Machine)",Rest Timer,0,0.0,0,180.0,,,
2025-12-08 14:45:35,"Chest & Biceps🃏",53m,"Arsenal Strength Chest Fly (Machine)",F,200.0,7.0,0,0.0,,,10
2025-12-08 14:45:35,"Chest & Biceps🃏",53m,"Arsenal Strength Chest Fly (Machine)",Rest Timer,0,0.0,0,0.0,,,
2025-12-11 17:55:59,"Back & Triceps✝️",42m,"Lat Pulldown (Single Arm)",W,100.0,10.0,0,0.0,"2x6-8(F), 4 mins","Back Width: 1\nBack Thickness: 2\nTriceps: 2",
2025-12-11 17:55:59,"Back & Triceps✝️",42m,"Lat Pulldown (Single Arm)",Rest Timer,0,0.0,0,120.0,,,
2025-12-11 17:55:59,"Back & Triceps✝️",42m,"Lat Pulldown (Single Arm)",F,80.0,7.0,0,0.0,,,10
2025-12-11 17:55:59,"Back & Triceps✝️",42m,"Lat Pulldown (Single Arm)",Rest Timer,0,0.0,0,180.0,,,
2025-12-11 17:55:59,"Back & Triceps✝️",42m,"Lat Pulldown (Single Arm)",F,70.0,8.0,0,0.0,,,10
2025-12-11 17:55:59,"Back & Triceps✝️",42m,"Lat Pulldown (Single Arm)",Rest Timer,0,0.0,0,0.0,,,
2025-12-11 17:55:59,"Back & Triceps✝️",42m,"Single Arm Tricep Extension (Cable)",W,10.0,10.0,0,0.0,"2x6-8(F), 3 mins",,
2025-12-11 17:55:59,"Back & Triceps✝️",42m,"Single Arm Tricep Extension (Cable)",Rest Timer,0,0.0,0,120.0,,,
2025-12-11 17:55:59,"Back & Triceps✝️",42m,"Single Arm Tricep Extension (Cable)",F,30.0,7.0,0,0.0,,,10
2025-12-11 17:55:59,"Back & Triceps✝️",42m,"Single Arm Tricep Extension (Cable)",Rest Timer,0,0.0,0,180.0,,,
2025-12-11 17:55:59,"Back & Triceps✝️",42m,"Single Arm Tricep Extension (Cable)",F,30.0,8.0,0,0.0,,,10
2025-12-11 17:55:59,"Back & Triceps✝️",42m,"Single Arm Tricep Extension (Cable)",Rest Timer,0,0.0,0,0.0,,,
2025-12-11 17:55:59,"Back & Triceps✝️",42m,"Arsenal Strength Reload T Row",W,50.0,8.0,0,0.0,"2x6-8(F), 4 mins",,
2025-12-11 17:55:59,"Back & Triceps✝️",42m,"Arsenal Strength Reload T Row",Rest Timer,0,0.0,0,120.0,,,
2025-12-11 17:55:59,"Back & Triceps✝️",42m,"Arsenal Strength Reload T Row",F,110.0,7.0,0,0.0,,,10
2025-12-11 17:55:59,"Back & Triceps✝️",42m,"Arsenal Strength Reload T Row",Rest Timer,0,0.0,0,240.0,,,
2025-12-11 17:55:59,"Back & Triceps✝️",42m,"Arsenal Strength Reload T Row",F,95.0,8.0,0,0.0,,,10
2025-12-11 17:55:59,"Back & Triceps✝️",42m,"Arsenal Strength Reload T Row",Rest Timer,0,0.0,0,0.0,,,
2025-12-13 12:53:04,"Legs 🐓 ",54m,"Walking (Treadmill)",W,0,0.0,0,300.0,"Incline: 5, Speed: .5-1, Backwards","Quads: 3\nHamstring: 1\nCalves: 1",
2025-12-13 12:53:04,"Legs 🐓 ",54m,"Romanian Deadlift (Barbell)",W,95.0,10.0,0,0.0,"1x6-8(F)",,
2025-12-13 12:53:04,"Legs 🐓 ",54m,"Romanian Deadlift (Barbell)",Rest Timer,0,0.0,0,180.0,,,
2025-12-13 12:53:04,"Legs 🐓 ",54m,"Romanian Deadlift (Barbell)",W,135.0,8.0,0,0.0,,,
2025-12-13 12:53:04,"Legs 🐓 ",54m,"Romanian Deadlift (Barbell)",Rest Timer,0,0.0,0,180.0,,,
2025-12-13 12:53:04,"Legs 🐓 ",54m,"Romanian Deadlift (Barbell)",F,185.0,9.0,0,0.0,,,10
2025-12-13 12:53:04,"Legs 🐓 ",54m,"Romanian Deadlift (Barbell)",Rest Timer,0,0.0,0,0.0,,,
2025-12-13 12:53:04,"Legs 🐓 ",54m,"Pendulum Squat (Machine)",W,110.0,10.0,0,0.0,"1x6-8(F), 4 mins",,
2025-12-13 12:53:04,"Legs 🐓 ",54m,"Pendulum Squat (Machine)",Rest Timer,0,0.0,0,180.0,,,
2025-12-13 12:53:04,"Legs 🐓 ",54m,"Pendulum Squat (Machine)",W,160.0,6.0,0,0.0,,,
2025-12-13 12:53:04,"Legs 🐓 ",54m,"Pendulum Squat (Machine)",Rest Timer,0,0.0,0,180.0,,,
2025-12-13 12:53:04,"Legs 🐓 ",54m,"Pendulum Squat (Machine)",F,220.0,6.0,0,0.0,,,10
2025-12-13 12:53:04,"Legs 🐓 ",54m,"Pendulum Squat (Machine)",Rest Timer,0,0.0,0,240.0,,,
2025-12-13 12:53:04,"Legs 🐓 ",54m,"Hip Adductor (Machine)",F,100.0,9.0,0,0.0,"1x8-10(F)",,10
2025-12-13 12:53:04,"Legs 🐓 ",54m,"Hip Adductor (Machine)",Rest Timer,0,0.0,0,0.0,,,
2025-12-13 12:53:04,"Legs 🐓 ",54m,"Single-Leg Leg Extension (Machine)",F,105.0,6.0,0,0.0,"2x6-8(F), 3 mins",,10
2025-12-13 12:53:04,"Legs 🐓 ",54m,"Single-Leg Leg Extension (Machine)",Rest Timer,0,0.0,0,180.0,,,
2025-12-13 12:53:04,"Legs 🐓 ",54m,"Single-Leg Leg Extension (Machine)",F,105.0,6.0,0,0.0,,,
2025-12-13 12:53:04,"Legs 🐓 ",54m,"Single-Leg Leg Extension (Machine)",Rest Timer,0,0.0,0,0.0,,,
2026-01-06 16:37:52,"Chest & Biceps🃏",55m,"Single Arm Preacher Curl (Machine)",W,10.0,10.0,0,0.0,"2x6-8(F), 3 mins","Chest: 2\nBiceps: 2",
2026-01-06 16:37:52,"Chest & Biceps🃏",55m,"Single Arm Preacher Curl (Machine)",Rest Timer,0,0.0,0,120.0,,,
2026-01-06 16:37:52,"Chest & Biceps🃏",55m,"Single Arm Preacher Curl (Machine)",F,70.0,8.0,0,0.0,,,10
2026-01-06 16:37:52,"Chest & Biceps🃏",55m,"Single Arm Preacher Curl (Machine)",Rest Timer,0,0.0,0,180.0,,,
2026-01-06 16:37:52,"Chest & Biceps🃏",55m,"Single Arm Preacher Curl (Machine)",F,75.0,6.0,0,0.0,,,10
2026-01-06 16:37:52,"Chest & Biceps🃏",55m,"Single Arm Preacher Curl (Machine)",Rest Timer,0,0.0,0,0.0,,,
2026-01-06 16:37:52,"Chest & Biceps🃏",55m,"Incline Bench Press (Smith Machine)",W,20.0,10.0,0,0.0,"2x6-8(F), 4 mins",,
2026-01-06 16:37:52,"Chest & Biceps🃏",55m,"Incline Bench Press (Smith Machine)",Rest Timer,0,0.0,0,180.0,,,
2026-01-06 16:37:52,"Chest & Biceps🃏",55m,"Incline Bench Press (Smith Machine)",W,70.0,8.0,0,0.0,,,
2026-01-06 16:37:52,"Chest & Biceps🃏",55m,"Incline Bench Press (Smith Machine)",Rest Timer,0,0.0,0,180.0,,,
2026-01-06 16:37:52,"Chest & Biceps🃏",55m,"Incline Bench Press (Smith Machine)",W,110.0,5.0,0,0.0,,,
2026-01-06 16:37:52,"Chest & Biceps🃏",55m,"Incline Bench Press (Smith Machine)",Rest Timer,0,0.0,0,180.0,,,
2026-01-06 16:37:52,"Chest & Biceps🃏",55m,"Incline Bench Press (Smith Machine)",F,160.0,6.0,0,0.0,,,10
2026-01-06 16:37:52,"Chest & Biceps🃏",55m,"Incline Bench Press (Smith Machine)",Rest Timer,0,0.0,0,240.0,,,
2026-01-06 16:37:52,"Chest & Biceps🃏",55m,"Hammer Curl (Cable)",F,25.0,6.0,0,0.0,"2x6-8(F), 3 mins",,10
2026-01-06 16:37:52,"Chest & Biceps🃏",55m,"Hammer Curl (Cable)",Rest Timer,0,0.0,0,180.0,,,
2026-01-06 16:37:52,"Chest & Biceps🃏",55m,"Hammer Curl (Cable)",F,25.0,7.0,0,0.0,,,10
2026-01-06 16:37:52,"Chest & Biceps🃏",55m,"Hammer Curl (Cable)",Rest Timer,0,0.0,0,0.0,,,
2026-01-06 16:37:52,"Chest & Biceps🃏",55m,"Arsenal Strength Chest Fly (Machine)",F,250.0,5.0,0,0.0,"2x8-10(F), 3 mins",,10
2026-01-06 16:37:52,"Chest & Biceps🃏",55m,"Arsenal Strength Chest Fly (Machine)",Rest Timer,0,0.0,0,180.0,,,
2026-01-06 16:37:52,"Chest & Biceps🃏",55m,"Arsenal Strength Chest Fly (Machine)",F,200.0,8.0,0,0.0,,,10
2026-01-06 16:37:52,"Chest & Biceps🃏",55m,"Arsenal Strength Chest Fly (Machine)",Rest Timer,0,0.0,0,0.0,,,
2026-01-07 19:34:05,"Back & Triceps✝️",1h 11m,"Lat Pulldown (Cable)",W,100.0,8.0,0,0.0,"2x6-8(F), 4 mins","Back Width: 1\nBack Thickness: 2\nTriceps: 2",
2026-01-07 19:34:05,"Back & Triceps✝️",1h 11m,"Lat Pulldown (Cable)",Rest Timer,0,0.0,0,180.0,,,
2026-01-07 19:34:05,"Back & Triceps✝️",1h 11m,"Lat Pulldown (Cable)",F,150.0,8.0,0,0.0,,,10
2026-01-07 19:34:05,"Back & Triceps✝️",1h 11m,"Lat Pulldown (Cable)",Rest Timer,0,0.0,0,240.0,,,
2026-01-07 19:34:05,"Back & Triceps✝️",1h 11m,"Lat Pulldown (Cable)",F,160.0,7.0,0,0.0,,,10
2026-01-07 19:34:05,"Back & Triceps✝️",1h 11m,"Lat Pulldown (Cable)",Rest Timer,0,0.0,0,0.0,,,
2026-01-07 19:34:05,"Back & Triceps✝️",1h 11m,"Single Arm Tricep Extension (Cable)",W,10.0,10.0,0,0.0,"2x6-8(F), 3 mins",,
2026-01-07 19:34:05,"Back & Triceps✝️",1h 11m,"Single Arm Tricep Extension (Cable)",Rest Timer,0,0.0,0,120.0,,,
2026-01-07 19:34:05,"Back & Triceps✝️",1h 11m,"Single Arm Tricep Extension (Cable)",F,30.0,7.0,0,0.0,,,10
2026-01-07 19:34:05,"Back & Triceps✝️",1h 11m,"Single Arm Tricep Extension (Cable)",Rest Timer,0,0.0,0,180.0,,,
2026-01-07 19:34:05,"Back & Triceps✝️",1h 11m,"Single Arm Tricep Extension (Cable)",F,25.0,10.0,0,0.0,,,10
2026-01-07 19:34:05,"Back & Triceps✝️",1h 11m,"Single Arm Tricep Extension (Cable)",Rest Timer,0,0.0,0,0.0,,,
2026-01-07 19:34:05,"Back & Triceps✝️",1h 11m,"Arsenal Strength Reload T Row",W,50.0,8.0,0,0.0,"2x6-8(F), 4 mins",,
2026-01-07 19:34:05,"Back & Triceps✝️",1h 11m,"Arsenal Strength Reload T Row",Rest Timer,0,0.0,0,120.0,,,
2026-01-07 19:34:05,"Back & Triceps✝️",1h 11m,"Arsenal Strength Reload T Row",F,115.0,4.0,0,0.0,,,10
2026-01-07 19:34:05,"Back & Triceps✝️",1h 11m,"Arsenal Strength Reload T Row",Rest Timer,0,0.0,0,240.0,,,
2026-01-07 19:34:05,"Back & Triceps✝️",1h 11m,"Arsenal Strength Reload T Row",F,95.0,5.0,0,0.0,,,10
2026-01-07 19:34:05,"Back & Triceps✝️",1h 11m,"Arsenal Strength Reload T Row",Rest Timer,0,0.0,0,0.0,,,
2026-01-07 19:34:05,"Back & Triceps✝️",1h 11m,"Tricep Press (Machine)",F,210.0,4.0,0,0.0,"2x6-8(F), 3 mins",,10
2026-01-07 19:34:05,"Back & Triceps✝️",1h 11m,"Tricep Press (Machine)",Rest Timer,0,0.0,0,180.0,,,
2026-01-07 19:34:05,"Back & Triceps✝️",1h 11m,"Tricep Press (Machine)",F,190.0,7.0,0,0.0,,,10
2026-01-07 19:34:05,"Back & Triceps✝️",1h 11m,"Tricep Press (Machine)",Rest Timer,0,0.0,0,0.0,,,
2026-01-07 19:34:05,"Back & Triceps✝️",1h 11m,"Arsenal Strength Reloaded Iso Multi Row",F,135.0,8.0,0,0.0,"1x6-8(F)",,10
2026-01-07 19:34:05,"Back & Triceps✝️",1h 11m,"Arsenal Strength Reloaded Iso Multi Row",Rest Timer,0,0.0,0,0.0,,,
2026-01-08 18:17:28,"Legs 🐓 ",1h 2m,"Romanian Deadlift (Barbell)",W,95.0,10.0,0,0.0,"1x6-8(F)","Quads: 3\nHamstring: 1\nCalves: 1",
2026-01-08 18:17:28,"Legs 🐓 ",1h 2m,"Romanian Deadlift (Barbell)",Rest Timer,0,0.0,0,180.0,,,
2026-01-08 18:17:28,"Legs 🐓 ",1h 2m,"Romanian Deadlift (Barbell)",W,135.0,8.0,0,0.0,,,
2026-01-08 18:17:28,"Legs 🐓 ",1h 2m,"Romanian Deadlift (Barbell)",Rest Timer,0,0.0,0,180.0,,,
2026-01-08 18:17:28,"Legs 🐓 ",1h 2m,"Romanian Deadlift (Barbell)",F,205.0,9.0,0,0.0,,,10
2026-01-08 18:17:28,"Legs 🐓 ",1h 2m,"Romanian Deadlift (Barbell)",Rest Timer,0,0.0,0,0.0,,,
2026-01-08 18:17:28,"Legs 🐓 ",1h 2m,"Pendulum Squat (Machine)",W,110.0,10.0,0,0.0,"1x6-8(F), 4 mins",,
2026-01-08 18:17:28,"Legs 🐓 ",1h 2m,"Pendulum Squat (Machine)",Rest Timer,0,0.0,0,180.0,,,
2026-01-08 18:17:28,"Legs 🐓 ",1h 2m,"Pendulum Squat (Machine)",W,160.0,6.0,0,0.0,,,
2026-01-08 18:17:28,"Legs 🐓 ",1h 2m,"Pendulum Squat (Machine)",Rest Timer,0,0.0,0,180.0,,,
2026-01-08 18:17:28,"Legs 🐓 ",1h 2m,"Pendulum Squat (Machine)",F,220.0,6.0,0,0.0,,,10
2026-01-08 18:17:28,"Legs 🐓 ",1h 2m,"Pendulum Squat (Machine)",Rest Timer,0,0.0,0,240.0,,,
2026-01-08 18:17:28,"Legs 🐓 ",1h 2m,"Hip Adductor (Machine)",F,100.0,6.0,0,0.0,"1x8-10(F)",,10
2026-01-08 18:17:28,"Legs 🐓 ",1h 2m,"Hip Adductor (Machine)",Rest Timer,0,0.0,0,0.0,,,
2026-01-08 18:17:28,"Legs 🐓 ",1h 2m,"Standing Calf Raise (Machine)",F,280.0,8.0,0,0.0,"2x8-10(F), 3 mins",,10
2026-01-08 18:17:28,"Legs 🐓 ",1h 2m,"Standing Calf Raise (Machine)",Rest Timer,0,0.0,0,180.0,,,
2026-01-08 18:17:28,"Legs 🐓 ",1h 2m,"Single-Leg Leg Extension (Machine)",F,105.0,6.0,0,0.0,"2x6-8(F), 3 mins",,10
2026-01-08 18:17:28,"Legs 🐓 ",1h 2m,"Single-Leg Leg Extension (Machine)",Rest Timer,0,0.0,0,180.0,,,
2026-01-08 18:17:28,"Legs 🐓 ",1h 2m,"Single-Leg Leg Extension (Machine)",F,100.0,5.0,0,0.0,,,10
2026-01-08 18:17:28,"Legs 🐓 ",1h 2m,"Single-Leg Leg Extension (Machine)",Rest Timer,0,0.0,0,0.0,,,
2026-01-12 18:07:19,"Chest & Biceps🃏",45m,"Single Arm Preacher Curl (Machine)",W,10.0,10.0,0,0.0,"2x6-8(F), 3 mins","Chest: 2\nBiceps: 2",
2026-01-12 18:07:19,"Chest & Biceps🃏",45m,"Single Arm Preacher Curl (Machine)",Rest Timer,0,0.0,0,120.0,,,
2026-01-12 18:07:19,"Chest & Biceps🃏",45m,"Single Arm Preacher Curl (Machine)",F,75.0,5.0,0,0.0,,,10
2026-01-12 18:07:19,"Chest & Biceps🃏",45m,"Single Arm Preacher Curl (Machine)",Rest Timer,0,0.0,0,180.0,,,
2026-01-12 18:07:19,"Chest & Biceps🃏",45m,"Single Arm Preacher Curl (Machine)",F,75.0,5.0,0,0.0,,,10
2026-01-12 18:07:19,"Chest & Biceps🃏",45m,"Single Arm Preacher Curl (Machine)",Rest Timer,0,0.0,0,0.0,,,
2026-01-12 18:07:19,"Chest & Biceps🃏",45m,"Incline Bench Press (Smith Machine)",W,20.0,10.0,0,0.0,"2x6-8(F), 4 mins",,
2026-01-12 18:07:19,"Chest & Biceps🃏",45m,"Incline Bench Press (Smith Machine)",Rest Timer,0,0.0,0,180.0,,,
2026-01-12 18:07:19,"Chest & Biceps🃏",45m,"Incline Bench Press (Smith Machine)",W,70.0,8.0,0,0.0,,,
2026-01-12 18:07:19,"Chest & Biceps🃏",45m,"Incline Bench Press (Smith Machine)",Rest Timer,0,0.0,0,180.0,,,
2026-01-12 18:07:19,"Chest & Biceps🃏",45m,"Incline Bench Press (Smith Machine)",W,110.0,5.0,0,0.0,,,
2026-01-12 18:07:19,"Chest & Biceps🃏",45m,"Incline Bench Press (Smith Machine)",Rest Timer,0,0.0,0,180.0,,,
2026-01-12 18:07:19,"Chest & Biceps🃏",45m,"Incline Bench Press (Smith Machine)",F,170.0,4.0,0,0.0,,,10
2026-01-12 18:07:19,"Chest & Biceps🃏",45m,"Incline Bench Press (Smith Machine)",Rest Timer,0,0.0,0,240.0,,,
2026-01-12 18:07:19,"Chest & Biceps🃏",45m,"Incline Bench Press (Smith Machine)",F,160.0,4.0,0,0.0,,,10
2026-01-12 18:07:19,"Chest & Biceps🃏",45m,"Incline Bench Press (Smith Machine)",Rest Timer,0,0.0,0,0.0,,,
2026-01-12 18:07:19,"Chest & Biceps🃏",45m,"Arsenal Strength Chest Fly (Machine)",F,250.0,7.0,0,0.0,"2x8-10(F), 3 mins",,10
2026-01-12 18:07:19,"Chest & Biceps🃏",45m,"Arsenal Strength Chest Fly (Machine)",Rest Timer,0,0.0,0,180.0,,,
2026-01-12 18:07:19,"Chest & Biceps🃏",45m,"Arsenal Strength Chest Fly (Machine)",F,200.0,6.0,0,0.0,,,10
2026-01-12 18:07:19,"Chest & Biceps🃏",45m,"Arsenal Strength Chest Fly (Machine)",Rest Timer,0,0.0,0,0.0,,,
2026-01-13 19:17:00,"Back & Triceps✝️",1h 6m,"Lat Pulldown - Wide Grip (Cable)",W,100.0,8.0,0,0.0,"2x6-8(F), 4 mins","Back Width: 1\nBack Thickness: 2\nTriceps: 2",
2026-01-13 19:17:00,"Back & Triceps✝️",1h 6m,"Lat Pulldown - Wide Grip (Cable)",F,160.0,6.0,0,0.0,,,10
2026-01-13 19:17:00,"Back & Triceps✝️",1h 6m,"Lat Pulldown - Wide Grip (Cable)",Rest Timer,0,0.0,0,240.0,,,
2026-01-13 19:17:00,"Back & Triceps✝️",1h 6m,"Lat Pulldown - Wide Grip (Cable)",F,150.0,8.0,0,0.0,,,10
2026-01-13 19:17:00,"Back & Triceps✝️",1h 6m,"Lat Pulldown - Wide Grip (Cable)",Rest Timer,0,0.0,0,0.0,,,
2026-01-13 19:17:00,"Back & Triceps✝️",1h 6m,"Single Arm Tricep Extension (Cable)",W,10.0,10.0,0,0.0,"2x6-8(F), 3 mins",,
2026-01-13 19:17:00,"Back & Triceps✝️",1h 6m,"Single Arm Tricep Extension (Cable)",Rest Timer,0,0.0,0,120.0,,,
2026-01-13 19:17:00,"Back & Triceps✝️",1h 6m,"Single Arm Tricep Extension (Cable)",F,30.0,8.0,0,0.0,,,10
2026-01-13 19:17:00,"Back & Triceps✝️",1h 6m,"Single Arm Tricep Extension (Cable)",Rest Timer,0,0.0,0,180.0,,,
2026-01-13 19:17:00,"Back & Triceps✝️",1h 6m,"Single Arm Tricep Extension (Cable)",F,32.5,5.0,0,0.0,,,10
2026-01-13 19:17:00,"Back & Triceps✝️",1h 6m,"Single Arm Tricep Extension (Cable)",Rest Timer,0,0.0,0,0.0,,,
2026-01-13 19:17:00,"Back & Triceps✝️",1h 6m,"Arsenal Strength Reload T Row",W,50.0,8.0,0,0.0,"2x6-8(F), 4 mins",,
2026-01-13 19:17:00,"Back & Triceps✝️",1h 6m,"Arsenal Strength Reload T Row",Rest Timer,0,0.0,0,120.0,,,
2026-01-13 19:17:00,"Back & Triceps✝️",1h 6m,"Arsenal Strength Reload T Row",F,120.0,4.0,0,0.0,,,10
2026-01-13 19:17:00,"Back & Triceps✝️",1h 6m,"Arsenal Strength Reload T Row",Rest Timer,0,0.0,0,240.0,,,
2026-01-13 19:17:00,"Back & Triceps✝️",1h 6m,"Tricep Press (Machine)",F,210.0,7.0,0,0.0,"2x6-8(F), 3 mins",,10
2026-01-13 19:17:00,"Back & Triceps✝️",1h 6m,"Tricep Press (Machine)",Rest Timer,0,0.0,0,180.0,,,
2026-01-13 19:17:00,"Back & Triceps✝️",1h 6m,"Tricep Press (Machine)",F,210.0,6.0,0,0.0,,,10
2026-01-13 19:17:00,"Back & Triceps✝️",1h 6m,"Tricep Press (Machine)",Rest Timer,0,0.0,0,0.0,,,
2026-01-13 19:17:00,"Back & Triceps✝️",1h 6m,"Arsenal Strength Reloaded Iso Multi Row",F,135.0,9.0,0,0.0,"1x6-8(F)",,10
2026-01-13 19:17:00,"Back & Triceps✝️",1h 6m,"Arsenal Strength Reloaded Iso Multi Row",Rest Timer,0,0.0,0,0.0,,,
2026-01-14 15:13:41,"Legs 🐓 ",34m,"Romanian Deadlift (Barbell)",W,135.0,8.0,0,0.0,"1x6-8(F)","Quads: 3\nHamstring: 1\nCalves: 1",
2026-01-14 15:13:41,"Legs 🐓 ",34m,"Romanian Deadlift (Barbell)",Rest Timer,0,0.0,0,180.0,,,
2026-01-14 15:13:41,"Legs 🐓 ",34m,"Romanian Deadlift (Barbell)",F,225.0,8.0,0,0.0,,,10
2026-01-14 15:13:41,"Legs 🐓 ",34m,"Romanian Deadlift (Barbell)",Rest Timer,0,0.0,0,0.0,,,
2026-01-14 15:13:41,"Legs 🐓 ",34m,"Pendulum Squat (Machine)",W,110.0,10.0,0,0.0,"1x6-8(F), 4 mins",,
2026-01-14 15:13:41,"Legs 🐓 ",34m,"Pendulum Squat (Machine)",Rest Timer,0,0.0,0,180.0,,,
2026-01-14 15:13:41,"Legs 🐓 ",34m,"Pendulum Squat (Machine)",W,160.0,6.0,0,0.0,,,
2026-01-14 15:13:41,"Legs 🐓 ",34m,"Pendulum Squat (Machine)",Rest Timer,0,0.0,0,180.0,,,
2026-01-14 15:13:41,"Legs 🐓 ",34m,"Pendulum Squat (Machine)",F,220.0,6.0,0,0.0,,,10
2026-01-14 15:13:41,"Legs 🐓 ",34m,"Pendulum Squat (Machine)",Rest Timer,0,0.0,0,240.0,,,
2026-01-22 14:06:41,"Chest & Biceps🃏",34m,"Single Arm Preacher Curl (Machine)",W,10.0,10.0,0,0.0,"2x6-8(F), 3 mins","Chest: 2\nBiceps: 2",
2026-01-22 14:06:41,"Chest & Biceps🃏",34m,"Single Arm Preacher Curl (Machine)",Rest Timer,0,0.0,0,120.0,,,
2026-01-22 14:06:41,"Chest & Biceps🃏",34m,"Single Arm Preacher Curl (Machine)",F,75.0,5.0,0,0.0,,,10
2026-01-22 14:06:41,"Chest & Biceps🃏",34m,"Single Arm Preacher Curl (Machine)",Rest Timer,0,0.0,0,180.0,,,
2026-01-22 14:06:41,"Chest & Biceps🃏",34m,"Single Arm Preacher Curl (Machine)",F,70.0,5.0,0,0.0,,,10
2026-01-22 14:06:41,"Chest & Biceps🃏",34m,"Single Arm Preacher Curl (Machine)",Rest Timer,0,0.0,0,0.0,,,
2026-01-22 14:06:41,"Chest & Biceps🃏",34m,"Incline Bench Press (Smith Machine)",W,20.0,10.0,0,0.0,"2x6-8(F), 4 mins",,
2026-01-22 14:06:41,"Chest & Biceps🃏",34m,"Incline Bench Press (Smith Machine)",Rest Timer,0,0.0,0,180.0,,,
2026-01-22 14:06:41,"Chest & Biceps🃏",34m,"Incline Bench Press (Smith Machine)",W,70.0,8.0,0,0.0,,,
2026-01-22 14:06:41,"Chest & Biceps🃏",34m,"Incline Bench Press (Smith Machine)",Rest Timer,0,0.0,0,180.0,,,
2026-01-22 14:06:41,"Chest & Biceps🃏",34m,"Incline Bench Press (Smith Machine)",W,110.0,5.0,0,0.0,,,
2026-01-22 14:06:41,"Chest & Biceps🃏",34m,"Incline Bench Press (Smith Machine)",Rest Timer,0,0.0,0,180.0,,,
2026-01-22 14:06:41,"Chest & Biceps🃏",34m,"Incline Bench Press (Smith Machine)",F,170.0,4.0,0,0.0,,,10
2026-01-22 14:06:41,"Chest & Biceps🃏",34m,"Incline Bench Press (Smith Machine)",Rest Timer,0,0.0,0,240.0,,,
2026-01-22 14:06:41,"Chest & Biceps🃏",34m,"Incline Bench Press (Smith Machine)",F,160.0,4.0,0,0.0,,,10
2026-01-22 14:06:41,"Chest & Biceps🃏",34m,"Incline Bench Press (Smith Machine)",Rest Timer,0,0.0,0,0.0,,,
2026-01-24 13:44:26,"Back & Triceps✝️",56m,"Lat Pulldown - Wide Grip (Cable)",W,100.0,8.0,0,0.0,"2x6-8(F), 4 mins","Back Width: 2\nBack Thickness: 1\nTriceps: 2",
2026-01-24 13:44:26,"Back & Triceps✝️",56m,"Lat Pulldown - Wide Grip (Cable)",Rest Timer,0,0.0,0,180.0,,,
2026-01-24 13:44:26,"Back & Triceps✝️",56m,"Lat Pulldown - Wide Grip (Cable)",F,160.0,6.0,0,0.0,,,10
2026-01-24 13:44:26,"Back & Triceps✝️",56m,"Lat Pulldown - Wide Grip (Cable)",Rest Timer,0,0.0,0,240.0,,,
2026-01-24 13:44:26,"Back & Triceps✝️",56m,"Lat Pulldown - Wide Grip (Cable)",F,150.0,5.0,0,0.0,,,10
2026-01-24 13:44:26,"Back & Triceps✝️",56m,"Lat Pulldown - Wide Grip (Cable)",Rest Timer,0,0.0,0,0.0,,,
2026-01-24 13:44:26,"Back & Triceps✝️",56m,"Single Arm Tricep Extension (Cable)",W,10.0,10.0,0,0.0,"2x6-8(F), 3 mins",,
2026-01-24 13:44:26,"Back & Triceps✝️",56m,"Single Arm Tricep Extension (Cable)",Rest Timer,0,0.0,0,120.0,,,
2026-01-24 13:44:26,"Back & Triceps✝️",56m,"Single Arm Tricep Extension (Cable)",F,32.5,6.0,0,0.0,,,10
2026-01-24 13:44:26,"Back & Triceps✝️",56m,"Single Arm Tricep Extension (Cable)",Rest Timer,0,0.0,0,180.0,,,
2026-01-24 13:44:26,"Back & Triceps✝️",56m,"Single Arm Tricep Extension (Cable)",F,25.0,9.0,0,0.0,,,10
2026-01-24 13:44:26,"Back & Triceps✝️",56m,"Single Arm Tricep Extension (Cable)",Rest Timer,0,0.0,0,0.0,,,
2026-01-24 13:44:26,"Back & Triceps✝️",56m,"Arsenal Strength Reload T Row",W,50.0,8.0,0,0.0,"2x6-8(F), 4 mins",,
2026-01-24 13:44:26,"Back & Triceps✝️",56m,"Arsenal Strength Reload T Row",Rest Timer,0,0.0,0,120.0,,,
2026-01-24 13:44:26,"Back & Triceps✝️",56m,"Arsenal Strength Reload T Row",F,120.0,5.0,0,0.0,,,10
2026-01-24 13:44:26,"Back & Triceps✝️",56m,"Arsenal Strength Reload T Row",Rest Timer,0,0.0,0,240.0,,,
2026-01-24 13:44:26,"Back & Triceps✝️",56m,"Arsenal Strength Reload T Row",F,105.0,7.0,0,0.0,,,10
2026-01-24 13:44:26,"Back & Triceps✝️",56m,"Arsenal Strength Reload T Row",Rest Timer,0,0.0,0,0.0,,,
2026-01-24 13:44:26,"Back & Triceps✝️",56m,"Tricep Press (Machine)",F,210.0,7.0,0,0.0,"2x6-8(F), 3 mins",,10
2026-01-24 13:44:26,"Back & Triceps✝️",56m,"Tricep Press (Machine)",Rest Timer,0,0.0,0,180.0,,,
2026-01-24 13:44:26,"Back & Triceps✝️",56m,"Tricep Press (Machine)",F,190.0,7.0,0,0.0,,,10
2026-01-24 13:44:26,"Back & Triceps✝️",56m,"Tricep Press (Machine)",Rest Timer,0,0.0,0,0.0,,,
2026-01-24 13:44:26,"Back & Triceps✝️",56m,"Arsenal Strength Reloaded Iso Multi Row",F,145.0,7.0,0,0.0,"1x6-8(F)",,10
2026-01-24 13:44:26,"Back & Triceps✝️",56m,"Arsenal Strength Reloaded Iso Multi Row",Rest Timer,0,0.0,0,0.0,,,
2026-01-28 19:08:02,"Legs 🐓 ",54m,"Walking (Treadmill)",W,0,0.0,0,300.0,"Incline: 3, Speed: .5-1, Backwards","Quads: 3\nHamstring: 1\nCalves: 1",
2026-01-28 19:08:02,"Legs 🐓 ",54m,"Romanian Deadlift (Barbell)",W,95.0,10.0,0,0.0,"1x6-8(F)",,
2026-01-28 19:08:02,"Legs 🐓 ",54m,"Romanian Deadlift (Barbell)",Rest Timer,0,0.0,0,180.0,,,
2026-01-28 19:08:02,"Legs 🐓 ",54m,"Romanian Deadlift (Barbell)",W,135.0,8.0,0,0.0,,,
2026-01-28 19:08:02,"Legs 🐓 ",54m,"Romanian Deadlift (Barbell)",Rest Timer,0,0.0,0,180.0,,,
2026-01-28 19:08:02,"Legs 🐓 ",54m,"Romanian Deadlift (Barbell)",F,235.0,4.0,0,0.0,,,10
2026-01-28 19:08:02,"Legs 🐓 ",54m,"Romanian Deadlift (Barbell)",Rest Timer,0,0.0,0,0.0,,,
2026-01-28 19:08:02,"Legs 🐓 ",54m,"Pendulum Squat (Machine)",W,110.0,10.0,0,0.0,"1x6-8(F), 4 mins",,
2026-01-28 19:08:02,"Legs 🐓 ",54m,"Pendulum Squat (Machine)",Rest Timer,0,0.0,0,180.0,,,
2026-01-28 19:08:02,"Legs 🐓 ",54m,"Pendulum Squat (Machine)",W,160.0,6.0,0,0.0,,,
2026-01-28 19:08:02,"Legs 🐓 ",54m,"Pendulum Squat (Machine)",Rest Timer,0,0.0,0,180.0,,,
2026-01-28 19:08:02,"Legs 🐓 ",54m,"Pendulum Squat (Machine)",F,220.0,4.0,0,0.0,,,10
2026-01-28 19:08:02,"Legs 🐓 ",54m,"Pendulum Squat (Machine)",Rest Timer,0,0.0,0,240.0,,,
2026-01-28 19:08:02,"Legs 🐓 ",54m,"Hip Adductor (Machine)",F,90.0,9.0,0,0.0,"1x8-10(F)",,10
2026-01-28 19:08:02,"Legs 🐓 ",54m,"Hip Adductor (Machine)",Rest Timer,0,0.0,0,0.0,,,
2026-01-28 19:08:02,"Legs 🐓 ",54m,"Standing Calf Raise (Machine)",F,280.0,7.0,0,0.0,"2x8-10(F), 3 mins",,10
2026-01-28 19:08:02,"Legs 🐓 ",54m,"Standing Calf Raise (Machine)",Rest Timer,0,0.0,0,180.0,,,
2026-01-28 19:08:02,"Legs 🐓 ",54m,"Standing Calf Raise (Machine)",F,250.0,8.0,0,0.0,,,10
2026-01-28 19:08:02,"Legs 🐓 ",54m,"Standing Calf Raise (Machine)",Rest Timer,0,0.0,0,0.0,,,
2026-02-10 13:53:27,"Chest & Biceps🃏",24m,"Single Arm Preacher Curl (Machine)",W,10.0,10.0,0,0.0,"2x6-8(F), 3 mins","Chest: 2\nBiceps: 2",
2026-02-10 13:53:27,"Chest & Biceps🃏",24m,"Single Arm Preacher Curl (Machine)",Rest Timer,0,0.0,0,120.0,,,
2026-02-10 13:53:27,"Chest & Biceps🃏",24m,"Single Arm Preacher Curl (Machine)",F,70.0,7.0,0,0.0,,,10
2026-02-10 13:53:27,"Chest & Biceps🃏",24m,"Single Arm Preacher Curl (Machine)",Rest Timer,0,0.0,0,180.0,,,
2026-02-10 13:53:27,"Chest & Biceps🃏",24m,"Single Arm Preacher Curl (Machine)",F,65.0,4.0,0,0.0,,,10
2026-02-10 13:53:27,"Chest & Biceps🃏",24m,"Single Arm Preacher Curl (Machine)",Rest Timer,0,0.0,0,0.0,,,
2026-02-10 13:53:27,"Chest & Biceps🃏",24m,"Incline Bench Press (Smith Machine)",W,20.0,10.0,0,0.0,"2x6-8(F), 4 mins",,
2026-02-10 13:53:27,"Chest & Biceps🃏",24m,"Incline Bench Press (Smith Machine)",Rest Timer,0,0.0,0,120.0,,,
2026-02-10 13:53:27,"Chest & Biceps🃏",24m,"Incline Bench Press (Smith Machine)",W,70.0,8.0,0,0.0,,,
2026-02-10 13:53:27,"Chest & Biceps🃏",24m,"Incline Bench Press (Smith Machine)",Rest Timer,0,0.0,0,180.0,,,
2026-02-10 13:53:27,"Chest & Biceps🃏",24m,"Incline Bench Press (Smith Machine)",W,110.0,5.0,0,0.0,,,
2026-02-10 13:53:27,"Chest & Biceps🃏",24m,"Incline Bench Press (Smith Machine)",Rest Timer,0,0.0,0,180.0,,,
2026-02-10 13:53:27,"Chest & Biceps🃏",24m,"Incline Bench Press (Smith Machine)",F,160.0,5.0,0,0.0,,,10
2026-02-10 13:53:27,"Chest & Biceps🃏",24m,"Incline Bench Press (Smith Machine)",Rest Timer,0,0.0,0,240.0,,,
2026-02-12 18:13:56,"Back & Triceps✝️",48m,"Lat Pulldown - Wide Grip (Cable)",W,100.0,8.0,0,0.0,"2x6-8(F), 4 mins","Back Width: 2\nBack Thickness: 1\nTriceps: 2",
2026-02-12 18:13:56,"Back & Triceps✝️",48m,"Lat Pulldown - Wide Grip (Cable)",Rest Timer,0,0.0,0,180.0,,,
2026-02-12 18:13:56,"Back & Triceps✝️",48m,"Lat Pulldown - Wide Grip (Cable)",F,160.0,6.0,0,0.0,,,10
2026-02-12 18:13:56,"Back & Triceps✝️",48m,"Lat Pulldown - Wide Grip (Cable)",Rest Timer,0,0.0,0,240.0,,,
2026-02-12 18:13:56,"Back & Triceps✝️",48m,"Lat Pulldown - Wide Grip (Cable)",F,145.0,6.0,0,0.0,,,10
2026-02-12 18:13:56,"Back & Triceps✝️",48m,"Lat Pulldown - Wide Grip (Cable)",Rest Timer,0,0.0,0,0.0,,,
2026-02-12 18:13:56,"Back & Triceps✝️",48m,"Single Arm Tricep Extension (Cable)",W,10.0,10.0,0,0.0,"2x6-8(F), 3 mins",,
2026-02-12 18:13:56,"Back & Triceps✝️",48m,"Single Arm Tricep Extension (Cable)",Rest Timer,0,0.0,0,120.0,,,
2026-02-12 18:13:56,"Back & Triceps✝️",48m,"Single Arm Tricep Extension (Cable)",F,32.5,7.0,0,0.0,,,10
2026-02-12 18:13:56,"Back & Triceps✝️",48m,"Single Arm Tricep Extension (Cable)",Rest Timer,0,0.0,0,180.0,,,
2026-02-12 18:13:56,"Back & Triceps✝️",48m,"Single Arm Tricep Extension (Cable)",F,25.0,9.0,0,0.0,,,10
2026-02-12 18:13:56,"Back & Triceps✝️",48m,"Single Arm Tricep Extension (Cable)",Rest Timer,0,0.0,0,0.0,,,
2026-02-12 18:13:56,"Back & Triceps✝️",48m,"Arsenal Strength Reload T Row",W,50.0,8.0,0,0.0,"2x6-8(F), 4 mins",,
2026-02-12 18:13:56,"Back & Triceps✝️",48m,"Arsenal Strength Reload T Row",Rest Timer,0,0.0,0,120.0,,,
2026-02-12 18:13:56,"Back & Triceps✝️",48m,"Arsenal Strength Reload T Row",F,105.0,6.0,0,0.0,,,10
2026-02-12 18:13:56,"Back & Triceps✝️",48m,"Arsenal Strength Reload T Row",Rest Timer,0,0.0,0,240.0,,,
2026-02-12 18:13:56,"Back & Triceps✝️",48m,"Tricep Press (Machine)",F,190.0,8.0,0,0.0,"2x6-8(F), 3 mins",,10
2026-02-12 18:13:56,"Back & Triceps✝️",48m,"Tricep Press (Machine)",Rest Timer,0,0.0,0,180.0,,,
2026-02-12 18:13:56,"Back & Triceps✝️",48m,"Tricep Press (Machine)",F,195.0,4.0,0,0.0,,,10
2026-02-12 18:13:56,"Back & Triceps✝️",48m,"Tricep Press (Machine)",Rest Timer,0,0.0,0,0.0,,,
2026-02-23 14:52:24,"Chest & Biceps🃏",29m,"Single Arm Preacher Curl (Machine)",W,10.0,10.0,0,0.0,"2x6-8(F), 3 mins","Chest: 2\nBiceps: 2",
2026-02-23 14:52:24,"Chest & Biceps🃏",29m,"Single Arm Preacher Curl (Machine)",Rest Timer,0,0.0,0,120.0,,,
2026-02-23 14:52:24,"Chest & Biceps🃏",29m,"Single Arm Preacher Curl (Machine)",F,70.0,7.0,0,0.0,,,10
2026-02-23 14:52:24,"Chest & Biceps🃏",29m,"Single Arm Preacher Curl (Machine)",Rest Timer,0,0.0,0,180.0,,,
2026-02-23 14:52:24,"Chest & Biceps🃏",29m,"Single Arm Preacher Curl (Machine)",F,60.0,6.0,0,0.0,,,10
2026-02-23 14:52:24,"Chest & Biceps🃏",29m,"Single Arm Preacher Curl (Machine)",Rest Timer,0,0.0,0,0.0,,,
2026-02-23 14:52:24,"Chest & Biceps🃏",29m,"Arsenal Strength Chest Fly (Machine)",F,250.0,7.0,0,0.0,"2x8-10(F), 3 mins",,10
2026-02-23 14:52:24,"Chest & Biceps🃏",29m,"Arsenal Strength Chest Fly (Machine)",Rest Timer,0,0.0,0,180.0,,,
2026-02-23 14:52:24,"Chest & Biceps🃏",29m,"Arsenal Strength Chest Fly (Machine)",F,200.0,8.0,0,0.0,,,10
2026-02-23 14:52:24,"Chest & Biceps🃏",29m,"Arsenal Strength Chest Fly (Machine)",Rest Timer,0,0.0,0,0.0,,,
2026-02-25 17:29:45,"Back & Triceps✝️",49m,"Lat Pulldown - Wide Grip (Cable)",W,100.0,8.0,0,0.0,"2x6-8(F), 4 mins","Back Width: 2\nBack Thickness: 1\nTriceps: 2",
2026-02-25 17:29:45,"Back & Triceps✝️",49m,"Lat Pulldown - Wide Grip (Cable)",Rest Timer,0,0.0,0,180.0,,,
2026-02-25 17:29:45,"Back & Triceps✝️",49m,"Lat Pulldown - Wide Grip (Cable)",F,160.0,5.0,0,0.0,,,10
2026-02-25 17:29:45,"Back & Triceps✝️",49m,"Lat Pulldown - Wide Grip (Cable)",Rest Timer,0,0.0,0,240.0,,,
2026-02-25 17:29:45,"Back & Triceps✝️",49m,"Lat Pulldown - Wide Grip (Cable)",F,130.0,8.0,0,0.0,,,10
2026-02-25 17:29:45,"Back & Triceps✝️",49m,"Lat Pulldown - Wide Grip (Cable)",Rest Timer,0,0.0,0,0.0,,,
2026-02-25 17:29:45,"Back & Triceps✝️",49m,"Single Arm Tricep Extension (Cable)",W,10.0,10.0,0,0.0,"2x6-8(F), 3 mins",,
2026-02-25 17:29:45,"Back & Triceps✝️",49m,"Single Arm Tricep Extension (Cable)",Rest Timer,0,0.0,0,120.0,,,
2026-02-25 17:29:45,"Back & Triceps✝️",49m,"Single Arm Tricep Extension (Cable)",F,32.5,7.0,0,0.0,,,10
2026-02-25 17:29:45,"Back & Triceps✝️",49m,"Single Arm Tricep Extension (Cable)",Rest Timer,0,0.0,0,180.0,,,
2026-02-25 17:29:45,"Back & Triceps✝️",49m,"Single Arm Tricep Extension (Cable)",F,27.5,7.0,0,0.0,,,10
2026-02-25 17:29:45,"Back & Triceps✝️",49m,"Single Arm Tricep Extension (Cable)",Rest Timer,0,0.0,0,0.0,,,
2026-02-25 17:29:45,"Back & Triceps✝️",49m,"Arsenal Strength Reload T Row",W,50.0,8.0,0,0.0,"2x6-8(F), 4 mins",,
2026-02-25 17:29:45,"Back & Triceps✝️",49m,"Arsenal Strength Reload T Row",Rest Timer,0,0.0,0,120.0,,,
2026-02-25 17:29:45,"Back & Triceps✝️",49m,"Arsenal Strength Reload T Row",F,105.0,6.0,0,0.0,,,10
2026-02-25 17:29:45,"Back & Triceps✝️",49m,"Arsenal Strength Reload T Row",Rest Timer,0,0.0,0,240.0,,,
2026-02-25 17:29:45,"Back & Triceps✝️",49m,"Arsenal Strength Reload T Row",F,95.0,5.0,0,0.0,,,10
2026-02-25 17:29:45,"Back & Triceps✝️",49m,"Arsenal Strength Reload T Row",Rest Timer,0,0.0,0,0.0,,,
2026-02-25 17:29:45,"Back & Triceps✝️",49m,"Tricep Press (Machine)",F,195.0,6.0,0,0.0,"2x6-8(F), 3 mins",,10
2026-02-25 17:29:45,"Back & Triceps✝️",49m,"Tricep Press (Machine)",Rest Timer,0,0.0,0,180.0,,,
2026-02-25 17:29:45,"Back & Triceps✝️",49m,"Tricep Press (Machine)",F,180.0,6.0,0,0.0,,,10
2026-02-25 17:29:45,"Back & Triceps✝️",49m,"Tricep Press (Machine)",Rest Timer,0,0.0,0,0.0,,,
2026-02-25 17:29:45,"Back & Triceps✝️",49m,"Arsenal Strength Reloaded Iso Multi Row",F,145.0,6.0,0,0.0,"1x6-8(F)",,10
2026-02-25 17:29:45,"Back & Triceps✝️",49m,"Arsenal Strength Reloaded Iso Multi Row",Rest Timer,0,0.0,0,0.0,,,
2026-03-02 17:30:20,"Chest & Biceps🃏",55m,"Single Arm Preacher Curl (Machine)",W,10.0,10.0,0,0.0,"2x6-8(F), 3 mins","Chest: 2\nBiceps: 2",
2026-03-02 17:30:20,"Chest & Biceps🃏",55m,"Single Arm Preacher Curl (Machine)",Rest Timer,0,0.0,0,120.0,,,
2026-03-02 17:30:20,"Chest & Biceps🃏",55m,"Single Arm Preacher Curl (Machine)",F,70.0,6.0,0,0.0,,,10
2026-03-02 17:30:20,"Chest & Biceps🃏",55m,"Single Arm Preacher Curl (Machine)",Rest Timer,0,0.0,0,180.0,,,
2026-03-02 17:30:20,"Chest & Biceps🃏",55m,"Single Arm Preacher Curl (Machine)",F,60.0,6.0,0,0.0,,,10
2026-03-02 17:30:20,"Chest & Biceps🃏",55m,"Single Arm Preacher Curl (Machine)",Rest Timer,0,0.0,0,0.0,,,
2026-03-02 17:30:20,"Chest & Biceps🃏",55m,"Incline Bench Press (Smith Machine)",W,20.0,10.0,0,0.0,"2x6-8(F), 4 mins",,
2026-03-02 17:30:20,"Chest & Biceps🃏",55m,"Incline Bench Press (Smith Machine)",Rest Timer,0,0.0,0,180.0,,,
2026-03-02 17:30:20,"Chest & Biceps🃏",55m,"Incline Bench Press (Smith Machine)",W,70.0,8.0,0,0.0,,,
2026-03-02 17:30:20,"Chest & Biceps🃏",55m,"Incline Bench Press (Smith Machine)",Rest Timer,0,0.0,0,180.0,,,
2026-03-02 17:30:20,"Chest & Biceps🃏",55m,"Incline Bench Press (Smith Machine)",W,110.0,5.0,0,0.0,,,
2026-03-02 17:30:20,"Chest & Biceps🃏",55m,"Incline Bench Press (Smith Machine)",Rest Timer,0,0.0,0,180.0,,,
2026-03-02 17:30:20,"Chest & Biceps🃏",55m,"Incline Bench Press (Smith Machine)",F,160.0,5.0,0,0.0,,,10
2026-03-02 17:30:20,"Chest & Biceps🃏",55m,"Incline Bench Press (Smith Machine)",Rest Timer,0,0.0,0,240.0,,,
2026-03-02 17:30:20,"Chest & Biceps🃏",55m,"Incline Bench Press (Smith Machine)",F,150.0,4.0,0,0.0,,,10
2026-03-02 17:30:20,"Chest & Biceps🃏",55m,"Incline Bench Press (Smith Machine)",Rest Timer,0,0.0,0,0.0,,,
2026-03-02 17:30:20,"Chest & Biceps🃏",55m,"Forearm Curl (Cable)",F,15.0,13.0,0,0.0,"2x6-8(F), 3 mins",,10
2026-03-02 17:30:20,"Chest & Biceps🃏",55m,"Forearm Curl (Cable)",Rest Timer,0,0.0,0,180.0,,,
2026-03-02 17:30:20,"Chest & Biceps🃏",55m,"Forearm Curl (Cable)",F,20.0,9.0,0,0.0,,,10
2026-03-02 17:30:20,"Chest & Biceps🃏",55m,"Forearm Curl (Cable)",Rest Timer,0,0.0,0,0.0,,,
2026-03-02 17:30:20,"Chest & Biceps🃏",55m,"Arsenal Strength Chest Fly (Machine)",F,250.0,7.0,0,0.0,"2x8-10(F), 3 mins",,10
2026-03-02 17:30:20,"Chest & Biceps🃏",55m,"Arsenal Strength Chest Fly (Machine)",Rest Timer,0,0.0,0,180.0,,,
2026-03-02 17:30:20,"Chest & Biceps🃏",55m,"Arsenal Strength Chest Fly (Machine)",F,200.0,5.0,0,0.0,,,10
2026-03-02 17:30:20,"Chest & Biceps🃏",55m,"Arsenal Strength Chest Fly (Machine)",Rest Timer,0,0.0,0,0.0,,,
2026-03-04 17:14:44,"Back & Triceps✝️",58m,"Lat Pulldown - Wide Grip (Cable)",W,100.0,8.0,0,0.0,"2x6-8(F), 4 mins","Back Width: 2\nBack Thickness: 1\nTriceps: 2",
2026-03-04 17:14:44,"Back & Triceps✝️",58m,"Lat Pulldown - Wide Grip (Cable)",Rest Timer,0,0.0,0,180.0,,,
2026-03-04 17:14:44,"Back & Triceps✝️",58m,"Lat Pulldown - Wide Grip (Cable)",F,160.0,6.0,0,0.0,,,10
2026-03-04 17:14:44,"Back & Triceps✝️",58m,"Lat Pulldown - Wide Grip (Cable)",Rest Timer,0,0.0,0,240.0,,,
2026-03-04 17:14:44,"Back & Triceps✝️",58m,"Lat Pulldown - Wide Grip (Cable)",F,140.0,6.0,0,0.0,,,10
2026-03-04 17:14:44,"Back & Triceps✝️",58m,"Lat Pulldown - Wide Grip (Cable)",Rest Timer,0,0.0,0,0.0,,,
2026-03-04 17:14:44,"Back & Triceps✝️",58m,"Single Arm Tricep Extension (Cable)",W,10.0,10.0,0,0.0,"2x6-8(F), 3 mins",,
2026-03-04 17:14:44,"Back & Triceps✝️",58m,"Single Arm Tricep Extension (Cable)",Rest Timer,0,0.0,0,120.0,,,
2026-03-04 17:14:44,"Back & Triceps✝️",58m,"Single Arm Tricep Extension (Cable)",F,32.5,8.0,0,0.0,,,10
2026-03-04 17:14:44,"Back & Triceps✝️",58m,"Single Arm Tricep Extension (Cable)",Rest Timer,0,0.0,0,180.0,,,
2026-03-04 17:14:44,"Back & Triceps✝️",58m,"Single Arm Tricep Extension (Cable)",F,35.0,2.0,0,0.0,,,10
2026-03-04 17:14:44,"Back & Triceps✝️",58m,"Single Arm Tricep Extension (Cable)",Rest Timer,0,0.0,0,0.0,,,
2026-03-04 17:14:44,"Back & Triceps✝️",58m,"Arsenal Strength Reload T Row",W,50.0,8.0,0,0.0,"2x6-8(F), 4 mins",,
2026-03-04 17:14:44,"Back & Triceps✝️",58m,"Arsenal Strength Reload T Row",Rest Timer,0,0.0,0,120.0,,,
2026-03-04 17:14:44,"Back & Triceps✝️",58m,"Arsenal Strength Reload T Row",F,105.0,7.0,0,0.0,,,10
2026-03-04 17:14:44,"Back & Triceps✝️",58m,"Arsenal Strength Reload T Row",Rest Timer,0,0.0,0,240.0,,,
2026-03-04 17:14:44,"Back & Triceps✝️",58m,"Arsenal Strength Reload T Row",F,95.0,5.0,0,0.0,,,10
2026-03-04 17:14:44,"Back & Triceps✝️",58m,"Arsenal Strength Reload T Row",Rest Timer,0,0.0,0,0.0,,,
2026-03-04 17:14:44,"Back & Triceps✝️",58m,"Tricep Press (Machine)",F,195.0,8.0,0,0.0,"2x6-8(F), 3 mins",,10
2026-03-04 17:14:44,"Back & Triceps✝️",58m,"Tricep Press (Machine)",Rest Timer,0,0.0,0,180.0,,,
2026-03-04 17:14:44,"Back & Triceps✝️",58m,"Tricep Press (Machine)",F,200.0,6.0,0,0.0,,,10
2026-03-04 17:14:44,"Back & Triceps✝️",58m,"Tricep Press (Machine)",Rest Timer,0,0.0,0,0.0,,,
2026-03-04 17:14:44,"Back & Triceps✝️",58m,"Arsenal Strength Reloaded Iso Multi Row",F,145.0,7.0,0,0.0,"1x6-8(F)",,10
2026-03-04 17:14:44,"Back & Triceps✝️",58m,"Arsenal Strength Reloaded Iso Multi Row",Rest Timer,0,0.0,0,0.0,,,
2026-03-06 17:27:03,"Legs 🐓 ",40m,"Romanian Deadlift (Barbell)",W,95.0,10.0,0,0.0,"1x6-8(F)","Quads: 3\nHamstring: 1\nCalves: 1",
2026-03-06 17:27:03,"Legs 🐓 ",40m,"Romanian Deadlift (Barbell)",Rest Timer,0,0.0,0,180.0,,,
2026-03-06 17:27:03,"Legs 🐓 ",40m,"Romanian Deadlift (Barbell)",W,135.0,8.0,0,0.0,,,
2026-03-06 17:27:03,"Legs 🐓 ",40m,"Romanian Deadlift (Barbell)",Rest Timer,0,0.0,0,180.0,,,
2026-03-06 17:27:03,"Legs 🐓 ",40m,"Romanian Deadlift (Barbell)",F,225.0,4.0,0,0.0,,,10
2026-03-06 17:27:03,"Legs 🐓 ",40m,"Romanian Deadlift (Barbell)",Rest Timer,0,0.0,0,0.0,,,
2026-03-06 17:27:03,"Legs 🐓 ",40m,"Pendulum Squat (Machine)",W,110.0,10.0,0,0.0,"1x6-8(F), 4 mins",,
2026-03-06 17:27:03,"Legs 🐓 ",40m,"Pendulum Squat (Machine)",Rest Timer,0,0.0,0,180.0,,,
2026-03-06 17:27:03,"Legs 🐓 ",40m,"Pendulum Squat (Machine)",W,160.0,6.0,0,0.0,,,
2026-03-06 17:27:03,"Legs 🐓 ",40m,"Pendulum Squat (Machine)",Rest Timer,0,0.0,0,180.0,,,
2026-03-06 17:27:03,"Legs 🐓 ",40m,"Pendulum Squat (Machine)",F,200.0,6.0,0,0.0,,,10
2026-03-06 17:27:03,"Legs 🐓 ",40m,"Pendulum Squat (Machine)",Rest Timer,0,0.0,0,240.0,,,
2026-03-06 17:27:03,"Legs 🐓 ",40m,"Hip Adductor (Machine)",F,90.0,9.0,0,0.0,"1x8-10(F)",,10
2026-03-06 17:27:03,"Legs 🐓 ",40m,"Hip Adductor (Machine)",Rest Timer,0,0.0,0,0.0,,,
2026-03-10 17:29:01,"Chest & Biceps🃏",1h 15m,"Single Arm Preacher Curl (Machine)",W,10.0,10.0,0,0.0,"2x6-8(F), 3 mins","Chest: 2\nBiceps: 2",
2026-03-10 17:29:01,"Chest & Biceps🃏",1h 15m,"Single Arm Preacher Curl (Machine)",Rest Timer,0,0.0,0,120.0,,,
2026-03-10 17:29:01,"Chest & Biceps🃏",1h 15m,"Single Arm Preacher Curl (Machine)",F,70.0,7.0,0,0.0,,,10
2026-03-10 17:29:01,"Chest & Biceps🃏",1h 15m,"Single Arm Preacher Curl (Machine)",Rest Timer,0,0.0,0,180.0,,,
2026-03-10 17:29:01,"Chest & Biceps🃏",1h 15m,"Single Arm Preacher Curl (Machine)",F,60.0,8.0,0,0.0,,,10
2026-03-10 17:29:01,"Chest & Biceps🃏",1h 15m,"Single Arm Preacher Curl (Machine)",Rest Timer,0,0.0,0,0.0,,,
2026-03-10 17:29:01,"Chest & Biceps🃏",1h 15m,"Incline Bench Press (Smith Machine)",W,20.0,10.0,0,0.0,"2x6-8(F), 4 mins",,
2026-03-10 17:29:01,"Chest & Biceps🃏",1h 15m,"Incline Bench Press (Smith Machine)",Rest Timer,0,0.0,0,180.0,,,
2026-03-10 17:29:01,"Chest & Biceps🃏",1h 15m,"Incline Bench Press (Smith Machine)",W,70.0,8.0,0,0.0,,,
2026-03-10 17:29:01,"Chest & Biceps🃏",1h 15m,"Incline Bench Press (Smith Machine)",Rest Timer,0,0.0,0,180.0,,,
2026-03-10 17:29:01,"Chest & Biceps🃏",1h 15m,"Incline Bench Press (Smith Machine)",W,110.0,5.0,0,0.0,,,
2026-03-10 17:29:01,"Chest & Biceps🃏",1h 15m,"Incline Bench Press (Smith Machine)",Rest Timer,0,0.0,0,180.0,,,
2026-03-10 17:29:01,"Chest & Biceps🃏",1h 15m,"Incline Bench Press (Smith Machine)",F,160.0,6.0,0,0.0,,,10
2026-03-10 17:29:01,"Chest & Biceps🃏",1h 15m,"Incline Bench Press (Smith Machine)",Rest Timer,0,0.0,0,240.0,,,
2026-03-10 17:29:01,"Chest & Biceps🃏",1h 15m,"Incline Bench Press (Smith Machine)",F,150.0,4.0,0,0.0,,,10
2026-03-10 17:29:01,"Chest & Biceps🃏",1h 15m,"Incline Bench Press (Smith Machine)",Rest Timer,0,0.0,0,0.0,,,
2026-03-10 17:29:01,"Chest & Biceps🃏",1h 15m,"Forearm Curl (Cable)",F,25.0,9.0,0,0.0,"2x6-8(F), 3 mins",,10
2026-03-10 17:29:01,"Chest & Biceps🃏",1h 15m,"Forearm Curl (Cable)",Rest Timer,0,0.0,0,180.0,,,
2026-03-10 17:29:01,"Chest & Biceps🃏",1h 15m,"Forearm Curl (Cable)",F,27.5,9.0,0,0.0,,,10
2026-03-10 17:29:01,"Chest & Biceps🃏",1h 15m,"Forearm Curl (Cable)",Rest Timer,0,0.0,0,0.0,,,
2026-03-10 17:29:01,"Chest & Biceps🃏",1h 15m,"Arsenal Strength Chest Fly (Machine)",F,250.0,8.0,0,0.0,"2x8-10(F), 3 mins",,10
2026-03-10 17:29:01,"Chest & Biceps🃏",1h 15m,"Arsenal Strength Chest Fly (Machine)",Rest Timer,0,0.0,0,180.0,,,
2026-03-10 17:29:01,"Chest & Biceps🃏",1h 15m,"Arsenal Strength Chest Fly (Machine)",F,200.0,7.0,0,0.0,,,10
2026-03-10 17:29:01,"Chest & Biceps🃏",1h 15m,"Arsenal Strength Chest Fly (Machine)",Rest Timer,0,0.0,0,0.0,,,
2026-03-11 15:20:48,"Back & Triceps✝️",1h,"Lat Pulldown - Wide Grip (Cable)",W,100.0,8.0,0,0.0,"2x6-8(F), 4 mins","Back Width: 2\nBack Thickness: 1\nTriceps: 2",
2026-03-11 15:20:48,"Back & Triceps✝️",1h,"Lat Pulldown - Wide Grip (Cable)",Rest Timer,0,0.0,0,180.0,,,
2026-03-11 15:20:48,"Back & Triceps✝️",1h,"Lat Pulldown - Wide Grip (Cable)",F,160.0,7.0,0,0.0,,,10
2026-03-11 15:20:48,"Back & Triceps✝️",1h,"Lat Pulldown - Wide Grip (Cable)",Rest Timer,0,0.0,0,240.0,,,
2026-03-11 15:20:48,"Back & Triceps✝️",1h,"Lat Pulldown - Wide Grip (Cable)",F,145.0,8.0,0,0.0,,,10
2026-03-11 15:20:48,"Back & Triceps✝️",1h,"Lat Pulldown - Wide Grip (Cable)",Rest Timer,0,0.0,0,0.0,,,
2026-03-11 15:20:48,"Back & Triceps✝️",1h,"Single Arm Tricep Extension (Cable)",W,10.0,10.0,0,0.0,"2x6-8(F), 3 mins",,
2026-03-11 15:20:48,"Back & Triceps✝️",1h,"Single Arm Tricep Extension (Cable)",Rest Timer,0,0.0,0,120.0,,,
2026-03-11 15:20:48,"Back & Triceps✝️",1h,"Single Arm Tricep Extension (Cable)",F,35.0,4.0,0,0.0,,,10
2026-03-11 15:20:48,"Back & Triceps✝️",1h,"Single Arm Tricep Extension (Cable)",Rest Timer,0,0.0,0,180.0,,,
2026-03-11 15:20:48,"Back & Triceps✝️",1h,"Single Arm Tricep Extension (Cable)",F,30.0,5.0,0,0.0,,,10
2026-03-11 15:20:48,"Back & Triceps✝️",1h,"Single Arm Tricep Extension (Cable)",Rest Timer,0,0.0,0,0.0,,,
2026-03-11 15:20:48,"Back & Triceps✝️",1h,"Arsenal Strength Reload T Row",W,50.0,8.0,0,0.0,"2x6-8(F), 4 mins",,
2026-03-11 15:20:48,"Back & Triceps✝️",1h,"Arsenal Strength Reload T Row",Rest Timer,0,0.0,0,120.0,,,
2026-03-11 15:20:48,"Back & Triceps✝️",1h,"Arsenal Strength Reload T Row",F,105.0,8.0,0,0.0,,,10
2026-03-11 15:20:48,"Back & Triceps✝️",1h,"Arsenal Strength Reload T Row",Rest Timer,0,0.0,0,240.0,,,
2026-03-11 15:20:48,"Back & Triceps✝️",1h,"Arsenal Strength Reload T Row",F,110.0,3.0,0,0.0,,,10
2026-03-11 15:20:48,"Back & Triceps✝️",1h,"Arsenal Strength Reload T Row",Rest Timer,0,0.0,0,0.0,,,
2026-03-11 15:20:48,"Back & Triceps✝️",1h,"Tricep Press (Machine)",F,205.0,6.0,0,0.0,"2x6-8(F), 3 mins",,10
2026-03-11 15:20:48,"Back & Triceps✝️",1h,"Tricep Press (Machine)",Rest Timer,0,0.0,0,180.0,,,
2026-03-11 15:20:48,"Back & Triceps✝️",1h,"Tricep Press (Machine)",F,205.0,6.0,0,0.0,,,10
2026-03-11 15:20:48,"Back & Triceps✝️",1h,"Tricep Press (Machine)",Rest Timer,0,0.0,0,0.0,,,
2026-03-11 15:20:48,"Back & Triceps✝️",1h,"Arsenal Strength Reloaded Iso Multi Row",F,145.0,10.0,0,0.0,"1x6-8(F)",,10
2026-03-11 15:20:48,"Back & Triceps✝️",1h,"Arsenal Strength Reloaded Iso Multi Row",Rest Timer,0,0.0,0,0.0,,,
2026-03-12 18:00:16,"Legs 🐓 ",1h 36m,"Romanian Deadlift (Barbell)",W,95.0,10.0,0,0.0,"1x6-8(F)","Quads: 3\nHamstring: 1\nCalves: 1",
2026-03-12 18:00:16,"Legs 🐓 ",1h 36m,"Romanian Deadlift (Barbell)",Rest Timer,0,0.0,0,180.0,,,
2026-03-12 18:00:16,"Legs 🐓 ",1h 36m,"Romanian Deadlift (Barbell)",W,135.0,8.0,0,0.0,,,
2026-03-12 18:00:16,"Legs 🐓 ",1h 36m,"Romanian Deadlift (Barbell)",Rest Timer,0,0.0,0,180.0,,,
2026-03-12 18:00:16,"Legs 🐓 ",1h 36m,"Romanian Deadlift (Barbell)",F,225.0,6.0,0,0.0,,,10
2026-03-12 18:00:16,"Legs 🐓 ",1h 36m,"Romanian Deadlift (Barbell)",Rest Timer,0,0.0,0,0.0,,,
2026-03-12 18:00:16,"Legs 🐓 ",1h 36m,"Pendulum Squat (Machine)",W,110.0,10.0,0,0.0,"1x6-8(F), 4 mins",,
2026-03-12 18:00:16,"Legs 🐓 ",1h 36m,"Pendulum Squat (Machine)",Rest Timer,0,0.0,0,180.0,,,
2026-03-12 18:00:16,"Legs 🐓 ",1h 36m,"Pendulum Squat (Machine)",W,160.0,6.0,0,0.0,,,
2026-03-12 18:00:16,"Legs 🐓 ",1h 36m,"Pendulum Squat (Machine)",Rest Timer,0,0.0,0,180.0,,,
2026-03-12 18:00:16,"Legs 🐓 ",1h 36m,"Pendulum Squat (Machine)",F,200.0,9.0,0,0.0,,,10
2026-03-12 18:00:16,"Legs 🐓 ",1h 36m,"Pendulum Squat (Machine)",Rest Timer,0,0.0,0,240.0,,,
2026-03-12 18:00:16,"Legs 🐓 ",1h 36m,"Hip Adductor (Machine)",F,90.0,10.0,0,0.0,"1x8-10(F)",,10
2026-03-12 18:00:16,"Legs 🐓 ",1h 36m,"Hip Adductor (Machine)",Rest Timer,0,0.0,0,0.0,,,
2026-03-12 18:00:16,"Legs 🐓 ",1h 36m,"Standing Calf Raise (Machine)",F,280.0,7.0,0,0.0,"2x8-10(F), 3 mins",,10
2026-03-12 18:00:16,"Legs 🐓 ",1h 36m,"Standing Calf Raise (Machine)",Rest Timer,0,0.0,0,180.0,,,
2026-03-12 18:00:16,"Legs 🐓 ",1h 36m,"Standing Calf Raise (Machine)",F,280.0,5.0,0,0.0,,,10
2026-03-12 18:00:16,"Legs 🐓 ",1h 36m,"Standing Calf Raise (Machine)",Rest Timer,0,0.0,0,0.0,,,
2026-03-12 18:00:16,"Legs 🐓 ",1h 36m,"Single-Leg Leg Extension (Machine)",F,105.0,7.0,0,0.0,"2x6-8(F), 3 mins",,10
2026-03-12 18:00:16,"Legs 🐓 ",1h 36m,"Single-Leg Leg Extension (Machine)",Rest Timer,0,0.0,0,180.0,,,
2026-03-13 19:13:38,"Shoulders🪨",52m,"Cable Crunch",F,50.0,16.0,0,0.0,"3x8-10, 3 mins","Shoulders: 3\nCore: 1",10
2026-03-13 19:13:38,"Shoulders🪨",52m,"Cable Crunch",Rest Timer,0,0.0,0,180.0,,,
2026-03-13 19:13:38,"Shoulders🪨",52m,"Cable Crunch",F,65.0,8.0,0,0.0,,,10
2026-03-13 19:13:38,"Shoulders🪨",52m,"Cable Crunch",Rest Timer,0,0.0,0,180.0,,,
2026-03-13 19:13:38,"Shoulders🪨",52m,"Cable Crunch",F,65.0,5.0,0,0.0,,,10
2026-03-13 19:13:38,"Shoulders🪨",52m,"Cable Crunch",Rest Timer,0,0.0,0,0.0,,,
2026-03-13 19:13:38,"Shoulders🪨",52m,"Arsenal Strength Shoulder Press (Machine)",W,18.0,10.0,0,0.0,"2x6-8(F), 3 mins",,
2026-03-13 19:13:38,"Shoulders🪨",52m,"Arsenal Strength Shoulder Press (Machine)",Rest Timer,0,0.0,0,120.0,,,
2026-03-13 19:13:38,"Shoulders🪨",52m,"Arsenal Strength Shoulder Press (Machine)",W,43.0,8.0,0,0.0,,,
2026-03-13 19:13:38,"Shoulders🪨",52m,"Arsenal Strength Shoulder Press (Machine)",Rest Timer,0,0.0,0,120.0,,,
2026-03-13 19:13:38,"Shoulders🪨",52m,"Arsenal Strength Shoulder Press (Machine)",F,108.0,6.0,0,0.0,,,10
2026-03-13 19:13:38,"Shoulders🪨",52m,"Arsenal Strength Shoulder Press (Machine)",Rest Timer,0,0.0,0,180.0,,,
2026-03-13 19:13:38,"Shoulders🪨",52m,"Arsenal Strength Shoulder Press (Machine)",F,108.0,5.0,0,0.0,,,10
2026-03-13 19:13:38,"Shoulders🪨",52m,"Arsenal Strength Shoulder Press (Machine)",Rest Timer,0,0.0,0,180.0,,,
2026-03-13 19:13:38,"Shoulders🪨",52m,"Lateral Raise (Cable)",F,22.5,5.0,0,0.0,"2x8-10(F), 3 mins",,10
2026-03-13 19:13:38,"Shoulders🪨",52m,"Lateral Raise (Cable)",Rest Timer,0,0.0,0,180.0,,,
2026-03-13 19:13:38,"Shoulders🪨",52m,"Lateral Raise (Cable)",F,20.0,5.0,0,0.0,,,10
2026-03-13 19:13:38,"Shoulders🪨",52m,"Lateral Raise (Cable)",Rest Timer,0,0.0,0,180.0,,,
2026-03-13 19:13:38,"Shoulders🪨",52m,"Rear Delt Fly (Cable)",F,20.0,7.0,0,0.0,"2x8-10(F), 3 mins",,10
2026-03-13 19:13:38,"Shoulders🪨",52m,"Rear Delt Fly (Cable)",Rest Timer,0,0.0,0,180.0,,,
2026-03-16 16:02:50,"Chest & Biceps🃏",1h 24m,"Single Arm Preacher Curl (Machine)",W,10.0,10.0,0,0.0,"2x6-8(F), 3 mins","Chest: 2\nBiceps: 2",
2026-03-16 16:02:50,"Chest & Biceps🃏",1h 24m,"Single Arm Preacher Curl (Machine)",Rest Timer,0,0.0,0,120.0,,,
2026-03-16 16:02:50,"Chest & Biceps🃏",1h 24m,"Single Arm Preacher Curl (Machine)",F,70.0,9.0,0,0.0,,,10
2026-03-16 16:02:50,"Chest & Biceps🃏",1h 24m,"Single Arm Preacher Curl (Machine)",Rest Timer,0,0.0,0,180.0,,,
2026-03-16 16:02:50,"Chest & Biceps🃏",1h 24m,"Single Arm Preacher Curl (Machine)",F,72.5,4.0,0,0.0,,,10
2026-03-16 16:02:50,"Chest & Biceps🃏",1h 24m,"Single Arm Preacher Curl (Machine)",Rest Timer,0,0.0,0,0.0,,,
2026-03-16 16:02:50,"Chest & Biceps🃏",1h 24m,"Incline Bench Press (Smith Machine)",W,20.0,10.0,0,0.0,"2x6-8(F), 4 mins",,
2026-03-16 16:02:50,"Chest & Biceps🃏",1h 24m,"Incline Bench Press (Smith Machine)",Rest Timer,0,0.0,0,180.0,,,
2026-03-16 16:02:50,"Chest & Biceps🃏",1h 24m,"Incline Bench Press (Smith Machine)",W,70.0,8.0,0,0.0,,,
2026-03-16 16:02:50,"Chest & Biceps🃏",1h 24m,"Incline Bench Press (Smith Machine)",Rest Timer,0,0.0,0,180.0,,,
2026-03-16 16:02:50,"Chest & Biceps🃏",1h 24m,"Incline Bench Press (Smith Machine)",W,110.0,5.0,0,0.0,,,
2026-03-16 16:02:50,"Chest & Biceps🃏",1h 24m,"Incline Bench Press (Smith Machine)",Rest Timer,0,0.0,0,180.0,,,
2026-03-16 16:02:50,"Chest & Biceps🃏",1h 24m,"Incline Bench Press (Smith Machine)",F,160.0,6.0,0,0.0,,,10
2026-03-16 16:02:50,"Chest & Biceps🃏",1h 24m,"Incline Bench Press (Smith Machine)",Rest Timer,0,0.0,0,240.0,,,
2026-03-16 16:02:50,"Chest & Biceps🃏",1h 24m,"Incline Bench Press (Smith Machine)",F,150.0,5.0,0,0.0,,,10
2026-03-16 16:02:50,"Chest & Biceps🃏",1h 24m,"Incline Bench Press (Smith Machine)",Rest Timer,0,0.0,0,0.0,,,
2026-03-16 16:02:50,"Chest & Biceps🃏",1h 24m,"Arsenal Strength Chest Fly (Machine)",F,250.0,8.0,0,0.0,"2x8-10(F), 3 mins",,10
2026-03-16 16:02:50,"Chest & Biceps🃏",1h 24m,"Arsenal Strength Chest Fly (Machine)",Rest Timer,0,0.0,0,180.0,,,
2026-03-16 16:02:50,"Chest & Biceps🃏",1h 24m,"Arsenal Strength Chest Fly (Machine)",F,200.0,8.0,0,0.0,,,10
2026-03-16 16:02:50,"Chest & Biceps🃏",1h 24m,"Arsenal Strength Chest Fly (Machine)",Rest Timer,0,0.0,0,0.0,,,
2026-03-17 17:42:19,"Back & Triceps✝️",1h 6m,"Lat Pulldown - Wide Grip (Cable)",W,100.0,8.0,0,0.0,"2x6-8(F), 4 mins","Back Width: 2\nBack Thickness: 1\nTriceps: 2",
2026-03-17 17:42:19,"Back & Triceps✝️",1h 6m,"Lat Pulldown - Wide Grip (Cable)",Rest Timer,0,0.0,0,180.0,,,
2026-03-17 17:42:19,"Back & Triceps✝️",1h 6m,"Lat Pulldown - Wide Grip (Cable)",F,160.0,8.0,0,0.0,,,10
2026-03-17 17:42:19,"Back & Triceps✝️",1h 6m,"Lat Pulldown - Wide Grip (Cable)",Rest Timer,0,0.0,0,240.0,,,
2026-03-17 17:42:19,"Back & Triceps✝️",1h 6m,"Lat Pulldown - Wide Grip (Cable)",F,165.0,3.0,0,0.0,,,10
2026-03-17 17:42:19,"Back & Triceps✝️",1h 6m,"Lat Pulldown - Wide Grip (Cable)",Rest Timer,0,0.0,0,0.0,,,
2026-03-17 17:42:19,"Back & Triceps✝️",1h 6m,"Single Arm Tricep Extension (Cable)",W,10.0,10.0,0,0.0,"2x6-8(F), 3 mins",,
2026-03-17 17:42:19,"Back & Triceps✝️",1h 6m,"Single Arm Tricep Extension (Cable)",Rest Timer,0,0.0,0,120.0,,,
2026-03-17 17:42:19,"Back & Triceps✝️",1h 6m,"Single Arm Tricep Extension (Cable)",F,35.0,4.0,0,0.0,,,10
2026-03-17 17:42:19,"Back & Triceps✝️",1h 6m,"Single Arm Tricep Extension (Cable)",Rest Timer,0,0.0,0,180.0,,,
2026-03-17 17:42:19,"Back & Triceps✝️",1h 6m,"Single Arm Tricep Extension (Cable)",F,30.0,7.0,0,0.0,,,10
2026-03-17 17:42:19,"Back & Triceps✝️",1h 6m,"Single Arm Tricep Extension (Cable)",Rest Timer,0,0.0,0,0.0,,,
2026-03-17 17:42:19,"Back & Triceps✝️",1h 6m,"Arsenal Strength Reload T Row",W,50.0,8.0,0,0.0,"2x6-8(F), 4 mins",,
2026-03-17 17:42:19,"Back & Triceps✝️",1h 6m,"Arsenal Strength Reload T Row",Rest Timer,0,0.0,0,120.0,,,
2026-03-17 17:42:19,"Back & Triceps✝️",1h 6m,"Arsenal Strength Reload T Row",F,110.0,7.0,0,0.0,,,10
2026-03-17 17:42:19,"Back & Triceps✝️",1h 6m,"Arsenal Strength Reload T Row",Rest Timer,0,0.0,0,240.0,,,
2026-03-17 17:42:19,"Back & Triceps✝️",1h 6m,"Arsenal Strength Reload T Row",F,100.0,6.0,0,0.0,,,10
2026-03-17 17:42:19,"Back & Triceps✝️",1h 6m,"Arsenal Strength Reload T Row",Rest Timer,0,0.0,0,0.0,,,
2026-03-17 17:42:19,"Back & Triceps✝️",1h 6m,"Tricep Press (Machine)",F,205.0,8.0,0,0.0,"2x6-8(F), 3 mins",,10
2026-03-17 17:42:19,"Back & Triceps✝️",1h 6m,"Tricep Press (Machine)",Rest Timer,0,0.0,0,180.0,,,
2026-03-17 17:42:19,"Back & Triceps✝️",1h 6m,"Tricep Press (Machine)",F,220.0,4.0,0,0.0,,,10
2026-03-17 17:42:19,"Back & Triceps✝️",1h 6m,"Tricep Press (Machine)",Rest Timer,0,0.0,0,0.0,,,
2026-03-17 17:42:19,"Back & Triceps✝️",1h 6m,"Arsenal Strength Reloaded Iso Multi Row",F,155.0,8.0,0,0.0,"1x6-8(F)",,10
2026-03-17 17:42:19,"Back & Triceps✝️",1h 6m,"Arsenal Strength Reloaded Iso Multi Row",Rest Timer,0,0.0,0,0.0,,,
2026-03-18 15:45:47,"Legs 🐓 ",1h 18m,"Romanian Deadlift (Barbell)",W,95.0,10.0,0,0.0,"1x6-8(F)","Quads: 3\nHamstring: 1\nCalves: 1",
2026-03-18 15:45:47,"Legs 🐓 ",1h 18m,"Romanian Deadlift (Barbell)",Rest Timer,0,0.0,0,180.0,,,
2026-03-18 15:45:47,"Legs 🐓 ",1h 18m,"Romanian Deadlift (Barbell)",W,135.0,8.0,0,0.0,,,
2026-03-18 15:45:47,"Legs 🐓 ",1h 18m,"Romanian Deadlift (Barbell)",Rest Timer,0,0.0,0,180.0,,,
2026-03-18 15:45:47,"Legs 🐓 ",1h 18m,"Romanian Deadlift (Barbell)",F,225.0,9.0,0,0.0,,,10
2026-03-18 15:45:47,"Legs 🐓 ",1h 18m,"Romanian Deadlift (Barbell)",Rest Timer,0,0.0,0,0.0,,,
2026-03-18 15:45:47,"Legs 🐓 ",1h 18m,"Pendulum Squat (Machine)",W,110.0,10.0,0,0.0,"1x6-8(F), 4 mins",,
2026-03-18 15:45:47,"Legs 🐓 ",1h 18m,"Pendulum Squat (Machine)",Rest Timer,0,0.0,0,180.0,,,
2026-03-18 15:45:47,"Legs 🐓 ",1h 18m,"Pendulum Squat (Machine)",W,160.0,6.0,0,0.0,,,
2026-03-18 15:45:47,"Legs 🐓 ",1h 18m,"Pendulum Squat (Machine)",Rest Timer,0,0.0,0,180.0,,,
2026-03-18 15:45:47,"Legs 🐓 ",1h 18m,"Pendulum Squat (Machine)",F,210.0,7.0,0,0.0,,,10
2026-03-18 15:45:47,"Legs 🐓 ",1h 18m,"Pendulum Squat (Machine)",Rest Timer,0,0.0,0,240.0,,,
2026-03-18 15:45:47,"Legs 🐓 ",1h 18m,"Hip Adductor (Machine)",F,95.0,7.0,0,0.0,"1x8-10(F)",,10
2026-03-18 15:45:47,"Legs 🐓 ",1h 18m,"Hip Adductor (Machine)",Rest Timer,0,0.0,0,0.0,,,
2026-03-18 15:45:47,"Legs 🐓 ",1h 18m,"Standing Calf Raise (Machine)",F,280.0,9.0,0,0.0,"2x8-10(F), 3 mins",,10
2026-03-18 15:45:47,"Legs 🐓 ",1h 18m,"Standing Calf Raise (Machine)",Rest Timer,0,0.0,0,180.0,,,
2026-03-18 15:45:47,"Legs 🐓 ",1h 18m,"Standing Calf Raise (Machine)",F,270.0,6.0,0,0.0,,,10
2026-03-18 15:45:47,"Legs 🐓 ",1h 18m,"Standing Calf Raise (Machine)",Rest Timer,0,0.0,0,0.0,,,
2026-03-18 15:45:47,"Legs 🐓 ",1h 18m,"Single-Leg Leg Extension (Machine)",F,105.0,8.0,0,0.0,"2x6-8(F), 3 mins",,10
2026-03-18 15:45:47,"Legs 🐓 ",1h 18m,"Single-Leg Leg Extension (Machine)",Rest Timer,0,0.0,0,180.0,,,
2026-03-18 15:45:47,"Legs 🐓 ",1h 18m,"Single-Leg Leg Extension (Machine)",F,110.0,4.0,0,0.0,,,10
2026-03-18 15:45:47,"Legs 🐓 ",1h 18m,"Single-Leg Leg Extension (Machine)",Rest Timer,0,0.0,0,0.0,,,
2026-03-19 14:08:10,"Shoulders🪨",40m,"Cable Crunch",F,65.0,10.0,0,0.0,"3x8-10, 3 mins","Shoulders: 3\nCore: 1",10
2026-03-19 14:08:10,"Shoulders🪨",40m,"Cable Crunch",Rest Timer,0,0.0,0,180.0,,,
2026-03-19 14:08:10,"Shoulders🪨",40m,"Cable Crunch",F,70.0,6.0,0,0.0,,,10
2026-03-19 14:08:10,"Shoulders🪨",40m,"Cable Crunch",Rest Timer,0,0.0,0,180.0,,,
2026-03-19 14:08:10,"Shoulders🪨",40m,"Cable Crunch",F,70.0,5.0,0,0.0,,,10
2026-03-19 14:08:10,"Shoulders🪨",40m,"Cable Crunch",Rest Timer,0,0.0,0,0.0,,,
2026-03-19 14:08:10,"Shoulders🪨",40m,"Arsenal Strength Shoulder Press (Machine)",W,18.0,10.0,0,0.0,"2x6-8(F), 3 mins",,
2026-03-19 14:08:10,"Shoulders🪨",40m,"Arsenal Strength Shoulder Press (Machine)",Rest Timer,0,0.0,0,120.0,,,
2026-03-19 14:08:10,"Shoulders🪨",40m,"Arsenal Strength Shoulder Press (Machine)",W,43.0,8.0,0,0.0,,,
2026-03-19 14:08:10,"Shoulders🪨",40m,"Arsenal Strength Shoulder Press (Machine)",Rest Timer,0,0.0,0,120.0,,,
2026-03-19 14:08:10,"Shoulders🪨",40m,"Arsenal Strength Shoulder Press (Machine)",F,108.0,5.0,0,0.0,,,10
2026-03-19 14:08:10,"Shoulders🪨",40m,"Arsenal Strength Shoulder Press (Machine)",Rest Timer,0,0.0,0,180.0,,,
2026-03-19 14:08:10,"Shoulders🪨",40m,"Arsenal Strength Shoulder Press (Machine)",F,88.0,9.0,0,0.0,,,10
2026-03-19 14:08:10,"Shoulders🪨",40m,"Arsenal Strength Shoulder Press (Machine)",Rest Timer,0,0.0,0,180.0,,,
2026-03-19 14:08:10,"Shoulders🪨",40m,"Arsenal Strength Lateral Raise (Machine)",F,60.0,11.0,0,0.0,"2x8-10(F), 3 mins",,10
2026-03-19 14:08:10,"Shoulders🪨",40m,"Arsenal Strength Lateral Raise (Machine)",Rest Timer,0,0.0,0,180.0,,,
2026-03-19 14:08:10,"Shoulders🪨",40m,"Arsenal Strength Lateral Raise (Machine)",F,70.0,8.0,0,0.0,,,10
2026-03-19 14:08:10,"Shoulders🪨",40m,"Arsenal Strength Lateral Raise (Machine)",Rest Timer,0,0.0,0,180.0,,,
2026-03-19 14:08:10,"Shoulders🪨",40m,"Rear Delt Fly (Cable)",F,20.0,9.0,0,0.0,"2x8-10(F), 3 mins",,10
2026-03-19 14:08:10,"Shoulders🪨",40m,"Rear Delt Fly (Cable)",Rest Timer,0,0.0,0,180.0,,,
2026-03-21 16:53:31,"Chest & Biceps🃏",51m,"Single Arm Preacher Curl (Machine)",W,10.0,10.0,0,0.0,"2x6-8(F), 3 mins","Chest: 2\nBiceps: 2",
2026-03-21 16:53:31,"Chest & Biceps🃏",51m,"Single Arm Preacher Curl (Machine)",Rest Timer,0,0.0,0,120.0,,,
2026-03-21 16:53:31,"Chest & Biceps🃏",51m,"Single Arm Preacher Curl (Machine)",F,72.5,7.0,0,0.0,,,10
2026-03-21 16:53:31,"Chest & Biceps🃏",51m,"Single Arm Preacher Curl (Machine)",Rest Timer,0,0.0,0,180.0,,,
2026-03-21 16:53:31,"Chest & Biceps🃏",51m,"Single Arm Preacher Curl (Machine)",F,65.0,7.0,0,0.0,,,10
2026-03-21 16:53:31,"Chest & Biceps🃏",51m,"Single Arm Preacher Curl (Machine)",Rest Timer,0,0.0,0,0.0,,,
2026-03-21 16:53:31,"Chest & Biceps🃏",51m,"Incline Bench Press (Smith Machine)",W,20.0,10.0,0,0.0,"2x6-8(F), 4 mins",,
2026-03-21 16:53:31,"Chest & Biceps🃏",51m,"Incline Bench Press (Smith Machine)",Rest Timer,0,0.0,0,180.0,,,
2026-03-21 16:53:31,"Chest & Biceps🃏",51m,"Incline Bench Press (Smith Machine)",W,70.0,8.0,0,0.0,,,
2026-03-21 16:53:31,"Chest & Biceps🃏",51m,"Incline Bench Press (Smith Machine)",Rest Timer,0,0.0,0,180.0,,,
2026-03-21 16:53:31,"Chest & Biceps🃏",51m,"Incline Bench Press (Smith Machine)",W,110.0,5.0,0,0.0,,,
2026-03-21 16:53:31,"Chest & Biceps🃏",51m,"Incline Bench Press (Smith Machine)",Rest Timer,0,0.0,0,180.0,,,
2026-03-21 16:53:31,"Chest & Biceps🃏",51m,"Incline Bench Press (Smith Machine)",F,160.0,7.0,0,0.0,,,10
2026-03-21 16:53:31,"Chest & Biceps🃏",51m,"Incline Bench Press (Smith Machine)",Rest Timer,0,0.0,0,240.0,,,
2026-03-21 16:53:31,"Chest & Biceps🃏",51m,"Incline Bench Press (Smith Machine)",F,150.0,6.0,0,0.0,,,10
2026-03-21 16:53:31,"Chest & Biceps🃏",51m,"Incline Bench Press (Smith Machine)",Rest Timer,0,0.0,0,0.0,,,
2026-03-21 16:53:31,"Chest & Biceps🃏",51m,"Forearm Curl (Cable)",F,30.0,9.0,0,0.0,"2x6-8(F), 3 mins",,10
2026-03-21 16:53:31,"Chest & Biceps🃏",51m,"Forearm Curl (Cable)",Rest Timer,0,0.0,0,180.0,,,
2026-03-21 16:53:31,"Chest & Biceps🃏",51m,"Forearm Curl (Cable)",F,32.5,9.0,0,0.0,,,10
2026-03-21 16:53:31,"Chest & Biceps🃏",51m,"Forearm Curl (Cable)",Rest Timer,0,0.0,0,0.0,,,
2026-03-21 16:53:31,"Chest & Biceps🃏",51m,"Arsenal Strength Chest Fly (Machine)",F,250.0,8.0,0,0.0,"2x8-10(F), 3 mins",,10
2026-03-21 16:53:31,"Chest & Biceps🃏",51m,"Arsenal Strength Chest Fly (Machine)",Rest Timer,0,0.0,0,180.0,,,
2026-03-21 16:53:31,"Chest & Biceps🃏",51m,"Arsenal Strength Chest Fly (Machine)",F,200.0,8.0,0,0.0,,,10
2026-03-21 16:53:31,"Chest & Biceps🃏",51m,"Arsenal Strength Chest Fly (Machine)",Rest Timer,0,0.0,0,0.0,,,
2026-03-22 20:13:46,"Back & Triceps✝️",1h 2m,"Lat Pulldown - Wide Grip (Cable)",W,100.0,8.0,0,0.0,"2x6-8(F), 4 mins","Back Width: 2\nBack Thickness: 1\nTriceps: 2",
2026-03-22 20:13:46,"Back & Triceps✝️",1h 2m,"Lat Pulldown - Wide Grip (Cable)",Rest Timer,0,0.0,0,180.0,,,
2026-03-22 20:13:46,"Back & Triceps✝️",1h 2m,"Lat Pulldown - Wide Grip (Cable)",F,165.0,5.0,0,0.0,,,10
2026-03-22 20:13:46,"Back & Triceps✝️",1h 2m,"Lat Pulldown - Wide Grip (Cable)",Rest Timer,0,0.0,0,240.0,,,
2026-03-22 20:13:46,"Back & Triceps✝️",1h 2m,"Lat Pulldown - Wide Grip (Cable)",F,150.0,6.0,0,0.0,,,10
2026-03-22 20:13:46,"Back & Triceps✝️",1h 2m,"Lat Pulldown - Wide Grip (Cable)",Rest Timer,0,0.0,0,0.0,,,
2026-03-22 20:13:46,"Back & Triceps✝️",1h 2m,"Single Arm Tricep Extension (Cable)",W,10.0,10.0,0,0.0,"2x6-8(F), 3 mins",,
2026-03-22 20:13:46,"Back & Triceps✝️",1h 2m,"Single Arm Tricep Extension (Cable)",Rest Timer,0,0.0,0,120.0,,,
2026-03-22 20:13:46,"Back & Triceps✝️",1h 2m,"Single Arm Tricep Extension (Cable)",F,35.0,6.0,0,0.0,,,10
2026-03-22 20:13:46,"Back & Triceps✝️",1h 2m,"Single Arm Tricep Extension (Cable)",Rest Timer,0,0.0,0,180.0,,,
2026-03-22 20:13:46,"Back & Triceps✝️",1h 2m,"Single Arm Tricep Extension (Cable)",F,30.0,7.0,0,0.0,,,10
2026-03-22 20:13:46,"Back & Triceps✝️",1h 2m,"Single Arm Tricep Extension (Cable)",Rest Timer,0,0.0,0,0.0,,,
2026-03-22 20:13:46,"Back & Triceps✝️",1h 2m,"Arsenal Strength Reload T Row",W,50.0,8.0,0,0.0,"2x6-8(F), 4 mins",,
2026-03-22 20:13:46,"Back & Triceps✝️",1h 2m,"Arsenal Strength Reload T Row",Rest Timer,0,0.0,0,120.0,,,
2026-03-22 20:13:46,"Back & Triceps✝️",1h 2m,"Arsenal Strength Reload T Row",F,110.0,7.0,0,0.0,,,10
2026-03-22 20:13:46,"Back & Triceps✝️",1h 2m,"Arsenal Strength Reload T Row",Rest Timer,0,0.0,0,240.0,,,
2026-03-22 20:13:46,"Back & Triceps✝️",1h 2m,"Arsenal Strength Reload T Row",F,100.0,6.0,0,0.0,,,10
2026-03-22 20:13:46,"Back & Triceps✝️",1h 2m,"Arsenal Strength Reload T Row",Rest Timer,0,0.0,0,0.0,,,
2026-03-22 20:13:46,"Back & Triceps✝️",1h 2m,"Tricep Press (Machine)",F,220.0,6.0,0,0.0,"2x6-8(F), 3 mins",,10
2026-03-22 20:13:46,"Back & Triceps✝️",1h 2m,"Tricep Press (Machine)",Rest Timer,0,0.0,0,180.0,,,
2026-03-22 20:13:46,"Back & Triceps✝️",1h 2m,"Tricep Press (Machine)",F,205.0,6.0,0,0.0,,,10
2026-03-22 20:13:46,"Back & Triceps✝️",1h 2m,"Tricep Press (Machine)",Rest Timer,0,0.0,0,0.0,,,
2026-03-22 20:13:46,"Back & Triceps✝️",1h 2m,"Arsenal Strength Reloaded Iso Multi Row",F,160.0,7.0,0,0.0,"1x6-8(F)",,10
2026-03-22 20:13:46,"Back & Triceps✝️",1h 2m,"Arsenal Strength Reloaded Iso Multi Row",Rest Timer,0,0.0,0,0.0,,,
2026-03-24 13:58:47,"Shoulders🪨",41m,"Cable Crunch",F,65.0,11.0,0,0.0,"3x8-10, 3 mins","Shoulders: 3\nCore: 1",10
2026-03-24 13:58:47,"Shoulders🪨",41m,"Cable Crunch",Rest Timer,0,0.0,0,180.0,,,
2026-03-24 13:58:47,"Shoulders🪨",41m,"Cable Crunch",F,70.0,8.0,0,0.0,,,10
2026-03-24 13:58:47,"Shoulders🪨",41m,"Cable Crunch",Rest Timer,0,0.0,0,180.0,,,
2026-03-24 13:58:47,"Shoulders🪨",41m,"Cable Crunch",F,70.0,7.0,0,0.0,,,10
2026-03-24 13:58:47,"Shoulders🪨",41m,"Cable Crunch",Rest Timer,0,0.0,0,0.0,,,
2026-03-24 13:58:47,"Shoulders🪨",41m,"Arsenal Strength Shoulder Press (Machine)",W,18.0,10.0,0,0.0,"2x6-8(F), 3 mins",,
2026-03-24 13:58:47,"Shoulders🪨",41m,"Arsenal Strength Shoulder Press (Machine)",Rest Timer,0,0.0,0,120.0,,,
2026-03-24 13:58:47,"Shoulders🪨",41m,"Arsenal Strength Shoulder Press (Machine)",W,43.0,8.0,0,0.0,,,
2026-03-24 13:58:47,"Shoulders🪨",41m,"Arsenal Strength Shoulder Press (Machine)",Rest Timer,0,0.0,0,120.0,,,
2026-03-24 13:58:47,"Shoulders🪨",41m,"Arsenal Strength Shoulder Press (Machine)",F,108.0,6.0,0,0.0,,,10
2026-03-24 13:58:47,"Shoulders🪨",41m,"Arsenal Strength Shoulder Press (Machine)",Rest Timer,0,0.0,0,180.0,,,
2026-03-24 13:58:47,"Shoulders🪨",41m,"Arsenal Strength Shoulder Press (Machine)",F,98.0,6.0,0,0.0,,,10
2026-03-24 13:58:47,"Shoulders🪨",41m,"Arsenal Strength Shoulder Press (Machine)",Rest Timer,0,0.0,0,180.0,,,
2026-03-24 13:58:47,"Shoulders🪨",41m,"Arsenal Strength Lateral Raise (Machine)",F,70.0,11.0,0,0.0,"2x8-10(F), 3 mins",,10
2026-03-24 13:58:47,"Shoulders🪨",41m,"Arsenal Strength Lateral Raise (Machine)",Rest Timer,0,0.0,0,180.0,,,
2026-03-24 13:58:47,"Shoulders🪨",41m,"Arsenal Strength Lateral Raise (Machine)",F,80.0,8.0,0,0.0,,,10
2026-03-24 13:58:47,"Shoulders🪨",41m,"Arsenal Strength Lateral Raise (Machine)",Rest Timer,0,0.0,0,180.0,,,
2026-03-24 13:58:47,"Shoulders🪨",41m,"Rear Delt Fly (Cable)",F,20.0,6.0,0,0.0,"2x8-10(F), 3 mins",,10
2026-03-24 13:58:47,"Shoulders🪨",41m,"Rear Delt Fly (Cable)",Rest Timer,0,0.0,0,180.0,,,
2026-03-26 14:34:39,"Chest & Biceps🃏",42m,"Single Arm Preacher Curl (Machine)",W,10.0,10.0,0,0.0,"2x6-8(F), 3 mins","Chest: 2\nBiceps: 2",
2026-03-26 14:34:39,"Chest & Biceps🃏",42m,"Single Arm Preacher Curl (Machine)",Rest Timer,0,0.0,0,120.0,,,
2026-03-26 14:34:39,"Chest & Biceps🃏",42m,"Single Arm Preacher Curl (Machine)",F,72.5,7.0,0,0.0,,,10
2026-03-26 14:34:39,"Chest & Biceps🃏",42m,"Single Arm Preacher Curl (Machine)",Rest Timer,0,0.0,0,180.0,,,
2026-03-26 14:34:39,"Chest & Biceps🃏",42m,"Single Arm Preacher Curl (Machine)",F,65.0,8.0,0,0.0,,,10
2026-03-26 14:34:39,"Chest & Biceps🃏",42m,"Single Arm Preacher Curl (Machine)",Rest Timer,0,0.0,0,0.0,,,
2026-03-26 14:34:39,"Chest & Biceps🃏",42m,"Incline Bench Press (Smith Machine)",W,20.0,10.0,0,0.0,"2x6-8(F), 4 mins",,
2026-03-26 14:34:39,"Chest & Biceps🃏",42m,"Incline Bench Press (Smith Machine)",Rest Timer,0,0.0,0,180.0,,,
2026-03-26 14:34:39,"Chest & Biceps🃏",42m,"Incline Bench Press (Smith Machine)",W,70.0,8.0,0,0.0,,,
2026-03-26 14:34:39,"Chest & Biceps🃏",42m,"Incline Bench Press (Smith Machine)",Rest Timer,0,0.0,0,180.0,,,
2026-03-26 14:34:39,"Chest & Biceps🃏",42m,"Incline Bench Press (Smith Machine)",W,110.0,5.0,0,0.0,,,
2026-03-26 14:34:39,"Chest & Biceps🃏",42m,"Incline Bench Press (Smith Machine)",Rest Timer,0,0.0,0,180.0,,,
2026-03-26 14:34:39,"Chest & Biceps🃏",42m,"Incline Bench Press (Smith Machine)",F,160.0,8.0,0,0.0,,,10
2026-03-26 14:34:39,"Chest & Biceps🃏",42m,"Incline Bench Press (Smith Machine)",Rest Timer,0,0.0,0,240.0,,,
2026-03-26 14:34:39,"Chest & Biceps🃏",42m,"Incline Bench Press (Smith Machine)",F,165.0,4.0,0,0.0,,,10
2026-03-26 14:34:39,"Chest & Biceps🃏",42m,"Incline Bench Press (Smith Machine)",Rest Timer,0,0.0,0,0.0,,,
2026-03-27 20:24:08,"Back & Triceps✝️",53m,"Lat Pulldown - Wide Grip (Cable)",W,100.0,8.0,0,0.0,"2x6-8(F), 4 mins","Back Width: 2\nBack Thickness: 1\nTriceps: 2",
2026-03-27 20:24:08,"Back & Triceps✝️",53m,"Lat Pulldown - Wide Grip (Cable)",Rest Timer,0,0.0,0,180.0,,,
2026-03-27 20:24:08,"Back & Triceps✝️",53m,"Lat Pulldown - Wide Grip (Cable)",F,165.0,6.0,0,0.0,,,10
2026-03-27 20:24:08,"Back & Triceps✝️",53m,"Lat Pulldown - Wide Grip (Cable)",Rest Timer,0,0.0,0,240.0,,,
2026-03-27 20:24:08,"Back & Triceps✝️",53m,"Lat Pulldown - Wide Grip (Cable)",F,150.0,7.0,0,0.0,,,10
2026-03-27 20:24:08,"Back & Triceps✝️",53m,"Lat Pulldown - Wide Grip (Cable)",Rest Timer,0,0.0,0,0.0,,,
2026-03-27 20:24:08,"Back & Triceps✝️",53m,"Single Arm Tricep Extension (Cable)",W,10.0,10.0,0,0.0,"2x6-8(F), 3 mins",,
2026-03-27 20:24:08,"Back & Triceps✝️",53m,"Single Arm Tricep Extension (Cable)",Rest Timer,0,0.0,0,120.0,,,
2026-03-27 20:24:08,"Back & Triceps✝️",53m,"Single Arm Tricep Extension (Cable)",F,35.0,7.0,0,0.0,,,10
2026-03-27 20:24:08,"Back & Triceps✝️",53m,"Single Arm Tricep Extension (Cable)",Rest Timer,0,0.0,0,180.0,,,
2026-03-27 20:24:08,"Back & Triceps✝️",53m,"Single Arm Tricep Extension (Cable)",F,30.0,7.0,0,0.0,,,10
2026-03-27 20:24:08,"Back & Triceps✝️",53m,"Single Arm Tricep Extension (Cable)",Rest Timer,0,0.0,0,0.0,,,
2026-03-27 20:24:08,"Back & Triceps✝️",53m,"Arsenal Strength Reload T Row",W,50.0,8.0,0,0.0,"2x6-8(F), 4 mins",,
2026-03-27 20:24:08,"Back & Triceps✝️",53m,"Arsenal Strength Reload T Row",Rest Timer,0,0.0,0,120.0,,,
2026-03-27 20:24:08,"Back & Triceps✝️",53m,"Arsenal Strength Reload T Row",F,110.0,7.0,0,0.0,,,10
2026-03-27 20:24:08,"Back & Triceps✝️",53m,"Arsenal Strength Reload T Row",Rest Timer,0,0.0,0,240.0,,,
2026-03-27 20:24:08,"Back & Triceps✝️",53m,"Arsenal Strength Reload T Row",F,110.0,3.0,0,0.0,,,10
2026-03-27 20:24:08,"Back & Triceps✝️",53m,"Arsenal Strength Reload T Row",Rest Timer,0,0.0,0,0.0,,,
2026-03-27 20:24:08,"Back & Triceps✝️",53m,"Tricep Press (Machine)",F,220.0,8.0,0,0.0,"2x6-8(F), 3 mins",,10
2026-03-27 20:24:08,"Back & Triceps✝️",53m,"Tricep Press (Machine)",Rest Timer,0,0.0,0,180.0,,,
2026-03-27 20:24:08,"Back & Triceps✝️",53m,"Tricep Press (Machine)",F,225.0,3.0,0,0.0,,,10
2026-03-27 20:24:08,"Back & Triceps✝️",53m,"Tricep Press (Machine)",Rest Timer,0,0.0,0,0.0,,,
2026-03-27 20:24:08,"Back & Triceps✝️",53m,"Arsenal Strength Reloaded Iso Multi Row",F,160.0,8.0,0,0.0,"1x6-8(F)",,10
2026-03-27 20:24:08,"Back & Triceps✝️",53m,"Arsenal Strength Reloaded Iso Multi Row",Rest Timer,0,0.0,0,0.0,,,
2026-03-28 18:26:40,"Legs 🐓 ",52m,"Romanian Deadlift (Barbell)",W,95.0,10.0,0,0.0,"1x6-8(F)","Quads: 3\nHamstring: 1\nCalves: 1",
2026-03-28 18:26:40,"Legs 🐓 ",52m,"Romanian Deadlift (Barbell)",Rest Timer,0,0.0,0,180.0,,,
2026-03-28 18:26:40,"Legs 🐓 ",52m,"Romanian Deadlift (Barbell)",W,135.0,8.0,0,0.0,,,
2026-03-28 18:26:40,"Legs 🐓 ",52m,"Romanian Deadlift (Barbell)",Rest Timer,0,0.0,0,180.0,,,
2026-03-28 18:26:40,"Legs 🐓 ",52m,"Romanian Deadlift (Barbell)",F,235.0,4.0,0,0.0,,,10
2026-03-28 18:26:40,"Legs 🐓 ",52m,"Romanian Deadlift (Barbell)",Rest Timer,0,0.0,0,0.0,,,
2026-03-28 18:26:40,"Legs 🐓 ",52m,"Pendulum Squat (Machine)",W,110.0,10.0,0,0.0,"1x6-8(F), 4 mins",,
2026-03-28 18:26:40,"Legs 🐓 ",52m,"Pendulum Squat (Machine)",Rest Timer,0,0.0,0,180.0,,,
2026-03-28 18:26:40,"Legs 🐓 ",52m,"Pendulum Squat (Machine)",W,160.0,6.0,0,0.0,,,
2026-03-28 18:26:40,"Legs 🐓 ",52m,"Pendulum Squat (Machine)",Rest Timer,0,0.0,0,180.0,,,
2026-03-28 18:26:40,"Legs 🐓 ",52m,"Pendulum Squat (Machine)",F,210.0,8.0,0,0.0,,,10
2026-03-28 18:26:40,"Legs 🐓 ",52m,"Pendulum Squat (Machine)",Rest Timer,0,0.0,0,240.0,,,
2026-03-28 18:26:40,"Legs 🐓 ",52m,"Hip Adductor (Machine)",F,95.0,10.0,0,0.0,"1x8-10(F)",,10
2026-03-28 18:26:40,"Legs 🐓 ",52m,"Hip Adductor (Machine)",Rest Timer,0,0.0,0,0.0,,,
2026-03-28 18:26:40,"Legs 🐓 ",52m,"Standing Calf Raise (Machine)",F,280.0,7.0,0,0.0,"2x8-10(F), 3 mins",,10
2026-03-28 18:26:40,"Legs 🐓 ",52m,"Standing Calf Raise (Machine)",Rest Timer,0,0.0,0,180.0,,,
2026-03-28 18:26:40,"Legs 🐓 ",52m,"Single-Leg Leg Extension (Machine)",F,110.0,6.0,0,0.0,"2x6-8(F), 3 mins",,10
2026-03-28 18:26:40,"Legs 🐓 ",52m,"Single-Leg Leg Extension (Machine)",Rest Timer,0,0.0,0,180.0,,,
2026-03-29 19:35:47,"Shoulders🪨",1h 15m,"Cable Crunch",F,70.0,10.0,0,0.0,"3x8-10, 3 mins","Shoulders: 3\nCore: 1",10
2026-03-29 19:35:47,"Shoulders🪨",1h 15m,"Cable Crunch",Rest Timer,0,0.0,0,180.0,,,
2026-03-29 19:35:47,"Shoulders🪨",1h 15m,"Cable Crunch",F,75.0,7.0,0,0.0,,,10
2026-03-29 19:35:47,"Shoulders🪨",1h 15m,"Cable Crunch",Rest Timer,0,0.0,0,180.0,,,
2026-03-29 19:35:47,"Shoulders🪨",1h 15m,"Cable Crunch",F,75.0,6.0,0,0.0,,,10
2026-03-29 19:35:47,"Shoulders🪨",1h 15m,"Cable Crunch",Rest Timer,0,0.0,0,0.0,,,
2026-03-29 19:35:47,"Shoulders🪨",1h 15m,"Arsenal Strength Shoulder Press (Machine)",W,18.0,10.0,0,0.0,"2x6-8(F), 3 mins",,
2026-03-29 19:35:47,"Shoulders🪨",1h 15m,"Arsenal Strength Shoulder Press (Machine)",Rest Timer,0,0.0,0,120.0,,,
2026-03-29 19:35:47,"Shoulders🪨",1h 15m,"Arsenal Strength Shoulder Press (Machine)",W,43.0,8.0,0,0.0,,,
2026-03-29 19:35:47,"Shoulders🪨",1h 15m,"Arsenal Strength Shoulder Press (Machine)",Rest Timer,0,0.0,0,120.0,,,
2026-03-29 19:35:47,"Shoulders🪨",1h 15m,"Arsenal Strength Shoulder Press (Machine)",F,108.0,7.0,0,0.0,,,10
2026-03-29 19:35:47,"Shoulders🪨",1h 15m,"Arsenal Strength Shoulder Press (Machine)",Rest Timer,0,0.0,0,180.0,,,
2026-03-29 19:35:47,"Shoulders🪨",1h 15m,"Arsenal Strength Shoulder Press (Machine)",F,108.0,6.0,0,0.0,,,10
2026-03-29 19:35:47,"Shoulders🪨",1h 15m,"Arsenal Strength Shoulder Press (Machine)",Rest Timer,0,0.0,0,180.0,,,
2026-03-29 19:35:47,"Shoulders🪨",1h 15m,"Arsenal Strength Lateral Raise (Machine)",F,80.0,10.0,0,0.0,"2x8-10(F), 3 mins",,10
2026-03-29 19:35:47,"Shoulders🪨",1h 15m,"Arsenal Strength Lateral Raise (Machine)",Rest Timer,0,0.0,0,180.0,,,
2026-03-29 19:35:47,"Shoulders🪨",1h 15m,"Arsenal Strength Lateral Raise (Machine)",F,85.0,7.0,0,0.0,,,10
2026-03-29 19:35:47,"Shoulders🪨",1h 15m,"Arsenal Strength Lateral Raise (Machine)",Rest Timer,0,0.0,0,180.0,,,
2026-03-29 19:35:47,"Shoulders🪨",1h 15m,"Rear Delt Fly (Cable)",F,20.0,11.0,0,0.0,"2x8-10(F), 3 mins",,10
2026-03-29 19:35:47,"Shoulders🪨",1h 15m,"Rear Delt Fly (Cable)",Rest Timer,0,0.0,0,180.0,,,
2026-03-31 16:06:04,"Chest & Biceps🃏",58m,"Single Arm Preacher Curl (Machine)",W,10.0,10.0,0,0.0,"2x6-8(F), 3 mins","Chest: 2\nBiceps: 2",
2026-03-31 16:06:04,"Chest & Biceps🃏",58m,"Single Arm Preacher Curl (Machine)",Rest Timer,0,0.0,0,120.0,,,
2026-03-31 16:06:04,"Chest & Biceps🃏",58m,"Single Arm Preacher Curl (Machine)",F,72.5,7.0,0,0.0,,,10
2026-03-31 16:06:04,"Chest & Biceps🃏",58m,"Single Arm Preacher Curl (Machine)",Rest Timer,0,0.0,0,180.0,,,
2026-03-31 16:06:04,"Chest & Biceps🃏",58m,"Single Arm Preacher Curl (Machine)",F,70.0,6.0,0,0.0,,,10
2026-03-31 16:06:04,"Chest & Biceps🃏",58m,"Single Arm Preacher Curl (Machine)",Rest Timer,0,0.0,0,0.0,,,
2026-03-31 16:06:04,"Chest & Biceps🃏",58m,"Incline Bench Press (Smith Machine)",W,20.0,10.0,0,0.0,"2x6-8(F), 4 mins",,
2026-03-31 16:06:04,"Chest & Biceps🃏",58m,"Incline Bench Press (Smith Machine)",Rest Timer,0,0.0,0,120.0,,,
2026-03-31 16:06:04,"Chest & Biceps🃏",58m,"Incline Bench Press (Smith Machine)",W,70.0,8.0,0,0.0,,,
2026-03-31 16:06:04,"Chest & Biceps🃏",58m,"Incline Bench Press (Smith Machine)",Rest Timer,0,0.0,0,180.0,,,
2026-03-31 16:06:04,"Chest & Biceps🃏",58m,"Incline Bench Press (Smith Machine)",W,110.0,5.0,0,0.0,,,
2026-03-31 16:06:04,"Chest & Biceps🃏",58m,"Incline Bench Press (Smith Machine)",Rest Timer,0,0.0,0,180.0,,,
2026-03-31 16:06:04,"Chest & Biceps🃏",58m,"Incline Bench Press (Smith Machine)",F,165.0,6.0,0,0.0,,,10
2026-03-31 16:06:04,"Chest & Biceps🃏",58m,"Incline Bench Press (Smith Machine)",Rest Timer,0,0.0,0,240.0,,,
2026-03-31 16:06:04,"Chest & Biceps🃏",58m,"Incline Bench Press (Smith Machine)",F,160.0,5.0,0,0.0,,,10
2026-03-31 16:06:04,"Chest & Biceps🃏",58m,"Incline Bench Press (Smith Machine)",Rest Timer,0,0.0,0,0.0,,,
2026-03-31 16:06:04,"Chest & Biceps🃏",58m,"Forearm Curl (Cable)",F,40.0,8.0,0,0.0,"2x6-8(F), 3 mins",,10
2026-03-31 16:06:04,"Chest & Biceps🃏",58m,"Forearm Curl (Cable)",Rest Timer,0,0.0,0,180.0,,,
2026-03-31 16:06:04,"Chest & Biceps🃏",58m,"Forearm Curl (Cable)",F,42.5,6.0,0,0.0,,,10
2026-03-31 16:06:04,"Chest & Biceps🃏",58m,"Forearm Curl (Cable)",Rest Timer,0,0.0,0,0.0,,,
2026-03-31 16:06:04,"Chest & Biceps🃏",58m,"Arsenal Strength Chest Fly (Machine)",F,250.0,9.0,0,0.0,"2x8-10(F), 3 mins",,10
2026-03-31 16:06:04,"Chest & Biceps🃏",58m,"Arsenal Strength Chest Fly (Machine)",Rest Timer,0,0.0,0,180.0,,,
2026-03-31 16:06:04,"Chest & Biceps🃏",58m,"Arsenal Strength Chest Fly (Machine)",F,220.0,9.0,0,0.0,,,10
2026-03-31 16:06:04,"Chest & Biceps🃏",58m,"Arsenal Strength Chest Fly (Machine)",Rest Timer,0,0.0,0,0.0,,,
2026-04-01 20:53:19,"Back & Triceps✝️",1h 22m,"Lat Pulldown - Wide Grip (Cable)",W,100.0,8.0,0,0.0,"2x6-8(F), 4 mins","Back Width: 2\nBack Thickness: 1\nTriceps: 2",
2026-04-01 20:53:19,"Back & Triceps✝️",1h 22m,"Lat Pulldown - Wide Grip (Cable)",Rest Timer,0,0.0,0,180.0,,,
2026-04-01 20:53:19,"Back & Triceps✝️",1h 22m,"Lat Pulldown - Wide Grip (Cable)",F,165.0,6.0,0,0.0,,,10
2026-04-01 20:53:19,"Back & Triceps✝️",1h 22m,"Lat Pulldown - Wide Grip (Cable)",Rest Timer,0,0.0,0,240.0,,,
2026-04-01 20:53:19,"Back & Triceps✝️",1h 22m,"Lat Pulldown - Wide Grip (Cable)",F,150.0,6.0,0,0.0,,,10
2026-04-01 20:53:19,"Back & Triceps✝️",1h 22m,"Lat Pulldown - Wide Grip (Cable)",Rest Timer,0,0.0,0,0.0,,,
2026-04-01 20:53:19,"Back & Triceps✝️",1h 22m,"Single Arm Tricep Extension (Cable)",W,10.0,10.0,0,0.0,"2x6-8(F), 3 mins",,
2026-04-01 20:53:19,"Back & Triceps✝️",1h 22m,"Single Arm Tricep Extension (Cable)",Rest Timer,0,0.0,0,120.0,,,
2026-04-01 20:53:19,"Back & Triceps✝️",1h 22m,"Single Arm Tricep Extension (Cable)",F,35.0,6.0,0,0.0,,,10
2026-04-01 20:53:19,"Back & Triceps✝️",1h 22m,"Single Arm Tricep Extension (Cable)",Rest Timer,0,0.0,0,180.0,,,
2026-04-01 20:53:19,"Back & Triceps✝️",1h 22m,"Single Arm Tricep Extension (Cable)",F,30.0,8.0,0,0.0,,,10
2026-04-01 20:53:19,"Back & Triceps✝️",1h 22m,"Single Arm Tricep Extension (Cable)",Rest Timer,0,0.0,0,0.0,,,
2026-04-01 20:53:19,"Back & Triceps✝️",1h 22m,"Kelso Shrug (Machine)",F,130.0,7.0,0,0.0,"2x6-8(F), 3 mins",,10
2026-04-01 20:53:19,"Back & Triceps✝️",1h 22m,"Kelso Shrug (Machine)",Rest Timer,0,0.0,0,180.0,,,
2026-04-01 20:53:19,"Back & Triceps✝️",1h 22m,"Kelso Shrug (Machine)",F,130.0,6.0,0,0.0,,,10
2026-04-01 20:53:19,"Back & Triceps✝️",1h 22m,"Kelso Shrug (Machine)",Rest Timer,0,0.0,0,0.0,,,
2026-04-01 20:53:19,"Back & Triceps✝️",1h 22m,"Tricep Press (Machine)",F,225.0,6.0,0,0.0,"2x6-8(F), 3 mins",,10
2026-04-01 20:53:19,"Back & Triceps✝️",1h 22m,"Tricep Press (Machine)",Rest Timer,0,0.0,0,180.0,,,
2026-04-01 20:53:19,"Back & Triceps✝️",1h 22m,"Tricep Press (Machine)",F,225.0,7.0,0,0.0,,,10
2026-04-01 20:53:19,"Back & Triceps✝️",1h 22m,"Tricep Press (Machine)",Rest Timer,0,0.0,0,0.0,,,
2026-04-01 20:53:19,"Back & Triceps✝️",1h 22m,"Arsenal Strength Reloaded Iso Multi Row",F,165.0,6.0,0,0.0,"1x6-8(F)",,10
2026-04-01 20:53:19,"Back & Triceps✝️",1h 22m,"Arsenal Strength Reloaded Iso Multi Row",Rest Timer,0,0.0,0,0.0,,,
2026-04-06 14:59:48,"Chest & Biceps🃏",39m,"Single Arm Preacher Curl (Machine)",W,10.0,10.0,0,0.0,"2x6-8(F), 3 mins","Chest: 2\nBiceps: 2",
2026-04-06 14:59:48,"Chest & Biceps🃏",39m,"Single Arm Preacher Curl (Machine)",Rest Timer,0,0.0,0,120.0,,,
2026-04-06 14:59:48,"Chest & Biceps🃏",39m,"Single Arm Preacher Curl (Machine)",F,72.5,8.0,0,0.0,,,10
2026-04-06 14:59:48,"Chest & Biceps🃏",39m,"Single Arm Preacher Curl (Machine)",Rest Timer,0,0.0,0,180.0,,,
2026-04-06 14:59:48,"Chest & Biceps🃏",39m,"Single Arm Preacher Curl (Machine)",F,75.0,5.0,0,0.0,,,10
2026-04-06 14:59:48,"Chest & Biceps🃏",39m,"Single Arm Preacher Curl (Machine)",Rest Timer,0,0.0,0,0.0,,,
2026-04-06 14:59:48,"Chest & Biceps🃏",39m,"Incline Bench Press (Smith Machine)",W,20.0,10.0,0,0.0,"2x6-8(F), 4 mins",,
2026-04-06 14:59:48,"Chest & Biceps🃏",39m,"Incline Bench Press (Smith Machine)",Rest Timer,0,0.0,0,120.0,,,
2026-04-06 14:59:48,"Chest & Biceps🃏",39m,"Incline Bench Press (Smith Machine)",W,70.0,8.0,0,0.0,,,
2026-04-06 14:59:48,"Chest & Biceps🃏",39m,"Incline Bench Press (Smith Machine)",Rest Timer,0,0.0,0,180.0,,,
2026-04-06 14:59:48,"Chest & Biceps🃏",39m,"Incline Bench Press (Smith Machine)",W,110.0,5.0,0,0.0,,,
2026-04-06 14:59:48,"Chest & Biceps🃏",39m,"Incline Bench Press (Smith Machine)",Rest Timer,0,0.0,0,180.0,,,
2026-04-06 14:59:48,"Chest & Biceps🃏",39m,"Incline Bench Press (Smith Machine)",F,165.0,6.0,0,0.0,,,10
2026-04-06 14:59:48,"Chest & Biceps🃏",39m,"Incline Bench Press (Smith Machine)",Rest Timer,0,0.0,0,240.0,,,
2026-04-06 14:59:48,"Chest & Biceps🃏",39m,"Incline Bench Press (Smith Machine)",F,160.0,5.0,0,0.0,,,10
2026-04-06 14:59:48,"Chest & Biceps🃏",39m,"Incline Bench Press (Smith Machine)",Rest Timer,0,0.0,0,0.0,,,
2026-04-06 14:59:48,"Chest & Biceps🃏",39m,"Forearm Curl (Cable)",F,65.0,6.0,0,0.0,"2x6-8(F), 3 mins",,10
2026-04-06 14:59:48,"Chest & Biceps🃏",39m,"Forearm Curl (Cable)",Rest Timer,0,0.0,0,180.0,,,
2026-04-06 14:59:48,"Chest & Biceps🃏",39m,"Arsenal Strength Chest Fly (Machine)",F,250.0,8.0,0,0.0,"2x8-10(F), 3 mins",,10
2026-04-07 13:56:17,"Back & Triceps✝️",59m,"Lat Pulldown - Wide Grip (Cable)",W,100.0,8.0,0,0.0,"2x6-8(F), 4 mins","Back Width: 2\nBack Thickness: 1\nTriceps: 2",
2026-04-07 13:56:17,"Back & Triceps✝️",59m,"Lat Pulldown - Wide Grip (Cable)",Rest Timer,0,0.0,0,180.0,,,
2026-04-07 13:56:17,"Back & Triceps✝️",59m,"Lat Pulldown - Wide Grip (Cable)",F,165.0,8.0,0,0.0,,,10
2026-04-07 13:56:17,"Back & Triceps✝️",59m,"Lat Pulldown - Wide Grip (Cable)",Rest Timer,0,0.0,0,240.0,,,
2026-04-07 13:56:17,"Back & Triceps✝️",59m,"Lat Pulldown - Wide Grip (Cable)",F,170.0,6.0,0,0.0,,,10
2026-04-07 13:56:17,"Back & Triceps✝️",59m,"Lat Pulldown - Wide Grip (Cable)",Rest Timer,0,0.0,0,0.0,,,
2026-04-07 13:56:17,"Back & Triceps✝️",59m,"Single Arm Tricep Extension (Cable)",W,10.0,10.0,0,0.0,"2x6-8(F), 3 mins",,
2026-04-07 13:56:17,"Back & Triceps✝️",59m,"Single Arm Tricep Extension (Cable)",Rest Timer,0,0.0,0,120.0,,,
2026-04-07 13:56:17,"Back & Triceps✝️",59m,"Single Arm Tricep Extension (Cable)",F,35.0,6.0,0,0.0,,,10
2026-04-07 13:56:17,"Back & Triceps✝️",59m,"Single Arm Tricep Extension (Cable)",Rest Timer,0,0.0,0,180.0,,,
2026-04-07 13:56:17,"Back & Triceps✝️",59m,"Single Arm Tricep Extension (Cable)",F,32.5,7.0,0,0.0,,,10
2026-04-07 13:56:17,"Back & Triceps✝️",59m,"Single Arm Tricep Extension (Cable)",Rest Timer,0,0.0,0,0.0,,,
2026-04-07 13:56:17,"Back & Triceps✝️",59m,"Kelso Shrug (Machine)",F,130.0,8.0,0,0.0,"2x6-8(F), 3 mins",,10
2026-04-07 13:56:17,"Back & Triceps✝️",59m,"Kelso Shrug (Machine)",Rest Timer,0,0.0,0,180.0,,,
2026-04-07 13:56:17,"Back & Triceps✝️",59m,"Kelso Shrug (Machine)",F,145.0,6.0,0,0.0,,,10
2026-04-07 13:56:17,"Back & Triceps✝️",59m,"Kelso Shrug (Machine)",Rest Timer,0,0.0,0,0.0,,,
2026-04-07 13:56:17,"Back & Triceps✝️",59m,"Tricep Press (Machine)",F,225.0,8.0,0,0.0,"2x6-8(F), 3 mins",,10
2026-04-07 13:56:17,"Back & Triceps✝️",59m,"Tricep Press (Machine)",Rest Timer,0,0.0,0,180.0,,,
2026-04-07 13:56:17,"Back & Triceps✝️",59m,"Tricep Press (Machine)",F,230.0,5.0,0,0.0,,,10
2026-04-07 13:56:17,"Back & Triceps✝️",59m,"Tricep Press (Machine)",Rest Timer,0,0.0,0,0.0,,,
2026-04-07 13:56:17,"Back & Triceps✝️",59m,"Arsenal Strength Reloaded Iso Multi Row",F,165.0,8.0,0,0.0,"1x6-8(F)",,10
2026-04-07 13:56:17,"Back & Triceps✝️",59m,"Arsenal Strength Reloaded Iso Multi Row",Rest Timer,0,0.0,0,0.0,,,
2026-04-08 15:06:59,"Legs 🐓 ",28m,"Romanian Deadlift (Barbell)",W,95.0,10.0,0,0.0,"1x6-8(F)","Quads: 3\nHamstring: 1\nCalves: 1",
2026-04-08 15:06:59,"Legs 🐓 ",28m,"Romanian Deadlift (Barbell)",Rest Timer,0,0.0,0,180.0,,,
2026-04-08 15:06:59,"Legs 🐓 ",28m,"Romanian Deadlift (Barbell)",W,135.0,6.0,0,0.0,,,
2026-04-08 15:06:59,"Legs 🐓 ",28m,"Romanian Deadlift (Barbell)",Rest Timer,0,0.0,0,180.0,,,
2026-04-08 15:06:59,"Legs 🐓 ",28m,"Romanian Deadlift (Barbell)",F,235.0,6.0,0,0.0,,,10
2026-04-08 15:06:59,"Legs 🐓 ",28m,"Romanian Deadlift (Barbell)",Rest Timer,0,0.0,0,0.0,,,
2026-04-08 15:06:59,"Legs 🐓 ",28m,"Pendulum Squat (Machine)",W,160.0,6.0,0,0.0,"1x6-8(F), 4 mins",,
2026-04-08 15:06:59,"Legs 🐓 ",28m,"Pendulum Squat (Machine)",Rest Timer,0,0.0,0,180.0,,,
2026-04-08 15:06:59,"Legs 🐓 ",28m,"Pendulum Squat (Machine)",F,220.0,7.0,0,0.0,,,10
2026-04-08 15:06:59,"Legs 🐓 ",28m,"Pendulum Squat (Machine)",Rest Timer,0,0.0,0,240.0,,,
2026-04-08 15:06:59,"Legs 🐓 ",28m,"Hip Adductor (Machine)",F,105.0,6.0,0,0.0,"1x8-10(F)",,10
2026-04-08 15:06:59,"Legs 🐓 ",28m,"Hip Adductor (Machine)",Rest Timer,0,0.0,0,0.0,,,
2026-04-09 18:40:01,"Shoulders🪨",39m,"Cable Crunch",F,75.0,8.0,0,0.0,"3x8-10, 3 mins","Shoulders: 3\nCore: 1",10
2026-04-09 18:40:01,"Shoulders🪨",39m,"Cable Crunch",Rest Timer,0,0.0,0,180.0,,,
2026-04-09 18:40:01,"Shoulders🪨",39m,"Cable Crunch",F,75.0,8.0,0,0.0,,,10
2026-04-09 18:40:01,"Shoulders🪨",39m,"Cable Crunch",Rest Timer,0,0.0,0,180.0,,,
2026-04-09 18:40:01,"Shoulders🪨",39m,"Cable Crunch",F,65.0,10.0,0,0.0,,,10
2026-04-09 18:40:01,"Shoulders🪨",39m,"Cable Crunch",Rest Timer,0,0.0,0,0.0,,,
2026-04-09 18:40:01,"Shoulders🪨",39m,"Arsenal Strength Shoulder Press (Machine)",W,18.0,10.0,0,0.0,"2x6-8(F), 3 mins",,
2026-04-09 18:40:01,"Shoulders🪨",39m,"Arsenal Strength Shoulder Press (Machine)",Rest Timer,0,0.0,0,120.0,,,
2026-04-09 18:40:01,"Shoulders🪨",39m,"Arsenal Strength Shoulder Press (Machine)",W,43.0,8.0,0,0.0,,,
2026-04-09 18:40:01,"Shoulders🪨",39m,"Arsenal Strength Shoulder Press (Machine)",Rest Timer,0,0.0,0,120.0,,,
2026-04-09 18:40:01,"Shoulders🪨",39m,"Arsenal Strength Shoulder Press (Machine)",F,108.0,8.0,0,0.0,,,10
2026-04-09 18:40:01,"Shoulders🪨",39m,"Arsenal Strength Shoulder Press (Machine)",Rest Timer,0,0.0,0,180.0,,,
2026-04-09 18:40:01,"Shoulders🪨",39m,"Arsenal Strength Shoulder Press (Machine)",F,113.0,5.0,0,0.0,,,10
2026-04-09 18:40:01,"Shoulders🪨",39m,"Arsenal Strength Shoulder Press (Machine)",Rest Timer,0,0.0,0,180.0,,,
2026-04-09 18:40:01,"Shoulders🪨",39m,"Arsenal Strength Lateral Raise (Machine)",F,85.0,8.0,0,0.0,"2x8-10(F), 3 mins",,10
2026-04-09 18:40:01,"Shoulders🪨",39m,"Arsenal Strength Lateral Raise (Machine)",Rest Timer,0,0.0,0,180.0,,,
2026-04-09 18:40:01,"Shoulders🪨",39m,"Arsenal Strength Lateral Raise (Machine)",F,80.0,8.0,0,0.0,,,10
2026-04-09 18:40:01,"Shoulders🪨",39m,"Arsenal Strength Lateral Raise (Machine)",Rest Timer,0,0.0,0,180.0,,,
2026-04-09 18:40:01,"Shoulders🪨",39m,"Rear Delt Fly (Cable)",F,22.5,7.0,0,0.0,"2x8-10(F), 3 mins",,10
2026-04-09 18:40:01,"Shoulders🪨",39m,"Rear Delt Fly (Cable)",Rest Timer,0,0.0,0,180.0,,,
2026-04-13 20:23:50,"Chest & Biceps🃏",50m,"Single Arm Preacher Curl (Machine)",W,10.0,10.0,0,0.0,"2x6-8(F), 3 mins","Chest: 2\nBiceps: 2",
2026-04-13 20:23:50,"Chest & Biceps🃏",50m,"Single Arm Preacher Curl (Machine)",Rest Timer,0,0.0,0,120.0,,,
2026-04-13 20:23:50,"Chest & Biceps🃏",50m,"Single Arm Preacher Curl (Machine)",F,75.0,7.0,0,0.0,,,10
2026-04-13 20:23:50,"Chest & Biceps🃏",50m,"Single Arm Preacher Curl (Machine)",Rest Timer,0,0.0,0,180.0,,,
2026-04-13 20:23:50,"Chest & Biceps🃏",50m,"Single Arm Preacher Curl (Machine)",F,70.0,6.0,0,0.0,,,10
2026-04-13 20:23:50,"Chest & Biceps🃏",50m,"Single Arm Preacher Curl (Machine)",Rest Timer,0,0.0,0,0.0,,,
2026-04-13 20:23:50,"Chest & Biceps🃏",50m,"Incline Bench Press (Smith Machine)",W,20.0,10.0,0,0.0,"2x6-8(F), 4 mins",,
2026-04-13 20:23:50,"Chest & Biceps🃏",50m,"Incline Bench Press (Smith Machine)",Rest Timer,0,0.0,0,120.0,,,
2026-04-13 20:23:50,"Chest & Biceps🃏",50m,"Incline Bench Press (Smith Machine)",W,110.0,5.0,0,0.0,,,
2026-04-13 20:23:50,"Chest & Biceps🃏",50m,"Incline Bench Press (Smith Machine)",Rest Timer,0,0.0,0,180.0,,,
2026-04-13 20:23:50,"Chest & Biceps🃏",50m,"Incline Bench Press (Smith Machine)",F,165.0,8.0,0,0.0,,,10
2026-04-13 20:23:50,"Chest & Biceps🃏",50m,"Incline Bench Press (Smith Machine)",Rest Timer,0,0.0,0,240.0,,,
2026-04-13 20:23:50,"Chest & Biceps🃏",50m,"Incline Bench Press (Smith Machine)",F,170.0,3.0,0,0.0,,,10
2026-04-13 20:23:50,"Chest & Biceps🃏",50m,"Incline Bench Press (Smith Machine)",Rest Timer,0,0.0,0,0.0,,,
2026-04-13 20:23:50,"Chest & Biceps🃏",50m,"Forearm Curl (Cable)",F,65.0,8.0,0,0.0,"2x6-8(F), 3 mins",,10
2026-04-13 20:23:50,"Chest & Biceps🃏",50m,"Forearm Curl (Cable)",Rest Timer,0,0.0,0,180.0,,,
2026-04-13 20:23:50,"Chest & Biceps🃏",50m,"Forearm Curl (Cable)",F,70.0,6.0,0,0.0,,,10
2026-04-13 20:23:50,"Chest & Biceps🃏",50m,"Forearm Curl (Cable)",Rest Timer,0,0.0,0,0.0,,,
2026-04-13 20:23:50,"Chest & Biceps🃏",50m,"Arsenal Strength Chest Fly (Machine)",F,250.0,9.0,0,0.0,"2x8-10(F), 3 mins",,10
2026-04-13 20:23:50,"Chest & Biceps🃏",50m,"Arsenal Strength Chest Fly (Machine)",Rest Timer,0,0.0,0,180.0,,,
2026-04-13 20:23:50,"Chest & Biceps🃏",50m,"Arsenal Strength Chest Fly (Machine)",F,220.0,6.0,0,0.0,,,10
2026-04-13 20:23:50,"Chest & Biceps🃏",50m,"Arsenal Strength Chest Fly (Machine)",Rest Timer,0,0.0,0,0.0,,,
2026-04-14 14:05:34,"Back & Triceps✝️",43m,"Lat Pulldown - Wide Grip (Cable)",W,100.0,8.0,0,0.0,"2x6-8(F), 4 mins","Back Width: 2\nBack Thickness: 1\nTriceps: 2",
2026-04-14 14:05:34,"Back & Triceps✝️",43m,"Lat Pulldown - Wide Grip (Cable)",Rest Timer,0,0.0,0,180.0,,,
2026-04-14 14:05:34,"Back & Triceps✝️",43m,"Lat Pulldown - Wide Grip (Cable)",F,170.0,6.0,0,0.0,,,10
2026-04-14 14:05:34,"Back & Triceps✝️",43m,"Lat Pulldown - Wide Grip (Cable)",Rest Timer,0,0.0,0,240.0,,,
2026-04-14 14:05:34,"Back & Triceps✝️",43m,"Lat Pulldown - Wide Grip (Cable)",F,150.0,7.0,0,0.0,,,10
2026-04-14 14:05:34,"Back & Triceps✝️",43m,"Lat Pulldown - Wide Grip (Cable)",Rest Timer,0,0.0,0,0.0,,,
2026-04-14 14:05:34,"Back & Triceps✝️",43m,"Single Arm Tricep Extension (Cable)",W,10.0,10.0,0,0.0,"2x6-8(F), 3 mins",,
2026-04-14 14:05:34,"Back & Triceps✝️",43m,"Single Arm Tricep Extension (Cable)",Rest Timer,0,0.0,0,120.0,,,
2026-04-14 14:05:34,"Back & Triceps✝️",43m,"Single Arm Tricep Extension (Cable)",F,35.0,7.0,0,0.0,,,10
2026-04-14 14:05:34,"Back & Triceps✝️",43m,"Single Arm Tricep Extension (Cable)",Rest Timer,0,0.0,0,180.0,,,
2026-04-14 14:05:34,"Back & Triceps✝️",43m,"Single Arm Tricep Extension (Cable)",F,30.0,8.0,0,0.0,,,10
2026-04-14 14:05:34,"Back & Triceps✝️",43m,"Single Arm Tricep Extension (Cable)",Rest Timer,0,0.0,0,0.0,,,
2026-04-14 14:05:34,"Back & Triceps✝️",43m,"Kelso Shrug (Machine)",F,145.0,7.0,0,0.0,"2x6-8(F), 3 mins",,10
2026-04-14 14:05:34,"Back & Triceps✝️",43m,"Kelso Shrug (Machine)",Rest Timer,0,0.0,0,180.0,,,
2026-04-14 14:05:34,"Back & Triceps✝️",43m,"Kelso Shrug (Machine)",F,145.0,6.0,0,0.0,,,10
2026-04-14 14:05:34,"Back & Triceps✝️",43m,"Kelso Shrug (Machine)",Rest Timer,0,0.0,0,0.0,,,
2026-04-14 14:05:34,"Back & Triceps✝️",43m,"Tricep Press (Machine)",F,230.0,6.0,0,0.0,"2x6-8(F), 3 mins",,10
2026-04-14 14:05:34,"Back & Triceps✝️",43m,"Tricep Press (Machine)",Rest Timer,0,0.0,0,180.0,,,
2026-04-14 14:05:34,"Back & Triceps✝️",43m,"Tricep Press (Machine)",F,220.0,6.0,0,0.0,,,10
2026-04-14 14:05:34,"Back & Triceps✝️",43m,"Tricep Press (Machine)",Rest Timer,0,0.0,0,0.0,,,
2026-04-14 14:05:34,"Back & Triceps✝️",43m,"Arsenal Strength Reloaded Iso Multi Row",F,165.0,7.0,0,0.0,"1x6-8(F)",,10
2026-04-14 14:05:34,"Back & Triceps✝️",43m,"Arsenal Strength Reloaded Iso Multi Row",Rest Timer,0,0.0,0,0.0,,,
2026-04-15 17:13:03,"Legs 🐓 ",57m,"Romanian Deadlift (Barbell)",W,95.0,10.0,0,0.0,"1x6-8(F)","Quads: 3\nHamstring: 1\nCalves: 1",
2026-04-15 17:13:03,"Legs 🐓 ",57m,"Romanian Deadlift (Barbell)",Rest Timer,0,0.0,0,180.0,,,
2026-04-15 17:13:03,"Legs 🐓 ",57m,"Romanian Deadlift (Barbell)",W,135.0,6.0,0,0.0,,,
2026-04-15 17:13:03,"Legs 🐓 ",57m,"Romanian Deadlift (Barbell)",Rest Timer,0,0.0,0,180.0,,,
2026-04-15 17:13:03,"Legs 🐓 ",57m,"Romanian Deadlift (Barbell)",F,235.0,7.0,0,0.0,,,10
2026-04-15 17:13:03,"Legs 🐓 ",57m,"Romanian Deadlift (Barbell)",Rest Timer,0,0.0,0,0.0,,,
2026-04-15 17:13:03,"Legs 🐓 ",57m,"Pendulum Squat (Machine)",W,110.0,10.0,0,0.0,"1x6-8(F), 4 mins",,
2026-04-15 17:13:03,"Legs 🐓 ",57m,"Pendulum Squat (Machine)",Rest Timer,0,0.0,0,180.0,,,
2026-04-15 17:13:03,"Legs 🐓 ",57m,"Pendulum Squat (Machine)",W,160.0,6.0,0,0.0,,,
2026-04-15 17:13:03,"Legs 🐓 ",57m,"Pendulum Squat (Machine)",Rest Timer,0,0.0,0,180.0,,,
2026-04-15 17:13:03,"Legs 🐓 ",57m,"Pendulum Squat (Machine)",F,220.0,7.0,0,0.0,,,10
2026-04-15 17:13:03,"Legs 🐓 ",57m,"Pendulum Squat (Machine)",Rest Timer,0,0.0,0,240.0,,,
2026-04-15 17:13:03,"Legs 🐓 ",57m,"Hip Adductor (Machine)",F,105.0,7.0,0,0.0,"1x8-10(F)",,10
2026-04-15 17:13:03,"Legs 🐓 ",57m,"Hip Adductor (Machine)",Rest Timer,0,0.0,0,0.0,,,
2026-04-15 17:13:03,"Legs 🐓 ",57m,"Standing Calf Raise (Machine)",F,280.0,10.0,0,0.0,"2x8-10(F), 3 mins",,10
2026-04-15 17:13:03,"Legs 🐓 ",57m,"Standing Calf Raise (Machine)",Rest Timer,0,0.0,0,180.0,,,
2026-04-15 17:13:03,"Legs 🐓 ",57m,"Standing Calf Raise (Machine)",F,285.0,5.0,0,0.0,,,10
2026-04-15 17:13:03,"Legs 🐓 ",57m,"Standing Calf Raise (Machine)",Rest Timer,0,0.0,0,0.0,,,
2026-04-15 17:13:03,"Legs 🐓 ",57m,"Single-Leg Leg Extension (Machine)",F,110.0,7.0,0,0.0,"2x6-8(F), 3 mins",,10
2026-04-15 17:13:03,"Legs 🐓 ",57m,"Single-Leg Leg Extension (Machine)",Rest Timer,0,0.0,0,180.0,,,
2026-04-15 17:13:03,"Legs 🐓 ",57m,"Single-Leg Leg Extension (Machine)",F,100.0,6.0,0,0.0,,,10
2026-04-15 17:13:03,"Legs 🐓 ",57m,"Single-Leg Leg Extension (Machine)",Rest Timer,0,0.0,0,0.0,,,
2026-04-16 18:00:35,"Shoulders🪨",42m,"Cable Crunch",F,75.0,10.0,0,0.0,"3x8-10, 3 mins","Shoulders: 3\nCore: 1",10
2026-04-16 18:00:35,"Shoulders🪨",42m,"Cable Crunch",Rest Timer,0,0.0,0,180.0,,,
2026-04-16 18:00:35,"Shoulders🪨",42m,"Cable Crunch",F,80.0,7.0,0,0.0,,,10
2026-04-16 18:00:35,"Shoulders🪨",42m,"Cable Crunch",Rest Timer,0,0.0,0,180.0,,,
2026-04-16 18:00:35,"Shoulders🪨",42m,"Cable Crunch",F,80.0,7.0,0,0.0,,,10
2026-04-16 18:00:35,"Shoulders🪨",42m,"Cable Crunch",Rest Timer,0,0.0,0,0.0,,,
2026-04-16 18:00:35,"Shoulders🪨",42m,"Arsenal Strength Shoulder Press (Machine)",W,18.0,10.0,0,0.0,"2x6-8(F), 3 mins",,
2026-04-16 18:00:35,"Shoulders🪨",42m,"Arsenal Strength Shoulder Press (Machine)",Rest Timer,0,0.0,0,120.0,,,
2026-04-16 18:00:35,"Shoulders🪨",42m,"Arsenal Strength Shoulder Press (Machine)",W,43.0,8.0,0,0.0,,,
2026-04-16 18:00:35,"Shoulders🪨",42m,"Arsenal Strength Shoulder Press (Machine)",Rest Timer,0,0.0,0,120.0,,,
2026-04-16 18:00:35,"Shoulders🪨",42m,"Arsenal Strength Shoulder Press (Machine)",F,113.0,5.0,0,0.0,,,10
2026-04-16 18:00:35,"Shoulders🪨",42m,"Arsenal Strength Shoulder Press (Machine)",Rest Timer,0,0.0,0,180.0,,,
2026-04-16 18:00:35,"Shoulders🪨",42m,"Arsenal Strength Shoulder Press (Machine)",F,108.0,6.0,0,0.0,,,10
2026-04-16 18:00:35,"Shoulders🪨",42m,"Arsenal Strength Shoulder Press (Machine)",Rest Timer,0,0.0,0,180.0,,,
2026-04-16 18:00:35,"Shoulders🪨",42m,"Arsenal Strength Lateral Raise (Machine)",F,85.0,8.0,0,0.0,"2x8-10(F), 3 mins",,10
2026-04-16 18:00:35,"Shoulders🪨",42m,"Arsenal Strength Lateral Raise (Machine)",Rest Timer,0,0.0,0,180.0,,,
2026-04-16 18:00:35,"Shoulders🪨",42m,"Arsenal Strength Lateral Raise (Machine)",F,85.0,8.0,0,0.0,,,10
2026-04-16 18:00:35,"Shoulders🪨",42m,"Arsenal Strength Lateral Raise (Machine)",Rest Timer,0,0.0,0,180.0,,,
2026-04-16 18:00:35,"Shoulders🪨",42m,"Rear Delt Fly (Cable)",F,22.5,9.0,0,0.0,"2x8-10(F), 3 mins",,10
2026-04-18 16:08:26,"Chest & Biceps🃏",43m,"Single Arm Preacher Curl (Machine)",W,10.0,10.0,0,0.0,"2x6-8(F), 3 mins","Chest: 2\nBiceps: 2",
2026-04-18 16:08:26,"Chest & Biceps🃏",43m,"Single Arm Preacher Curl (Machine)",Rest Timer,0,0.0,0,120.0,,,
2026-04-18 16:08:26,"Chest & Biceps🃏",43m,"Single Arm Preacher Curl (Machine)",F,75.0,8.0,0,0.0,,,10
2026-04-18 16:08:26,"Chest & Biceps🃏",43m,"Single Arm Preacher Curl (Machine)",Rest Timer,0,0.0,0,180.0,,,
2026-04-18 16:08:26,"Chest & Biceps🃏",43m,"Single Arm Preacher Curl (Machine)",F,77.5,4.0,0,0.0,,,10
2026-04-18 16:08:26,"Chest & Biceps🃏",43m,"Single Arm Preacher Curl (Machine)",Rest Timer,0,0.0,0,0.0,,,
2026-04-18 16:08:26,"Chest & Biceps🃏",43m,"Incline Bench Press (Smith Machine)",W,20.0,10.0,0,0.0,"2x6-8(F), 4 mins",,
2026-04-18 16:08:26,"Chest & Biceps🃏",43m,"Incline Bench Press (Smith Machine)",Rest Timer,0,0.0,0,120.0,,,
2026-04-18 16:08:26,"Chest & Biceps🃏",43m,"Incline Bench Press (Smith Machine)",W,110.0,5.0,0,0.0,,,
2026-04-18 16:08:26,"Chest & Biceps🃏",43m,"Incline Bench Press (Smith Machine)",Rest Timer,0,0.0,0,180.0,,,
2026-04-18 16:08:26,"Chest & Biceps🃏",43m,"Incline Bench Press (Smith Machine)",F,170.0,6.0,0,0.0,,,10
2026-04-18 16:08:26,"Chest & Biceps🃏",43m,"Incline Bench Press (Smith Machine)",Rest Timer,0,0.0,0,240.0,,,
2026-04-18 16:08:26,"Chest & Biceps🃏",43m,"Incline Bench Press (Smith Machine)",F,160.0,6.0,0,0.0,,,10
2026-04-18 16:08:26,"Chest & Biceps🃏",43m,"Incline Bench Press (Smith Machine)",Rest Timer,0,0.0,0,0.0,,,
2026-04-18 16:08:26,"Chest & Biceps🃏",43m,"Forearm Curl (Cable)",F,70.0,9.0,0,0.0,"2x6-8(F), 3 mins",,10
2026-04-18 16:08:26,"Chest & Biceps🃏",43m,"Forearm Curl (Cable)",Rest Timer,0,0.0,0,180.0,,,
2026-04-18 16:08:26,"Chest & Biceps🃏",43m,"Forearm Curl (Cable)",F,75.0,6.0,0,0.0,,,10
2026-04-18 16:08:26,"Chest & Biceps🃏",43m,"Forearm Curl (Cable)",Rest Timer,0,0.0,0,0.0,,,
2026-04-18 16:08:26,"Chest & Biceps🃏",43m,"Arsenal Strength Chest Fly (Machine)",F,250.0,10.0,0,0.0,"2x8-10(F), 3 mins",,10
2026-04-18 16:08:26,"Chest & Biceps🃏",43m,"Arsenal Strength Chest Fly (Machine)",Rest Timer,0,0.0,0,180.0,,,
2026-04-18 16:08:26,"Chest & Biceps🃏",43m,"Arsenal Strength Chest Fly (Machine)",F,260.0,3.0,0,0.0,,,10
2026-04-18 16:08:26,"Chest & Biceps🃏",43m,"Arsenal Strength Chest Fly (Machine)",Rest Timer,0,0.0,0,0.0,,,
2026-04-19 19:36:16,"Back & Triceps✝️",52m,"Lat Pulldown - Wide Grip (Cable)",W,100.0,8.0,0,0.0,"2x6-8(F), 4 mins","Back Width: 2\nBack Thickness: 1\nTriceps: 2",
2026-04-19 19:36:16,"Back & Triceps✝️",52m,"Lat Pulldown - Wide Grip (Cable)",Rest Timer,0,0.0,0,180.0,,,
2026-04-19 19:36:16,"Back & Triceps✝️",52m,"Lat Pulldown - Wide Grip (Cable)",F,170.0,7.0,0,0.0,,,10
2026-04-19 19:36:16,"Back & Triceps✝️",52m,"Lat Pulldown - Wide Grip (Cable)",Rest Timer,0,0.0,0,240.0,,,
2026-04-19 19:36:16,"Back & Triceps✝️",52m,"Lat Pulldown - Wide Grip (Cable)",F,145.0,7.0,0,0.0,,,10
2026-04-19 19:36:16,"Back & Triceps✝️",52m,"Lat Pulldown - Wide Grip (Cable)",Rest Timer,0,0.0,0,0.0,,,
2026-04-19 19:36:16,"Back & Triceps✝️",52m,"Single Arm Tricep Extension (Cable)",W,10.0,10.0,0,0.0,"2x6-8(F), 3 mins",,
2026-04-19 19:36:16,"Back & Triceps✝️",52m,"Single Arm Tricep Extension (Cable)",Rest Timer,0,0.0,0,120.0,,,
2026-04-19 19:36:16,"Back & Triceps✝️",52m,"Single Arm Tricep Extension (Cable)",F,35.0,7.0,0,0.0,,,10
2026-04-19 19:36:16,"Back & Triceps✝️",52m,"Single Arm Tricep Extension (Cable)",Rest Timer,0,0.0,0,180.0,,,
2026-04-19 19:36:16,"Back & Triceps✝️",52m,"Single Arm Tricep Extension (Cable)",F,30.0,9.0,0,0.0,,,10
2026-04-19 19:36:16,"Back & Triceps✝️",52m,"Single Arm Tricep Extension (Cable)",Rest Timer,0,0.0,0,0.0,,,
2026-04-19 19:36:16,"Back & Triceps✝️",52m,"Kelso Shrug (Machine)",F,145.0,9.0,0,0.0,"2x6-8(F), 3 mins",,10
2026-04-19 19:36:16,"Back & Triceps✝️",52m,"Kelso Shrug (Machine)",Rest Timer,0,0.0,0,180.0,,,
2026-04-19 19:36:16,"Back & Triceps✝️",52m,"Kelso Shrug (Machine)",F,160.0,5.0,0,0.0,,,10
2026-04-19 19:36:16,"Back & Triceps✝️",52m,"Kelso Shrug (Machine)",Rest Timer,0,0.0,0,0.0,,,
2026-04-19 19:36:16,"Back & Triceps✝️",52m,"Tricep Press (Machine)",F,230.0,7.0,0,0.0,"2x6-8(F), 3 mins",,10
2026-04-19 19:36:16,"Back & Triceps✝️",52m,"Tricep Press (Machine)",Rest Timer,0,0.0,0,180.0,,,
2026-04-19 19:36:16,"Back & Triceps✝️",52m,"Tricep Press (Machine)",F,220.0,7.0,0,0.0,,,10
2026-04-19 19:36:16,"Back & Triceps✝️",52m,"Tricep Press (Machine)",Rest Timer,0,0.0,0,0.0,,,
2026-04-19 19:36:16,"Back & Triceps✝️",52m,"Arsenal Strength Reloaded Iso Multi Row",F,165.0,8.0,0,0.0,"1x6-8(F)",,10
2026-04-19 19:36:16,"Back & Triceps✝️",52m,"Arsenal Strength Reloaded Iso Multi Row",Rest Timer,0,0.0,0,0.0,,,
2026-04-20 14:45:59,"Legs 🐓 ",58m,"Romanian Deadlift (Barbell)",W,135.0,8.0,0,0.0,"1x6-8(F)","Quads: 3\nHamstring: 1\nCalves: 1",
2026-04-20 14:45:59,"Legs 🐓 ",58m,"Romanian Deadlift (Barbell)",Rest Timer,0,0.0,0,180.0,,,
2026-04-20 14:45:59,"Legs 🐓 ",58m,"Romanian Deadlift (Barbell)",F,235.0,7.0,0,0.0,,,10
2026-04-20 14:45:59,"Legs 🐓 ",58m,"Romanian Deadlift (Barbell)",Rest Timer,0,0.0,0,0.0,,,
2026-04-20 14:45:59,"Legs 🐓 ",58m,"Pendulum Squat (Machine)",W,110.0,10.0,0,0.0,"1x6-8(F), 4 mins",,
2026-04-20 14:45:59,"Legs 🐓 ",58m,"Pendulum Squat (Machine)",Rest Timer,0,0.0,0,180.0,,,
2026-04-20 14:45:59,"Legs 🐓 ",58m,"Pendulum Squat (Machine)",W,160.0,6.0,0,0.0,,,
2026-04-20 14:45:59,"Legs 🐓 ",58m,"Pendulum Squat (Machine)",Rest Timer,0,0.0,0,180.0,,,
2026-04-20 14:45:59,"Legs 🐓 ",58m,"Pendulum Squat (Machine)",F,220.0,6.0,0,0.0,,,10
2026-04-20 14:45:59,"Legs 🐓 ",58m,"Pendulum Squat (Machine)",Rest Timer,0,0.0,0,240.0,,,
2026-04-20 14:45:59,"Legs 🐓 ",58m,"Hip Adductor (Machine)",F,105.0,9.0,0,0.0,"1x8-10(F)",,10
2026-04-20 14:45:59,"Legs 🐓 ",58m,"Hip Adductor (Machine)",Rest Timer,0,0.0,0,0.0,,,
2026-04-20 14:45:59,"Legs 🐓 ",58m,"Standing Calf Raise (Machine)",F,285.0,8.0,0,0.0,"2x8-10(F), 3 mins",,10
2026-04-20 14:45:59,"Legs 🐓 ",58m,"Standing Calf Raise (Machine)",Rest Timer,0,0.0,0,180.0,,,
2026-04-20 14:45:59,"Legs 🐓 ",58m,"Standing Calf Raise (Machine)",F,270.0,7.0,0,0.0,,,10
2026-04-20 14:45:59,"Legs 🐓 ",58m,"Standing Calf Raise (Machine)",Rest Timer,0,0.0,0,0.0,,,
2026-04-20 14:45:59,"Legs 🐓 ",58m,"Single-Leg Leg Extension (Machine)",F,110.0,7.0,0,0.0,"2x6-8(F), 3 mins",,10
2026-04-20 14:45:59,"Legs 🐓 ",58m,"Single-Leg Leg Extension (Machine)",Rest Timer,0,0.0,0,180.0,,,
2026-04-20 14:45:59,"Legs 🐓 ",58m,"Single-Leg Leg Extension (Machine)",F,100.0,7.0,0,0.0,,,10
2026-04-20 14:45:59,"Legs 🐓 ",58m,"Single-Leg Leg Extension (Machine)",Rest Timer,0,0.0,0,0.0,,,
2026-04-21 17:25:28,"Shoulders🪨",57m,"Cable Crunch",F,80.0,10.0,0,0.0,"3x8-10, 3 mins","Shoulders: 3\nCore: 1",10
2026-04-21 17:25:28,"Shoulders🪨",57m,"Cable Crunch",Rest Timer,0,0.0,0,180.0,,,
2026-04-21 17:25:28,"Shoulders🪨",57m,"Cable Crunch",F,85.0,7.0,0,0.0,,,10
2026-04-21 17:25:28,"Shoulders🪨",57m,"Cable Crunch",Rest Timer,0,0.0,0,180.0,,,
2026-04-21 17:25:28,"Shoulders🪨",57m,"Cable Crunch",F,70.0,8.0,0,0.0,,,10
2026-04-21 17:25:28,"Shoulders🪨",57m,"Cable Crunch",Rest Timer,0,0.0,0,0.0,,,
2026-04-21 17:25:28,"Shoulders🪨",57m,"Arsenal Strength Shoulder Press (Machine)",W,18.0,10.0,0,0.0,"2x6-8(F), 3 mins",,
2026-04-21 17:25:28,"Shoulders🪨",57m,"Arsenal Strength Shoulder Press (Machine)",Rest Timer,0,0.0,0,120.0,,,
2026-04-21 17:25:28,"Shoulders🪨",57m,"Arsenal Strength Shoulder Press (Machine)",W,43.0,8.0,0,0.0,,,
2026-04-21 17:25:28,"Shoulders🪨",57m,"Arsenal Strength Shoulder Press (Machine)",Rest Timer,0,0.0,0,120.0,,,
2026-04-21 17:25:28,"Shoulders🪨",57m,"Arsenal Strength Shoulder Press (Machine)",F,113.0,7.0,0,0.0,,,10
2026-04-21 17:25:28,"Shoulders🪨",57m,"Arsenal Strength Shoulder Press (Machine)",Rest Timer,0,0.0,0,180.0,,,
2026-04-21 17:25:28,"Shoulders🪨",57m,"Arsenal Strength Shoulder Press (Machine)",F,108.0,5.0,0,0.0,,,10
2026-04-21 17:25:28,"Shoulders🪨",57m,"Arsenal Strength Shoulder Press (Machine)",Rest Timer,0,0.0,0,180.0,,,
2026-04-21 17:25:28,"Shoulders🪨",57m,"Arsenal Strength Lateral Raise (Machine)",F,85.0,9.0,0,0.0,"2x8-10(F), 3 mins",,10
2026-04-21 17:25:28,"Shoulders🪨",57m,"Arsenal Strength Lateral Raise (Machine)",Rest Timer,0,0.0,0,180.0,,,
2026-04-21 17:25:28,"Shoulders🪨",57m,"Arsenal Strength Lateral Raise (Machine)",F,80.0,7.0,0,0.0,,,10
2026-04-21 17:25:28,"Shoulders🪨",57m,"Arsenal Strength Lateral Raise (Machine)",Rest Timer,0,0.0,0,180.0,,,
2026-04-23 13:48:57,"Chest & Biceps🃏",45m,"Single Arm Preacher Curl (Machine)",W,10.0,10.0,0,0.0,"2x6-8(F), 3 mins","Chest: 2\nBiceps: 2",
2026-04-23 13:48:57,"Chest & Biceps🃏",45m,"Single Arm Preacher Curl (Machine)",Rest Timer,0,0.0,0,120.0,,,
2026-04-23 13:48:57,"Chest & Biceps🃏",45m,"Single Arm Preacher Curl (Machine)",F,77.5,4.0,0,0.0,,,10
2026-04-23 13:48:57,"Chest & Biceps🃏",45m,"Single Arm Preacher Curl (Machine)",Rest Timer,0,0.0,0,180.0,,,
2026-04-23 13:48:57,"Chest & Biceps🃏",45m,"Single Arm Preacher Curl (Machine)",F,70.0,6.0,0,0.0,,,10
2026-04-23 13:48:57,"Chest & Biceps🃏",45m,"Single Arm Preacher Curl (Machine)",Rest Timer,0,0.0,0,0.0,,,
2026-04-23 13:48:57,"Chest & Biceps🃏",45m,"Incline Bench Press (Smith Machine)",W,20.0,10.0,0,0.0,"2x6-8(F), 4 mins",,
2026-04-23 13:48:57,"Chest & Biceps🃏",45m,"Incline Bench Press (Smith Machine)",Rest Timer,0,0.0,0,120.0,,,
2026-04-23 13:48:57,"Chest & Biceps🃏",45m,"Incline Bench Press (Smith Machine)",W,110.0,5.0,0,0.0,,,
2026-04-23 13:48:57,"Chest & Biceps🃏",45m,"Incline Bench Press (Smith Machine)",Rest Timer,0,0.0,0,180.0,,,
2026-04-23 13:48:57,"Chest & Biceps🃏",45m,"Incline Bench Press (Smith Machine)",F,170.0,6.0,0,0.0,,,10
2026-04-23 13:48:57,"Chest & Biceps🃏",45m,"Incline Bench Press (Smith Machine)",Rest Timer,0,0.0,0,240.0,,,
2026-04-23 13:48:57,"Chest & Biceps🃏",45m,"Incline Bench Press (Smith Machine)",F,160.0,6.0,0,0.0,,,10
2026-04-23 13:48:57,"Chest & Biceps🃏",45m,"Incline Bench Press (Smith Machine)",Rest Timer,0,0.0,0,0.0,,,
2026-04-23 13:48:57,"Chest & Biceps🃏",45m,"Hammer Curl (Dumbbell)",F,45.0,4.0,0,0.0,"2x6-8(F), 3 mins",,10
2026-04-23 13:48:57,"Chest & Biceps🃏",45m,"Hammer Curl (Dumbbell)",Rest Timer,0,0.0,0,180.0,,,
2026-04-23 13:48:57,"Chest & Biceps🃏",45m,"Hammer Curl (Dumbbell)",F,35.0,8.0,0,0.0,,,10
2026-04-23 13:48:57,"Chest & Biceps🃏",45m,"Hammer Curl (Dumbbell)",Rest Timer,0,0.0,0,0.0,,,
2026-04-23 13:48:57,"Chest & Biceps🃏",45m,"Arsenal Strength Chest Fly (Machine)",F,260.0,7.0,0,0.0,"2x8-10(F), 3 mins",,10
2026-04-23 13:48:57,"Chest & Biceps🃏",45m,"Arsenal Strength Chest Fly (Machine)",Rest Timer,0,0.0,0,180.0,,,
2026-04-23 13:48:57,"Chest & Biceps🃏",45m,"Arsenal Strength Chest Fly (Machine)",F,220.0,7.0,0,0.0,,,10
2026-04-23 13:48:57,"Chest & Biceps🃏",45m,"Arsenal Strength Chest Fly (Machine)",Rest Timer,0,0.0,0,0.0,,,
2026-04-24 12:55:41,"Back & Triceps✝️",47m,"Kelso Shrug (Machine)",F,160.0,9.0,0,0.0,"2x6-8(F), 3 mins","Back Width: 2\nBack Thickness: 1\nTriceps: 2",10
2026-04-24 12:55:41,"Back & Triceps✝️",47m,"Kelso Shrug (Machine)",Rest Timer,0,0.0,0,180.0,,,
2026-04-24 12:55:41,"Back & Triceps✝️",47m,"Kelso Shrug (Machine)",F,165.0,8.0,0,0.0,,,10
2026-04-24 12:55:41,"Back & Triceps✝️",47m,"Kelso Shrug (Machine)",Rest Timer,0,0.0,0,0.0,,,
2026-04-24 12:55:41,"Back & Triceps✝️",47m,"Single Arm Tricep Extension (Cable)",W,10.0,10.0,0,0.0,"2x6-8(F), 3 mins",,
2026-04-24 12:55:41,"Back & Triceps✝️",47m,"Single Arm Tricep Extension (Cable)",Rest Timer,0,0.0,0,120.0,,,
2026-04-24 12:55:41,"Back & Triceps✝️",47m,"Single Arm Tricep Extension (Cable)",F,35.0,7.0,0,0.0,,,10
2026-04-24 12:55:41,"Back & Triceps✝️",47m,"Single Arm Tricep Extension (Cable)",Rest Timer,0,0.0,0,180.0,,,
2026-04-24 12:55:41,"Back & Triceps✝️",47m,"Single Arm Tricep Extension (Cable)",F,32.5,7.0,0,0.0,,,10
2026-04-24 12:55:41,"Back & Triceps✝️",47m,"Single Arm Tricep Extension (Cable)",Rest Timer,0,0.0,0,0.0,,,
2026-04-24 12:55:41,"Back & Triceps✝️",47m,"Lat Pulldown - Wide Grip (Cable)",W,100.0,8.0,0,0.0,"2x6-8(F), 4 mins",,
2026-04-24 12:55:41,"Back & Triceps✝️",47m,"Lat Pulldown - Wide Grip (Cable)",Rest Timer,0,0.0,0,180.0,,,
2026-04-24 12:55:41,"Back & Triceps✝️",47m,"Lat Pulldown - Wide Grip (Cable)",F,170.0,7.0,0,0.0,,,10
2026-04-24 12:55:41,"Back & Triceps✝️",47m,"Lat Pulldown - Wide Grip (Cable)",Rest Timer,0,0.0,0,240.0,,,
2026-04-24 12:55:41,"Back & Triceps✝️",47m,"Lat Pulldown - Wide Grip (Cable)",F,150.0,7.0,0,0.0,,,10
2026-04-24 12:55:41,"Back & Triceps✝️",47m,"Lat Pulldown - Wide Grip (Cable)",Rest Timer,0,0.0,0,0.0,,,
2026-04-24 12:55:41,"Back & Triceps✝️",47m,"Tricep Press (Machine)",F,230.0,9.0,0,0.0,"2x6-8(F), 3 mins",,10
2026-04-24 12:55:41,"Back & Triceps✝️",47m,"Tricep Press (Machine)",Rest Timer,0,0.0,0,180.0,,,
2026-04-24 12:55:41,"Back & Triceps✝️",47m,"Tricep Press (Machine)",F,235.0,5.0,0,0.0,,,10
2026-04-24 12:55:41,"Back & Triceps✝️",47m,"Tricep Press (Machine)",Rest Timer,0,0.0,0,0.0,,,
2026-04-24 12:55:41,"Back & Triceps✝️",47m,"Arsenal Strength Reloaded Iso Multi Row",F,170.0,6.0,0,0.0,"1x6-8(F)",,10
2026-04-24 12:55:41,"Back & Triceps✝️",47m,"Arsenal Strength Reloaded Iso Multi Row",Rest Timer,0,0.0,0,0.0,,,
2026-04-27 18:41:02,"Chest & Biceps🃏",44m,"Single Arm Preacher Curl (Machine)",W,10.0,10.0,0,0.0,"2x6-8(F), 3 mins","Chest: 2\nBiceps: 2",
2026-04-27 18:41:02,"Chest & Biceps🃏",44m,"Single Arm Preacher Curl (Machine)",Rest Timer,0,0.0,0,120.0,,,
2026-04-27 18:41:02,"Chest & Biceps🃏",44m,"Single Arm Preacher Curl (Machine)",F,77.5,6.0,0,0.0,,,10
2026-04-27 18:41:02,"Chest & Biceps🃏",44m,"Single Arm Preacher Curl (Machine)",Rest Timer,0,0.0,0,180.0,,,
2026-04-27 18:41:02,"Chest & Biceps🃏",44m,"Single Arm Preacher Curl (Machine)",F,70.0,6.0,0,0.0,,,10
2026-04-27 18:41:02,"Chest & Biceps🃏",44m,"Single Arm Preacher Curl (Machine)",Rest Timer,0,0.0,0,0.0,,,
2026-04-27 18:41:02,"Chest & Biceps🃏",44m,"Incline Bench Press (Smith Machine)",W,20.0,10.0,0,0.0,"2x6-8(F), 4 mins",,
2026-04-27 18:41:02,"Chest & Biceps🃏",44m,"Incline Bench Press (Smith Machine)",Rest Timer,0,0.0,0,120.0,,,
2026-04-27 18:41:02,"Chest & Biceps🃏",44m,"Incline Bench Press (Smith Machine)",W,110.0,5.0,0,0.0,,,
2026-04-27 18:41:02,"Chest & Biceps🃏",44m,"Incline Bench Press (Smith Machine)",Rest Timer,0,0.0,0,180.0,,,
2026-04-27 18:41:02,"Chest & Biceps🃏",44m,"Incline Bench Press (Smith Machine)",F,170.0,4.0,0,0.0,,,10
2026-04-27 18:41:02,"Chest & Biceps🃏",44m,"Incline Bench Press (Smith Machine)",Rest Timer,0,0.0,0,240.0,,,
2026-04-27 18:41:02,"Chest & Biceps🃏",44m,"Incline Bench Press (Smith Machine)",F,160.0,8.0,0,0.0,,,10
2026-04-27 18:41:02,"Chest & Biceps🃏",44m,"Incline Bench Press (Smith Machine)",Rest Timer,0,0.0,0,0.0,,,
2026-04-27 18:41:02,"Chest & Biceps🃏",44m,"Forearm Curl (Cable)",F,75.0,8.0,0,0.0,"2x6-8(F), 3 mins",,10
2026-04-27 18:41:02,"Chest & Biceps🃏",44m,"Forearm Curl (Cable)",Rest Timer,0,0.0,0,180.0,,,
2026-04-27 18:41:02,"Chest & Biceps🃏",44m,"Forearm Curl (Cable)",F,80.0,8.0,0,0.0,,,10
2026-04-27 18:41:02,"Chest & Biceps🃏",44m,"Forearm Curl (Cable)",Rest Timer,0,0.0,0,0.0,,,
2026-04-28 20:28:59,"Back & Triceps✝️",48m,"Lat Pulldown - Wide Grip (Cable)",W,100.0,8.0,0,0.0,"2x6-8(F), 4 mins","Back Width: 2\nBack Thickness: 1\nTriceps: 2",
2026-04-28 20:28:59,"Back & Triceps✝️",48m,"Lat Pulldown - Wide Grip (Cable)",Rest Timer,0,0.0,0,180.0,,,
2026-04-28 20:28:59,"Back & Triceps✝️",48m,"Lat Pulldown - Wide Grip (Cable)",F,170.0,8.0,0,0.0,,,10
2026-04-28 20:28:59,"Back & Triceps✝️",48m,"Lat Pulldown - Wide Grip (Cable)",Rest Timer,0,0.0,0,240.0,,,
2026-04-28 20:28:59,"Back & Triceps✝️",48m,"Lat Pulldown - Wide Grip (Cable)",F,175.0,5.0,0,0.0,,,10
2026-04-28 20:28:59,"Back & Triceps✝️",48m,"Lat Pulldown - Wide Grip (Cable)",Rest Timer,0,0.0,0,0.0,,,
2026-04-28 20:28:59,"Back & Triceps✝️",48m,"Single Arm Tricep Extension (Cable)",W,10.0,10.0,0,0.0,"2x6-8(F), 3 mins",,
2026-04-28 20:28:59,"Back & Triceps✝️",48m,"Single Arm Tricep Extension (Cable)",Rest Timer,0,0.0,0,120.0,,,
2026-04-28 20:28:59,"Back & Triceps✝️",48m,"Single Arm Tricep Extension (Cable)",F,35.0,9.0,0,0.0,,,10
2026-04-28 20:28:59,"Back & Triceps✝️",48m,"Single Arm Tricep Extension (Cable)",Rest Timer,0,0.0,0,180.0,,,
2026-04-28 20:28:59,"Back & Triceps✝️",48m,"Single Arm Tricep Extension (Cable)",F,37.5,4.0,0,0.0,,,10
2026-04-28 20:28:59,"Back & Triceps✝️",48m,"Single Arm Tricep Extension (Cable)",Rest Timer,0,0.0,0,0.0,,,
2026-04-28 20:28:59,"Back & Triceps✝️",48m,"Kelso Shrug (Machine)",F,175.0,9.0,0,0.0,"2x6-8(F), 3 mins",,10
2026-04-28 20:28:59,"Back & Triceps✝️",48m,"Kelso Shrug (Machine)",Rest Timer,0,0.0,0,180.0,,,
2026-04-28 20:28:59,"Back & Triceps✝️",48m,"Kelso Shrug (Machine)",F,180.0,7.0,0,0.0,,,10
2026-04-28 20:28:59,"Back & Triceps✝️",48m,"Kelso Shrug (Machine)",Rest Timer,0,0.0,0,0.0,,,
2026-04-28 20:28:59,"Back & Triceps✝️",48m,"Tricep Press (Machine)",F,235.0,8.0,0,0.0,"2x6-8(F), 3 mins",,10
2026-04-28 20:28:59,"Back & Triceps✝️",48m,"Tricep Press (Machine)",Rest Timer,0,0.0,0,180.0,,,
2026-04-28 20:28:59,"Back & Triceps✝️",48m,"Tricep Press (Machine)",F,240.0,3.0,0,0.0,,,10
2026-04-28 20:28:59,"Back & Triceps✝️",48m,"Tricep Press (Machine)",Rest Timer,0,0.0,0,0.0,,,
2026-04-28 20:28:59,"Back & Triceps✝️",48m,"Arsenal Strength Reloaded Iso Multi Row",F,170.0,8.0,0,0.0,"1x6-8(F)",,10
2026-04-28 20:28:59,"Back & Triceps✝️",48m,"Arsenal Strength Reloaded Iso Multi Row",Rest Timer,0,0.0,0,0.0,,,
2026-04-30 18:18:48,"Legs 🐓 ",43m,"Romanian Deadlift (Barbell)",W,135.0,8.0,0,0.0,"1x6-8(F)","Quads: 3\nHamstring: 1\nCalves: 1",
2026-04-30 18:18:48,"Legs 🐓 ",43m,"Romanian Deadlift (Barbell)",Rest Timer,0,0.0,0,180.0,,,
2026-04-30 18:18:48,"Legs 🐓 ",43m,"Romanian Deadlift (Barbell)",F,235.0,8.0,0,0.0,,,10
2026-04-30 18:18:48,"Legs 🐓 ",43m,"Romanian Deadlift (Barbell)",Rest Timer,0,0.0,0,0.0,,,
2026-04-30 18:18:48,"Legs 🐓 ",43m,"Hip Adductor (Machine)",F,105.0,10.0,0,0.0,"1x8-10(F)",,10
2026-04-30 18:18:48,"Legs 🐓 ",43m,"Hip Adductor (Machine)",Rest Timer,0,0.0,0,0.0,,,
2026-04-30 18:18:48,"Legs 🐓 ",43m,"Pendulum Squat (Machine)",W,110.0,10.0,0,0.0,"1x6-8(F), 4 mins",,
2026-04-30 18:18:48,"Legs 🐓 ",43m,"Pendulum Squat (Machine)",Rest Timer,0,0.0,0,180.0,,,
2026-04-30 18:18:48,"Legs 🐓 ",43m,"Pendulum Squat (Machine)",F,220.0,8.0,0,0.0,,,10
2026-04-30 18:18:48,"Legs 🐓 ",43m,"Standing Calf Raise (Machine)",F,285.0,8.0,0,0.0,"2x8-10(F), 3 mins",,10
2026-04-30 18:18:48,"Legs 🐓 ",43m,"Standing Calf Raise (Machine)",Rest Timer,0,0.0,0,180.0,,,
2026-04-30 18:18:48,"Legs 🐓 ",43m,"Single-Leg Leg Extension (Machine)",F,110.0,8.0,0,0.0,"2x6-8(F), 3 mins",,10
2026-04-30 18:18:48,"Legs 🐓 ",43m,"Single-Leg Leg Extension (Machine)",Rest Timer,0,0.0,0,180.0,,,
2026-04-30 18:18:48,"Legs 🐓 ",43m,"Single-Leg Leg Extension (Machine)",F,115.0,2.0,0,0.0,,,10
2026-04-30 18:18:48,"Legs 🐓 ",43m,"Single-Leg Leg Extension (Machine)",Rest Timer,0,0.0,0,0.0,,,
2026-05-01 17:51:57,"Shoulders🪨",44m,"Arsenal Strength Shoulder Press (Machine)",W,18.0,10.0,0,0.0,"2x6-8(F), 3 mins","Shoulders: 3\nCore: 1",
2026-05-01 17:51:57,"Shoulders🪨",44m,"Arsenal Strength Shoulder Press (Machine)",Rest Timer,0,0.0,0,120.0,,,
2026-05-01 17:51:57,"Shoulders🪨",44m,"Arsenal Strength Shoulder Press (Machine)",W,43.0,8.0,0,0.0,,,
2026-05-01 17:51:57,"Shoulders🪨",44m,"Arsenal Strength Shoulder Press (Machine)",Rest Timer,0,0.0,0,120.0,,,
2026-05-01 17:51:57,"Shoulders🪨",44m,"Arsenal Strength Shoulder Press (Machine)",F,113.0,7.0,0,0.0,,,10
2026-05-01 17:51:57,"Shoulders🪨",44m,"Arsenal Strength Shoulder Press (Machine)",Rest Timer,0,0.0,0,180.0,,,
2026-05-01 17:51:57,"Shoulders🪨",44m,"Arsenal Strength Shoulder Press (Machine)",F,108.0,6.0,0,0.0,,,10
2026-05-01 17:51:57,"Shoulders🪨",44m,"Cable Crunch",F,85.0,8.0,0,0.0,"3x8-10, 3 mins",,10
2026-05-01 17:51:57,"Shoulders🪨",44m,"Cable Crunch",Rest Timer,0,0.0,0,180.0,,,
2026-05-01 17:51:57,"Shoulders🪨",44m,"Cable Crunch",F,80.0,8.0,0,0.0,,,10
2026-05-01 17:51:57,"Shoulders🪨",44m,"Cable Crunch",Rest Timer,0,0.0,0,180.0,,,
2026-05-01 17:51:57,"Shoulders🪨",44m,"Cable Crunch",F,80.0,6.0,0,0.0,,,10
2026-05-01 17:51:57,"Shoulders🪨",44m,"Cable Crunch",Rest Timer,0,0.0,0,0.0,,,
2026-05-01 17:51:57,"Shoulders🪨",44m,"Arsenal Strength Lateral Raise (Machine)",F,85.0,9.0,0,0.0,"2x8-10(F), 3 mins",,10
2026-05-01 17:51:57,"Shoulders🪨",44m,"Arsenal Strength Lateral Raise (Machine)",Rest Timer,0,0.0,0,180.0,,,
2026-05-01 17:51:57,"Shoulders🪨",44m,"Arsenal Strength Lateral Raise (Machine)",F,80.0,7.0,0,0.0,,,10
2026-05-01 17:51:57,"Shoulders🪨",44m,"Arsenal Strength Lateral Raise (Machine)",Rest Timer,0,0.0,0,180.0,,,
2026-05-01 17:51:57,"Shoulders🪨",44m,"Rear Delt Fly (Cable)",F,22.5,10.0,0,0.0,"1x8-10(F)",,10
2026-05-03 19:49:13,"Chest & Biceps🃏",1h 30m,"Single Arm Preacher Curl (Machine)",W,10.0,10.0,0,0.0,"2x6-8(F), 3 mins","Chest: 2\nBiceps: 2",
2026-05-03 19:49:13,"Chest & Biceps🃏",1h 30m,"Single Arm Preacher Curl (Machine)",Rest Timer,0,0.0,0,120.0,,,
2026-05-03 19:49:13,"Chest & Biceps🃏",1h 30m,"Single Arm Preacher Curl (Machine)",F,77.5,6.0,0,0.0,,,10
2026-05-03 19:49:13,"Chest & Biceps🃏",1h 30m,"Single Arm Preacher Curl (Machine)",Rest Timer,0,0.0,0,180.0,,,
2026-05-03 19:49:13,"Chest & Biceps🃏",1h 30m,"Single Arm Preacher Curl (Machine)",F,70.0,7.0,0,0.0,,,10
2026-05-03 19:49:13,"Chest & Biceps🃏",1h 30m,"Single Arm Preacher Curl (Machine)",Rest Timer,0,0.0,0,0.0,,,
2026-05-03 19:49:13,"Chest & Biceps🃏",1h 30m,"Incline Bench Press (Smith Machine)",W,20.0,10.0,0,0.0,"2x6-8(F), 4 mins",,
2026-05-03 19:49:13,"Chest & Biceps🃏",1h 30m,"Incline Bench Press (Smith Machine)",Rest Timer,0,0.0,0,120.0,,,
2026-05-03 19:49:13,"Chest & Biceps🃏",1h 30m,"Incline Bench Press (Smith Machine)",W,110.0,5.0,0,0.0,,,
2026-05-03 19:49:13,"Chest & Biceps🃏",1h 30m,"Incline Bench Press (Smith Machine)",Rest Timer,0,0.0,0,180.0,,,
2026-05-03 19:49:13,"Chest & Biceps🃏",1h 30m,"Incline Bench Press (Smith Machine)",F,170.0,5.0,0,0.0,,,10
2026-05-03 19:49:13,"Chest & Biceps🃏",1h 30m,"Incline Bench Press (Smith Machine)",Rest Timer,0,0.0,0,240.0,,,
2026-05-03 19:49:13,"Chest & Biceps🃏",1h 30m,"Incline Bench Press (Smith Machine)",F,160.0,6.0,0,0.0,,,10
2026-05-03 19:49:13,"Chest & Biceps🃏",1h 30m,"Incline Bench Press (Smith Machine)",Rest Timer,0,0.0,0,0.0,,,
2026-05-03 19:49:13,"Chest & Biceps🃏",1h 30m,"Forearm Curl (Cable)",F,85.0,7.0,0,0.0,"2x6-8(F), 3 mins",,10
2026-05-03 19:49:13,"Chest & Biceps🃏",1h 30m,"Forearm Curl (Cable)",Rest Timer,0,0.0,0,180.0,,,
2026-05-03 19:49:13,"Chest & Biceps🃏",1h 30m,"Forearm Curl (Cable)",F,80.0,9.0,0,0.0,,,10
2026-05-03 19:49:13,"Chest & Biceps🃏",1h 30m,"Forearm Curl (Cable)",Rest Timer,0,0.0,0,0.0,,,
2026-05-03 19:49:13,"Chest & Biceps🃏",1h 30m,"Arsenal Strength Chest Fly (Machine)",F,260.0,8.0,0,0.0,"2x8-10(F), 3 mins",,10
2026-05-03 19:49:13,"Chest & Biceps🃏",1h 30m,"Arsenal Strength Chest Fly (Machine)",Rest Timer,0,0.0,0,180.0,,,
2026-05-03 19:49:13,"Chest & Biceps🃏",1h 30m,"Arsenal Strength Chest Fly (Machine)",F,220.0,10.0,0,0.0,,,10
2026-05-03 19:49:13,"Chest & Biceps🃏",1h 30m,"Arsenal Strength Chest Fly (Machine)",Rest Timer,0,0.0,0,0.0,,,
2026-05-04 20:10:07,"Back & Triceps✝️",54m,"Lat Pulldown - Wide Grip (Cable)",W,100.0,8.0,0,0.0,"2x6-8(F), 4 mins","Back Width: 2\nBack Thickness: 1\nTriceps: 2",
2026-05-04 20:10:07,"Back & Triceps✝️",54m,"Lat Pulldown - Wide Grip (Cable)",Rest Timer,0,0.0,0,180.0,,,
2026-05-04 20:10:07,"Back & Triceps✝️",54m,"Lat Pulldown - Wide Grip (Cable)",F,175.0,7.0,0,0.0,,,10
2026-05-04 20:10:07,"Back & Triceps✝️",54m,"Lat Pulldown - Wide Grip (Cable)",Rest Timer,0,0.0,0,240.0,,,
2026-05-04 20:10:07,"Back & Triceps✝️",54m,"Lat Pulldown - Wide Grip (Cable)",F,160.0,7.0,0,0.0,,,10
2026-05-04 20:10:07,"Back & Triceps✝️",54m,"Lat Pulldown - Wide Grip (Cable)",Rest Timer,0,0.0,0,0.0,,,
2026-05-04 20:10:07,"Back & Triceps✝️",54m,"Kelso Shrug (Machine)",F,180.0,10.0,0,0.0,"2x6-8(F), 3 mins",,10
2026-05-04 20:10:07,"Back & Triceps✝️",54m,"Kelso Shrug (Machine)",Rest Timer,0,0.0,0,180.0,,,
2026-05-04 20:10:07,"Back & Triceps✝️",54m,"Kelso Shrug (Machine)",F,185.0,7.0,0,0.0,,,10
2026-05-04 20:10:07,"Back & Triceps✝️",54m,"Kelso Shrug (Machine)",Rest Timer,0,0.0,0,0.0,,,
2026-05-04 20:10:07,"Back & Triceps✝️",54m,"Single Arm Tricep Extension (Cable)",W,10.0,10.0,0,0.0,"2x6-8(F), 3 mins",,
2026-05-04 20:10:07,"Back & Triceps✝️",54m,"Single Arm Tricep Extension (Cable)",Rest Timer,0,0.0,0,120.0,,,
2026-05-04 20:10:07,"Back & Triceps✝️",54m,"Single Arm Tricep Extension (Cable)",F,37.5,6.0,0,0.0,,,10
2026-05-04 20:10:07,"Back & Triceps✝️",54m,"Single Arm Tricep Extension (Cable)",Rest Timer,0,0.0,0,180.0,,,
2026-05-04 20:10:07,"Back & Triceps✝️",54m,"Single Arm Tricep Extension (Cable)",F,32.5,7.0,0,0.0,,,10
2026-05-04 20:10:07,"Back & Triceps✝️",54m,"Single Arm Tricep Extension (Cable)",Rest Timer,0,0.0,0,0.0,,,
2026-05-04 20:10:07,"Back & Triceps✝️",54m,"Tricep Press (Machine)",F,240.0,6.0,0,0.0,"2x6-8(F), 3 mins",,10
2026-05-04 20:10:07,"Back & Triceps✝️",54m,"Tricep Press (Machine)",Rest Timer,0,0.0,0,180.0,,,
2026-05-04 20:10:07,"Back & Triceps✝️",54m,"Tricep Press (Machine)",F,220.0,7.0,0,0.0,,,10
2026-05-04 20:10:07,"Back & Triceps✝️",54m,"Tricep Press (Machine)",Rest Timer,0,0.0,0,0.0,,,
2026-05-04 20:10:07,"Back & Triceps✝️",54m,"Arsenal Strength Reloaded Iso Multi Row",F,175.0,7.0,0,0.0,"1x6-8(F)",,10
2026-05-04 20:10:07,"Back & Triceps✝️",54m,"Arsenal Strength Reloaded Iso Multi Row",Rest Timer,0,0.0,0,0.0,,,
2026-05-05 16:18:11,"Legs 🐓 ",47m,"Romanian Deadlift (Barbell)",W,135.0,8.0,0,0.0,"1x6-8(F)","Quads: 3\nHamstring: 1\nCalves: 1",
2026-05-05 16:18:11,"Legs 🐓 ",47m,"Romanian Deadlift (Barbell)",Rest Timer,0,0.0,0,180.0,,,
2026-05-05 16:18:11,"Legs 🐓 ",47m,"Romanian Deadlift (Barbell)",F,245.0,6.0,0,0.0,,,10
2026-05-05 16:18:11,"Legs 🐓 ",47m,"Romanian Deadlift (Barbell)",Rest Timer,0,0.0,0,0.0,,,
2026-05-05 16:18:11,"Legs 🐓 ",47m,"Pendulum Squat (Machine)",W,110.0,10.0,0,0.0,"1x6-8(F), 4 mins",,
2026-05-05 16:18:11,"Legs 🐓 ",47m,"Pendulum Squat (Machine)",Rest Timer,0,0.0,0,180.0,,,
2026-05-05 16:18:11,"Legs 🐓 ",47m,"Pendulum Squat (Machine)",F,225.0,6.0,0,0.0,,,10
2026-05-05 16:18:11,"Legs 🐓 ",47m,"Pendulum Squat (Machine)",Rest Timer,0,0.0,0,240.0,,,
2026-05-05 16:18:11,"Legs 🐓 ",47m,"Hip Adductor (Machine)",F,110.0,7.0,0,0.0,"1x8-10(F)",,10
2026-05-05 16:18:11,"Legs 🐓 ",47m,"Hip Adductor (Machine)",Rest Timer,0,0.0,0,0.0,,,
2026-05-05 16:18:11,"Legs 🐓 ",47m,"Standing Calf Raise (Machine)",F,285.0,9.0,0,0.0,"2x8-10(F), 3 mins",,10
2026-05-05 16:18:11,"Legs 🐓 ",47m,"Standing Calf Raise (Machine)",Rest Timer,0,0.0,0,180.0,,,
2026-05-05 16:18:11,"Legs 🐓 ",47m,"Standing Calf Raise (Machine)",F,280.0,7.0,0,0.0,,,10
2026-05-05 16:18:11,"Legs 🐓 ",47m,"Standing Calf Raise (Machine)",Rest Timer,0,0.0,0,0.0,,,
2026-05-05 16:18:11,"Legs 🐓 ",47m,"Single-Leg Leg Extension (Machine)",F,115.0,8.0,0,0.0,"2x6-8(F), 3 mins",,10
2026-05-05 16:18:11,"Legs 🐓 ",47m,"Single-Leg Leg Extension (Machine)",Rest Timer,0,0.0,0,180.0,,,
2026-05-05 16:18:11,"Legs 🐓 ",47m,"Single-Leg Leg Extension (Machine)",F,120.0,3.0,0,0.0,,,10
2026-05-05 16:18:11,"Legs 🐓 ",47m,"Single-Leg Leg Extension (Machine)",Rest Timer,0,0.0,0,0.0,,,
2026-05-06 20:52:11,"Shoulders🪨",38m,"Cable Crunch",F,85.0,8.0,0,0.0,"3x8-10, 3 mins","Shoulders: 3\nCore: 1",10
2026-05-06 20:52:11,"Shoulders🪨",38m,"Cable Crunch",Rest Timer,0,0.0,0,180.0,,,
2026-05-06 20:52:11,"Shoulders🪨",38m,"Cable Crunch",F,80.0,8.0,0,0.0,,,10
2026-05-06 20:52:11,"Shoulders🪨",38m,"Cable Crunch",Rest Timer,0,0.0,0,180.0,,,
2026-05-06 20:52:11,"Shoulders🪨",38m,"Cable Crunch",F,75.0,8.0,0,0.0,,,10
2026-05-06 20:52:11,"Shoulders🪨",38m,"Cable Crunch",Rest Timer,0,0.0,0,0.0,,,
2026-05-06 20:52:11,"Shoulders🪨",38m,"Arsenal Strength Shoulder Press (Machine)",W,18.0,10.0,0,0.0,"2x6-8(F), 3 mins",,
2026-05-06 20:52:11,"Shoulders🪨",38m,"Arsenal Strength Shoulder Press (Machine)",Rest Timer,0,0.0,0,120.0,,,
2026-05-06 20:52:11,"Shoulders🪨",38m,"Arsenal Strength Shoulder Press (Machine)",W,43.0,8.0,0,0.0,,,
2026-05-06 20:52:11,"Shoulders🪨",38m,"Arsenal Strength Shoulder Press (Machine)",Rest Timer,0,0.0,0,120.0,,,
2026-05-06 20:52:11,"Shoulders🪨",38m,"Arsenal Strength Shoulder Press (Machine)",F,113.0,8.0,0,0.0,,,10
2026-05-06 20:52:11,"Shoulders🪨",38m,"Arsenal Strength Shoulder Press (Machine)",Rest Timer,0,0.0,0,180.0,,,
2026-05-06 20:52:11,"Shoulders🪨",38m,"Arsenal Strength Shoulder Press (Machine)",F,118.0,3.0,0,0.0,,,10
2026-05-06 20:52:11,"Shoulders🪨",38m,"Arsenal Strength Shoulder Press (Machine)",Rest Timer,0,0.0,0,180.0,,,
2026-05-06 20:52:11,"Shoulders🪨",38m,"Arsenal Strength Lateral Raise (Machine)",F,85.0,9.0,0,0.0,"2x8-10(F), 3 mins",,10
2026-05-06 20:52:11,"Shoulders🪨",38m,"Arsenal Strength Lateral Raise (Machine)",Rest Timer,0,0.0,0,180.0,,,
2026-05-06 20:52:11,"Shoulders🪨",38m,"Arsenal Strength Lateral Raise (Machine)",F,70.0,10.0,0,0.0,,,10
2026-05-06 20:52:11,"Shoulders🪨",38m,"Arsenal Strength Lateral Raise (Machine)",Rest Timer,0,0.0,0,180.0,,,
2026-05-06 20:52:11,"Shoulders🪨",38m,"Rear Delt Fly (Cable)",F,25.0,7.0,0,0.0,"1x8-10(F)",,10
2026-05-11 16:19:54,"Chest & Biceps🃏",55m,"Single Arm Preacher Curl (Machine)",W,10.0,10.0,0,0.0,"2x6-8(F), 3 mins","Chest: 2\nBiceps: 2",
2026-05-11 16:19:54,"Chest & Biceps🃏",55m,"Single Arm Preacher Curl (Machine)",Rest Timer,0,0.0,0,120.0,,,
2026-05-11 16:19:54,"Chest & Biceps🃏",55m,"Single Arm Preacher Curl (Machine)",F,77.5,6.0,0,0.0,,,10
2026-05-11 16:19:54,"Chest & Biceps🃏",55m,"Single Arm Preacher Curl (Machine)",Rest Timer,0,0.0,0,180.0,,,
2026-05-11 16:19:54,"Chest & Biceps🃏",55m,"Single Arm Preacher Curl (Machine)",F,70.0,6.0,0,0.0,,,10
2026-05-11 16:19:54,"Chest & Biceps🃏",55m,"Single Arm Preacher Curl (Machine)",Rest Timer,0,0.0,0,0.0,,,
2026-05-11 16:19:54,"Chest & Biceps🃏",55m,"Incline Bench Press (Smith Machine)",W,20.0,10.0,0,0.0,"2x6-8(F), 4 mins",,
2026-05-11 16:19:54,"Chest & Biceps🃏",55m,"Incline Bench Press (Smith Machine)",Rest Timer,0,0.0,0,120.0,,,
2026-05-11 16:19:54,"Chest & Biceps🃏",55m,"Incline Bench Press (Smith Machine)",W,110.0,5.0,0,0.0,,,
2026-05-11 16:19:54,"Chest & Biceps🃏",55m,"Incline Bench Press (Smith Machine)",Rest Timer,0,0.0,0,180.0,,,
2026-05-11 16:19:54,"Chest & Biceps🃏",55m,"Incline Bench Press (Smith Machine)",F,170.0,6.0,0,0.0,,,10
2026-05-11 16:19:54,"Chest & Biceps🃏",55m,"Incline Bench Press (Smith Machine)",Rest Timer,0,0.0,0,240.0,,,
2026-05-11 16:19:54,"Chest & Biceps🃏",55m,"Incline Bench Press (Smith Machine)",F,160.0,5.0,0,0.0,,,10
2026-05-11 16:19:54,"Chest & Biceps🃏",55m,"Incline Bench Press (Smith Machine)",Rest Timer,0,0.0,0,0.0,,,
2026-05-11 16:19:54,"Chest & Biceps🃏",55m,"Forearm Curl (Cable)",F,85.0,11.0,0,0.0,"2x6-8(F), 3 mins",,10
2026-05-11 16:19:54,"Chest & Biceps🃏",55m,"Arsenal Strength Chest Fly (Machine)",F,260.0,8.0,0,0.0,"2x8-10(F), 3 mins",,10
2026-05-11 16:19:54,"Chest & Biceps🃏",55m,"Arsenal Strength Chest Fly (Machine)",Rest Timer,0,0.0,0,180.0,,,
2026-05-11 16:19:54,"Chest & Biceps🃏",55m,"Arsenal Strength Chest Fly (Machine)",F,260.0,4.0,0,0.0,,,10
2026-05-11 16:19:54,"Chest & Biceps🃏",55m,"Arsenal Strength Chest Fly (Machine)",Rest Timer,0,0.0,0,0.0,,,
2026-05-12 18:58:46,"Back & Triceps✝️",48m,"Lat Pulldown - Wide Grip (Cable)",W,100.0,8.0,0,0.0,"2x6-8(F), 4 mins","Back Width: 2\nBack Thickness: 1\nTriceps: 2",
2026-05-12 18:58:46,"Back & Triceps✝️",48m,"Lat Pulldown - Wide Grip (Cable)",Rest Timer,0,0.0,0,180.0,,,
2026-05-12 18:58:46,"Back & Triceps✝️",48m,"Lat Pulldown - Wide Grip (Cable)",F,175.0,8.0,0,0.0,,,10
2026-05-12 18:58:46,"Back & Triceps✝️",48m,"Lat Pulldown - Wide Grip (Cable)",Rest Timer,0,0.0,0,240.0,,,
2026-05-12 18:58:46,"Back & Triceps✝️",48m,"Lat Pulldown - Wide Grip (Cable)",F,180.0,5.0,0,0.0,,,10
2026-05-12 18:58:46,"Back & Triceps✝️",48m,"Lat Pulldown - Wide Grip (Cable)",Rest Timer,0,0.0,0,0.0,,,
2026-05-12 18:58:46,"Back & Triceps✝️",48m,"Single Arm Tricep Extension (Cable)",W,10.0,10.0,0,0.0,"2x6-8(F), 3 mins",,
2026-05-12 18:58:46,"Back & Triceps✝️",48m,"Single Arm Tricep Extension (Cable)",Rest Timer,0,0.0,0,120.0,,,
2026-05-12 18:58:46,"Back & Triceps✝️",48m,"Single Arm Tricep Extension (Cable)",F,37.5,5.0,0,0.0,,,10
2026-05-12 18:58:46,"Back & Triceps✝️",48m,"Single Arm Tricep Extension (Cable)",Rest Timer,0,0.0,0,180.0,,,
2026-05-12 18:58:46,"Back & Triceps✝️",48m,"Single Arm Tricep Extension (Cable)",F,32.5,8.0,0,0.0,,,10
2026-05-12 18:58:46,"Back & Triceps✝️",48m,"Single Arm Tricep Extension (Cable)",Rest Timer,0,0.0,0,0.0,,,
2026-05-12 18:58:46,"Back & Triceps✝️",48m,"Kelso Shrug (Machine)",F,185.0,9.0,0,0.0,"2x6-8(F), 3 mins",,10
2026-05-12 18:58:46,"Back & Triceps✝️",48m,"Kelso Shrug (Machine)",Rest Timer,0,0.0,0,180.0,,,
2026-05-12 18:58:46,"Back & Triceps✝️",48m,"Kelso Shrug (Machine)",F,190.0,6.0,0,0.0,,,10
2026-05-12 18:58:46,"Back & Triceps✝️",48m,"Kelso Shrug (Machine)",Rest Timer,0,0.0,0,0.0,,,
2026-05-12 18:58:46,"Back & Triceps✝️",48m,"Tricep Press (Machine)",F,240.0,7.0,0,0.0,"2x6-8(F), 3 mins",,10
2026-05-12 18:58:46,"Back & Triceps✝️",48m,"Tricep Press (Machine)",Rest Timer,0,0.0,0,180.0,,,
2026-05-12 18:58:46,"Back & Triceps✝️",48m,"Tricep Press (Machine)",F,220.0,8.0,0,0.0,,,10
2026-05-12 18:58:46,"Back & Triceps✝️",48m,"Tricep Press (Machine)",Rest Timer,0,0.0,0,0.0,,,
2026-05-12 18:58:46,"Back & Triceps✝️",48m,"Arsenal Strength Reloaded Iso Multi Row",F,175.0,8.0,0,0.0,"1x6-8(F)",,10
2026-05-12 18:58:46,"Back & Triceps✝️",48m,"Arsenal Strength Reloaded Iso Multi Row",Rest Timer,0,0.0,0,0.0,,,
2026-05-13 21:13:31,"Legs 🐓 ",45m,"Romanian Deadlift (Barbell)",W,135.0,8.0,0,0.0,"1x6-8(F)","Quads: 3\nHamstring: 1\nCalves: 1",
2026-05-13 21:13:31,"Legs 🐓 ",45m,"Romanian Deadlift (Barbell)",Rest Timer,0,0.0,0,180.0,,,
2026-05-13 21:13:31,"Legs 🐓 ",45m,"Romanian Deadlift (Barbell)",F,245.0,8.0,0,0.0,,,10
2026-05-13 21:13:31,"Legs 🐓 ",45m,"Romanian Deadlift (Barbell)",Rest Timer,0,0.0,0,0.0,,,
2026-05-13 21:13:31,"Legs 🐓 ",45m,"Pendulum Squat (Machine)",W,110.0,10.0,0,0.0,"1x6-8(F), 4 mins",,
2026-05-13 21:13:31,"Legs 🐓 ",45m,"Pendulum Squat (Machine)",Rest Timer,0,0.0,0,180.0,,,
2026-05-13 21:13:31,"Legs 🐓 ",45m,"Pendulum Squat (Machine)",W,160.0,6.0,0,0.0,,,
2026-05-13 21:13:31,"Legs 🐓 ",45m,"Pendulum Squat (Machine)",Rest Timer,0,0.0,0,180.0,,,
2026-05-13 21:13:31,"Legs 🐓 ",45m,"Pendulum Squat (Machine)",F,225.0,8.0,0,0.0,,,10
2026-05-13 21:13:31,"Legs 🐓 ",45m,"Pendulum Squat (Machine)",Rest Timer,0,0.0,0,240.0,,,
2026-05-13 21:13:31,"Legs 🐓 ",45m,"Hip Adductor (Machine)",F,110.0,7.0,0,0.0,"1x8-10(F)",,10
2026-05-13 21:13:31,"Legs 🐓 ",45m,"Hip Adductor (Machine)",Rest Timer,0,0.0,0,0.0,,,
2026-05-13 21:13:31,"Legs 🐓 ",45m,"Standing Calf Raise (Machine)",F,285.0,10.0,0,0.0,"2x8-10(F), 3 mins",,10
2026-05-13 21:13:31,"Legs 🐓 ",45m,"Standing Calf Raise (Machine)",Rest Timer,0,0.0,0,180.0,,,
2026-05-13 21:13:31,"Legs 🐓 ",45m,"Standing Calf Raise (Machine)",F,290.0,7.0,0,0.0,,,10
2026-05-13 21:13:31,"Legs 🐓 ",45m,"Standing Calf Raise (Machine)",Rest Timer,0,0.0,0,0.0,,,
2026-05-13 21:13:31,"Legs 🐓 ",45m,"Single-Leg Leg Extension (Machine)",F,120.0,6.0,0,0.0,"2x6-8(F), 3 mins",,10
2026-05-13 21:13:31,"Legs 🐓 ",45m,"Single-Leg Leg Extension (Machine)",Rest Timer,0,0.0,0,180.0,,,
2026-05-13 21:13:31,"Legs 🐓 ",45m,"Single-Leg Leg Extension (Machine)",F,100.0,8.0,0,0.0,,,10
2026-05-13 21:13:31,"Legs 🐓 ",45m,"Single-Leg Leg Extension (Machine)",Rest Timer,0,0.0,0,0.0,,,
2026-05-14 20:43:37,"Shoulders🪨",43m,"Cable Crunch",F,85.0,10.0,0,0.0,"3x8-10, 3 mins","Shoulders: 3\nCore: 1",10
2026-05-14 20:43:37,"Shoulders🪨",43m,"Cable Crunch",Rest Timer,0,0.0,0,180.0,,,
2026-05-14 20:43:37,"Shoulders🪨",43m,"Cable Crunch",F,90.0,7.0,0,0.0,,,10
2026-05-14 20:43:37,"Shoulders🪨",43m,"Cable Crunch",Rest Timer,0,0.0,0,180.0,,,
2026-05-14 20:43:37,"Shoulders🪨",43m,"Cable Crunch",F,80.0,11.0,0,0.0,,,10
2026-05-14 20:43:37,"Shoulders🪨",43m,"Cable Crunch",Rest Timer,0,0.0,0,0.0,,,
2026-05-14 20:43:37,"Shoulders🪨",43m,"Arsenal Strength Shoulder Press (Machine)",W,18.0,10.0,0,0.0,"2x6-8(F), 3 mins",,
2026-05-14 20:43:37,"Shoulders🪨",43m,"Arsenal Strength Shoulder Press (Machine)",Rest Timer,0,0.0,0,120.0,,,
2026-05-14 20:43:37,"Shoulders🪨",43m,"Arsenal Strength Shoulder Press (Machine)",W,43.0,8.0,0,0.0,,,
2026-05-14 20:43:37,"Shoulders🪨",43m,"Arsenal Strength Shoulder Press (Machine)",Rest Timer,0,0.0,0,120.0,,,
2026-05-14 20:43:37,"Shoulders🪨",43m,"Arsenal Strength Shoulder Press (Machine)",F,113.0,8.0,0,0.0,,,10
2026-05-14 20:43:37,"Shoulders🪨",43m,"Arsenal Strength Shoulder Press (Machine)",Rest Timer,0,0.0,0,180.0,,,
2026-05-14 20:43:37,"Shoulders🪨",43m,"Arsenal Strength Shoulder Press (Machine)",F,118.0,8.0,0,0.0,,,10
2026-05-14 20:43:37,"Shoulders🪨",43m,"Arsenal Strength Shoulder Press (Machine)",Rest Timer,0,0.0,0,180.0,,,
2026-05-14 20:43:37,"Shoulders🪨",43m,"Arsenal Strength Lateral Raise (Machine)",F,85.0,10.0,0,0.0,"2x8-10(F), 3 mins",,10
2026-05-14 20:43:37,"Shoulders🪨",43m,"Arsenal Strength Lateral Raise (Machine)",Rest Timer,0,0.0,0,180.0,,,
2026-05-14 20:43:37,"Shoulders🪨",43m,"Arsenal Strength Lateral Raise (Machine)",F,90.0,6.0,0,0.0,,,10
2026-05-14 20:43:37,"Shoulders🪨",43m,"Arsenal Strength Lateral Raise (Machine)",Rest Timer,0,0.0,0,180.0,,,
2026-05-14 20:43:37,"Shoulders🪨",43m,"Rear Delt Fly (Cable)",F,25.0,9.0,0,0.0,"1x8-10(F)",,10
2026-05-16 21:00:20,"Chest & Biceps🃏",51m,"Single Arm Preacher Curl (Machine)",W,10.0,10.0,0,0.0,"2x6-8(F), 3 mins","Chest: 2\nBiceps: 2",
2026-05-16 21:00:20,"Chest & Biceps🃏",51m,"Single Arm Preacher Curl (Machine)",Rest Timer,0,0.0,0,120.0,,,
2026-05-16 21:00:20,"Chest & Biceps🃏",51m,"Single Arm Preacher Curl (Machine)",F,77.5,6.0,0,0.0,,,10
2026-05-16 21:00:20,"Chest & Biceps🃏",51m,"Single Arm Preacher Curl (Machine)",Rest Timer,0,0.0,0,180.0,,,
2026-05-16 21:00:20,"Chest & Biceps🃏",51m,"Single Arm Preacher Curl (Machine)",F,70.0,8.0,0,0.0,,,10
2026-05-16 21:00:20,"Chest & Biceps🃏",51m,"Single Arm Preacher Curl (Machine)",Rest Timer,0,0.0,0,0.0,,,
2026-05-16 21:00:20,"Chest & Biceps🃏",51m,"Incline Bench Press (Smith Machine)",W,20.0,10.0,0,0.0,"2x6-8(F), 4 mins",,
2026-05-16 21:00:20,"Chest & Biceps🃏",51m,"Incline Bench Press (Smith Machine)",Rest Timer,0,0.0,0,120.0,,,
2026-05-16 21:00:20,"Chest & Biceps🃏",51m,"Incline Bench Press (Smith Machine)",W,110.0,5.0,0,0.0,,,
2026-05-16 21:00:20,"Chest & Biceps🃏",51m,"Incline Bench Press (Smith Machine)",Rest Timer,0,0.0,0,180.0,,,
2026-05-16 21:00:20,"Chest & Biceps🃏",51m,"Incline Bench Press (Smith Machine)",F,170.0,6.0,0,0.0,,,10
2026-05-16 21:00:20,"Chest & Biceps🃏",51m,"Incline Bench Press (Smith Machine)",Rest Timer,0,0.0,0,240.0,,,
2026-05-16 21:00:20,"Chest & Biceps🃏",51m,"Incline Bench Press (Smith Machine)",F,160.0,6.0,0,0.0,,,10
2026-05-16 21:00:20,"Chest & Biceps🃏",51m,"Incline Bench Press (Smith Machine)",Rest Timer,0,0.0,0,0.0,,,
2026-05-16 21:00:20,"Chest & Biceps🃏",51m,"Forearm Curl (Cable)",F,90.0,7.0,0,0.0,"2x6-8(F), 3 mins",,10
2026-05-16 21:00:20,"Chest & Biceps🃏",51m,"Forearm Curl (Cable)",Rest Timer,0,0.0,0,180.0,,,
2026-05-16 21:00:20,"Chest & Biceps🃏",51m,"Forearm Curl (Cable)",F,80.0,9.0,0,0.0,,,10
2026-05-16 21:00:20,"Chest & Biceps🃏",51m,"Forearm Curl (Cable)",Rest Timer,0,0.0,0,0.0,,,
2026-05-16 21:00:20,"Chest & Biceps🃏",51m,"Arsenal Strength Chest Fly (Machine)",F,260.0,8.0,0,0.0,"2x8-10(F), 3 mins",,10
2026-05-16 21:00:20,"Chest & Biceps🃏",51m,"Arsenal Strength Chest Fly (Machine)",Rest Timer,0,0.0,0,180.0,,,
2026-05-16 21:00:20,"Chest & Biceps🃏",51m,"Arsenal Strength Chest Fly (Machine)",F,250.0,5.0,0,0.0,,,10
2026-05-16 21:00:20,"Chest & Biceps🃏",51m,"Arsenal Strength Chest Fly (Machine)",Rest Timer,0,0.0,0,0.0,,,
2026-05-17 18:46:11,"Back & Triceps✝️",49m,"Lat Pulldown - Wide Grip (Cable)",W,100.0,8.0,0,0.0,"2x6-8(F), 4 mins","Back Width: 2\nBack Thickness: 1\nTriceps: 2",
2026-05-17 18:46:11,"Back & Triceps✝️",49m,"Lat Pulldown - Wide Grip (Cable)",Rest Timer,0,0.0,0,180.0,,,
2026-05-17 18:46:11,"Back & Triceps✝️",49m,"Lat Pulldown - Wide Grip (Cable)",F,180.0,6.0,0,0.0,,,10
2026-05-17 18:46:11,"Back & Triceps✝️",49m,"Lat Pulldown - Wide Grip (Cable)",Rest Timer,0,0.0,0,240.0,,,
2026-05-17 18:46:11,"Back & Triceps✝️",49m,"Lat Pulldown - Wide Grip (Cable)",F,160.0,8.0,0,0.0,,,10
2026-05-17 18:46:11,"Back & Triceps✝️",49m,"Lat Pulldown - Wide Grip (Cable)",Rest Timer,0,0.0,0,0.0,,,
2026-05-17 18:46:11,"Back & Triceps✝️",49m,"Single Arm Tricep Extension (Cable)",W,10.0,10.0,0,0.0,"2x6-8(F), 3 mins",,
2026-05-17 18:46:11,"Back & Triceps✝️",49m,"Single Arm Tricep Extension (Cable)",Rest Timer,0,0.0,0,120.0,,,
2026-05-17 18:46:11,"Back & Triceps✝️",49m,"Single Arm Tricep Extension (Cable)",F,37.5,6.0,0,0.0,,,10
2026-05-17 18:46:11,"Back & Triceps✝️",49m,"Single Arm Tricep Extension (Cable)",Rest Timer,0,0.0,0,180.0,,,
2026-05-17 18:46:11,"Back & Triceps✝️",49m,"Single Arm Tricep Extension (Cable)",F,35.0,4.0,0,0.0,,,10
2026-05-17 18:46:11,"Back & Triceps✝️",49m,"Single Arm Tricep Extension (Cable)",Rest Timer,0,0.0,0,0.0,,,
2026-05-17 18:46:11,"Back & Triceps✝️",49m,"Kelso Shrug (Machine)",F,190.0,8.0,0,0.0,"2x6-8(F), 3 mins",,10
2026-05-17 18:46:11,"Back & Triceps✝️",49m,"Kelso Shrug (Machine)",Rest Timer,0,0.0,0,180.0,,,
2026-05-17 18:46:11,"Back & Triceps✝️",49m,"Kelso Shrug (Machine)",F,205.0,6.0,0,0.0,,,10
2026-05-17 18:46:11,"Back & Triceps✝️",49m,"Kelso Shrug (Machine)",Rest Timer,0,0.0,0,0.0,,,
2026-05-17 18:46:11,"Back & Triceps✝️",49m,"Tricep Press (Machine)",F,240.0,7.0,0,0.0,"2x6-8(F), 3 mins",,10
2026-05-17 18:46:11,"Back & Triceps✝️",49m,"Tricep Press (Machine)",Rest Timer,0,0.0,0,180.0,,,
2026-05-21 18:20:43,"Chest & Biceps🃏",50m,"Single Arm Preacher Curl (Machine)",W,10.0,10.0,0,0.0,"2x6-8(F), 3 mins","Chest: 2\nBiceps: 2",
2026-05-21 18:20:43,"Chest & Biceps🃏",50m,"Single Arm Preacher Curl (Machine)",Rest Timer,0,0.0,0,120.0,,,
2026-05-21 18:20:43,"Chest & Biceps🃏",50m,"Single Arm Preacher Curl (Machine)",F,77.5,4.0,0,0.0,,,10
2026-05-21 18:20:43,"Chest & Biceps🃏",50m,"Single Arm Preacher Curl (Machine)",Rest Timer,0,0.0,0,180.0,,,
2026-05-21 18:20:43,"Chest & Biceps🃏",50m,"Single Arm Preacher Curl (Machine)",F,75.0,6.0,0,0.0,,,10
2026-05-21 18:20:43,"Chest & Biceps🃏",50m,"Single Arm Preacher Curl (Machine)",Rest Timer,0,0.0,0,0.0,,,
2026-05-21 18:20:43,"Chest & Biceps🃏",50m,"Incline Bench Press (Smith Machine)",W,20.0,10.0,0,0.0,"2x6-8(F), 4 mins",,
2026-05-21 18:20:43,"Chest & Biceps🃏",50m,"Incline Bench Press (Smith Machine)",Rest Timer,0,0.0,0,120.0,,,
2026-05-21 18:20:43,"Chest & Biceps🃏",50m,"Incline Bench Press (Smith Machine)",W,110.0,5.0,0,0.0,,,
2026-05-21 18:20:43,"Chest & Biceps🃏",50m,"Incline Bench Press (Smith Machine)",Rest Timer,0,0.0,0,180.0,,,
2026-05-21 18:20:43,"Chest & Biceps🃏",50m,"Incline Bench Press (Smith Machine)",F,170.0,5.0,0,0.0,,,10
2026-05-21 18:20:43,"Chest & Biceps🃏",50m,"Incline Bench Press (Smith Machine)",Rest Timer,0,0.0,0,240.0,,,
2026-05-21 18:20:43,"Chest & Biceps🃏",50m,"Incline Bench Press (Smith Machine)",F,160.0,6.0,0,0.0,,,10
2026-05-21 18:20:43,"Chest & Biceps🃏",50m,"Incline Bench Press (Smith Machine)",Rest Timer,0,0.0,0,0.0,,,
2026-05-21 18:20:43,"Chest & Biceps🃏",50m,"Forearm Curl (Cable)",F,90.0,8.0,0,0.0,"2x6-8(F), 3 mins",,10
2026-05-21 18:20:43,"Chest & Biceps🃏",50m,"Forearm Curl (Cable)",Rest Timer,0,0.0,0,180.0,,,
2026-05-21 18:20:43,"Chest & Biceps🃏",50m,"Forearm Curl (Cable)",F,80.0,9.0,0,0.0,,,10
2026-05-21 18:20:43,"Chest & Biceps🃏",50m,"Forearm Curl (Cable)",Rest Timer,0,0.0,0,0.0,,,
2026-05-21 18:20:43,"Chest & Biceps🃏",50m,"Arsenal Strength Chest Fly (Machine)",F,260.0,9.0,0,0.0,"2x8-10(F), 3 mins",,10
2026-05-21 18:20:43,"Chest & Biceps🃏",50m,"Arsenal Strength Chest Fly (Machine)",Rest Timer,0,0.0,0,180.0,,,
2026-05-21 18:20:43,"Chest & Biceps🃏",50m,"Arsenal Strength Chest Fly (Machine)",F,220.0,8.0,0,0.0,,,10
2026-05-21 18:20:43,"Chest & Biceps🃏",50m,"Arsenal Strength Chest Fly (Machine)",Rest Timer,0,0.0,0,0.0,,,